Date,copper_Close,zinc_proxy_Close,usdinr_Close,crude_Close,copx_Close
2010-04-20,3.51200008392334,41.71900939941406,44.38999938964844,83.44999694824219,31.205854415893555
2010-04-21,3.532999992370605,41.90996551513672,44.400001525878906,83.68000030517578,30.71693420410156
2010-04-22,3.484499931335449,41.6815071105957,44.43999862670898,83.69999694824219,30.5468692779541
2010-04-23,3.5114998817443848,41.47178268432617,44.290000915527344,85.12000274658203,30.65316200256348
2010-04-26,3.5269999504089355,42.46578979492188,44.25,84.19999694824219,31.120819091796875
2010-04-27,3.3635001182556152,41.7718620300293,44.45000076293945,82.44000244140625,29.569034576416016
2010-04-28,3.367500066757202,41.20581817626953,44.5,83.22000122070312,29.632797241210938
2010-04-29,3.3334999084472656,41.94235610961914,44.45000076293945,85.16999816894531,29.65406036376953
2010-04-30,3.337500095367432,42.51010894775391,44.25,86.1500015258789,28.95256996154785
2010-05-03,3.2785000801086426,41.47690582275391,44.400001525878906,86.19000244140625,28.527420043945312
2010-05-04,3.164499998092652,39.800907135009766,44.54999923706055,82.73999786376953,26.69928359985352
2010-05-05,3.138000011444092,39.018333435058594,44.84999847412109,79.97000122070312,26.21036720275879
2010-05-06,3.1034998893737797,38.5068473815918,45.459999084472656,77.11000061035156,24.9561824798584
2010-05-07,3.13100004196167,36.830848693847656,45.417999267578125,75.11000061035156,24.892406463623047
2010-05-10,3.2149999141693115,38.1845932006836,44.76300048828125,76.80000305175781,26.95438003540039
2010-05-11,3.194000005722046,38.01069641113281,44.9900016784668,76.37000274658203,26.57174301147461
2010-05-12,3.1760001182556152,37.94589614868164,44.95000076293945,75.6500015258789,26.826828002929688
2010-05-13,3.219500064849853,37.8231315612793,44.93999862670898,74.4000015258789,27.01814079284668
2010-05-14,3.122999906539917,36.87007141113281,45.25,71.61000061035156,25.95527648925781
2010-05-17,2.9230000972747803,35.95960998535156,45.52799987792969,70.08000183105469,24.87114715576172
2010-05-18,3.0225000381469727,34.52913284301758,45.560001373291016,69.41000366210938,24.25468635559082
2010-05-19,2.950000047683716,32.9588623046875,46.27299880981445,69.87000274658203,23.44690322875977
2010-05-20,2.935499906539917,32.21207427978516,46.7400016784668,68.01000213623047,22.19271850585937
2010-05-21,3.051500082015991,33.10377502441406,46.917999267578125,70.04000091552734,23.531932830810547
2010-05-24,3.1364998817443848,33.34929275512695,46.810001373291016,70.20999908447266,23.44690322875977
2010-05-25,3.033499956130981,31.555667877197266,47.47999954223633,68.75,23.128042221069336
2010-05-26,3.071500062942505,31.77900695800781,47.09999847412109,71.51000213623047,23.914566040039062
2010-05-27,3.15149998664856,32.24275207519531,46.720001220703125,74.55000305175781,25.530122756958008
2010-05-28,3.0969998836517334,33.39191818237305,46.29999923706055,73.97000122070312,24.977436065673828
2010-06-01,3.053999900817871,32.1217041015625,47.08300018310547,72.58000183105469,24.594799041748047
2010-06-02,3.032000064849853,31.929044723510746,46.79999923706055,72.86000061035156,24.9561824798584
2010-06-03,2.938499927520752,33.165157318115234,46.5,74.61000061035156,24.53103256225586
2010-06-04,2.8125,32.93669128417969,46.86000061035156,71.51000213623047,23.04301071166992
2010-06-07,2.759000062942505,32.128536224365234,46.790000915527344,71.44000244140625,22.2352294921875
2010-06-08,2.7725000381469727,31.472118377685547,46.83000183105469,71.98999786376953,22.830440521240234
2010-06-09,2.8424999713897705,32.16092300415039,46.810001373291016,74.37999725341797,22.936723709106445
2010-06-10,2.8554999828338623,32.88212966918945,46.75,75.4800033569336,24.25468635559082
2010-06-11,2.899499893188477,32.904293060302734,46.75,73.77999877929688,24.23342704772949
2010-06-14,2.990000009536743,33.550479888916016,46.400001525878906,75.12000274658203,25.083721160888672
2010-06-15,3.002500057220459,33.91193389892578,46.400001525878906,76.94000244140625,25.402587890625
2010-06-16,2.99399995803833,34.566646575927734,46.40999984741211,77.66999816894531,25.466354370117188
2010-06-17,2.9024999141693115,34.47798538208008,46.09000015258789,76.79000091552734,25.019948959350582
2010-06-18,2.88100004196167,33.211181640625,46.0099983215332,77.18000030517578,25.211265563964844
2010-06-21,2.938999891281128,34.6177864074707,45.65999984741211,77.81999969482422,25.636415481567383
2010-06-22,2.990499973297119,34.191551208496094,46.02000045776367,77.20999908447266,24.977436065673828
2010-06-23,2.934000015258789,33.939208984375,46.150001525878906,76.3499984741211,24.82863426208496
2010-06-24,3.003000020980835,33.24357604980469,46.2599983215332,76.51000213623047,24.82863426208496
2010-06-25,3.0929999351501465,32.83439254760742,46.150001525878906,78.86000061035156,24.339710235595703
2010-06-28,3.06850004196167,33.514678955078125,46.09999847412109,78.25,24.23342704772949
2010-06-29,2.9154999256134038,33.044097900390625,46.40999984741211,75.94000244140625,22.745407104492188
2010-06-30,2.936000108718872,33.0577392578125,46.400001525878906,75.62999725341797,22.0864315032959
2010-07-01,2.865000009536743,32.47122573852539,46.40999984741211,72.94999694824219,22.0864315032959
2010-07-02,2.9040000438690186,32.0773811340332,46.560001373291016,72.13999938964844,22.34151840209961
2010-07-06,2.9600000381469727,32.394508361816406,46.59999847412109,71.9800033569336,22.554088592529297
2010-07-07,3.005500078201294,32.13534164428711,46.95000076293945,74.06999969482422,23.7445011138916
2010-07-08,3.006999969482422,32.4354248046875,46.650001525878906,75.44000244140625,23.72324752807617
2010-07-09,3.0445001125335693,32.812225341796875,46.52000045776367,76.08999633789062,24.72234535217285
2010-07-12,2.999500036239624,33.15321731567383,46.65999984741211,74.94999694824219,24.80738067626953
2010-07-13,3.009500026702881,33.538543701171875,46.40999984741211,77.1500015258789,25.317550659179688
2010-07-14,3.000999927520752,33.02024459838867,46.59999847412109,77.04000091552734,24.9561824798584
2010-07-15,3.005000114440918,33.2043571472168,46.45000076293945,76.62000274658203,24.573545455932617
2010-07-16,2.923500061035156,33.2640380859375,46.70000076293945,76.01000213623047,24.148393630981445
2010-07-19,2.932499885559082,33.37828063964844,46.09000015258789,76.54000091552734,24.148393630981445
2010-07-20,2.997499942779541,33.41407012939453,47.25,77.44000244140625,25.12623405456543
2010-07-21,3.086999893188477,34.426841735839844,47.06999969482422,76.55999755859375,25.508869171142575
2010-07-22,3.1605000495910645,34.56576156616211,47.040000915527344,79.30000305175781,26.57174301147461
2010-07-23,3.184999942779541,34.076942443847656,46.88999938964844,78.9800033569336,26.890600204467773
2010-07-26,3.2249999046325684,34.27933120727539,47.042999267578125,78.9800033569336,27.20946311950684
2010-07-27,3.2049999237060547,34.258758544921875,46.64799880981445,77.5,27.25197410583496
2010-07-28,3.240000009536743,34.4697151184082,46.68999862670898,76.98999786376953,27.166940689086918
2010-07-29,3.2855000495910645,34.36852264404297,46.459999084472656,78.36000061035156,27.20946311950684
2010-07-30,3.306999921798706,35.07173156738281,46.36000061035156,78.94999694824219,27.464550018310547
2010-08-02,3.384999990463257,35.91559600830078,46.0880012512207,81.33999633789062,28.272335052490234
2010-08-03,3.3550000190734863,37.028751373291016,46.12799835205078,82.55000305175781,28.272335052490234
2010-08-04,3.400500059127808,36.761173248291016,46.12799835205078,82.47000122070312,28.676225662231445
2010-08-05,3.3505001068115234,38.07499313354492,46.0,82.01000213623047,28.378623962402344
2010-08-06,3.3394999504089355,37.47125625610352,46.055999755859375,80.69999694824219,28.42112922668457
2010-08-09,3.3505001068115234,38.30140686035156,45.95800018310547,81.4800033569336,28.527420043945312
2010-08-10,3.311000108718872,39.423118591308594,46.07799911499024,80.25,27.953468322753903
2010-08-11,3.252500057220459,38.66501235961914,46.310001373291016,78.0199966430664,26.35916519165039
2010-08-12,3.282500028610229,38.30311584472656,46.59000015258789,75.73999786376953,26.23162651062012
2010-08-13,3.251499891281128,38.342559814453125,46.709999084472656,75.38999938964844,26.25288772583008
2010-08-16,3.2769999504089355,37.29803085327149,46.62799835205078,75.23999786376953,26.44419288635254
2010-08-17,3.337500095367432,37.08363342285156,46.68299865722656,75.7699966430664,27.59209251403809
2010-08-18,3.3489999771118164,37.656494140625,46.608001708984375,75.41999816894531,27.464550018310547
2010-08-19,3.317500114440918,39.00975036621094,46.53799819946289,74.43000030517578,26.7843074798584
2010-08-20,3.2909998893737797,38.5363655090332,46.358001708984375,73.45999908447266,26.401670455932617
2010-08-23,3.2915000915527344,38.61870574951172,46.608001708984375,73.0999984741211,26.44419288635254
2010-08-24,3.239500045776367,36.97214126586914,46.5629997253418,71.62999725341797,25.530122756958008
2010-08-25,3.2109999656677246,36.70457458496094,46.858001708984375,72.5199966430664,25.572641372680664
2010-08-26,3.305500030517578,36.4696044921875,46.87300109863281,73.36000061035156,25.721445083618164
2010-08-27,3.364000082015991,36.45073318481445,46.78799819946289,75.16999816894531,26.6355094909668
2010-08-30,3.4130001068115234,36.44558334350586,46.803001403808594,74.69999694824219,26.592992782592773
2010-08-31,3.361000061035156,35.893310546875,46.87300109863281,71.91999816894531,26.35916519165039
2010-09-01,3.4684998989105225,38.24651336669922,47.02799987792969,73.91000366210938,28.272335052490234
2010-09-02,3.48799991607666,37.16766357421875,46.650001525878906,75.0199966430664,28.33610725402832
2010-09-03,3.493499994277954,37.087059020996094,46.59999847412109,74.5999984741211,28.803768157958984
2010-09-07,3.463500022888184,38.00467300415039,46.51300048828125,74.08999633789062,28.44239044189453
2010-09-08,3.490499973297119,37.61532974243164,46.65999984741211,74.66999816894531,28.71873664855957
2010-09-09,3.433500051498413,37.3889274597168,46.51800155639648,74.25,28.931310653686523
2010-09-10,3.3970000743865967,37.3889274597168,46.303001403808594,76.44999694824219,29.080121994018555
2010-09-13,3.4714999198913574,37.85031127929688,46.28300094604492,77.19000244140625,30.22801399230957
2010-09-14,3.4595000743865967,37.73024368286133,46.22999954223633,76.80000305175781,30.29178237915039
2010-09-15,3.4579999446868896,37.92234420776367,46.13999938964844,76.0199966430664,30.29178237915039
2010-09-16,3.4830000400543213,36.57422256469727,46.20000076293945,74.56999969482422,30.44058990478516
2010-09-17,3.513499975204468,36.80405044555664,46.09999847412109,73.66000366210938,30.65316200256348
2010-09-20,3.496000051498413,37.3889274597168,45.87799835205078,74.86000061035156,31.26961898803711
2010-09-21,3.4744999408721924,36.72859191894531,45.619998931884766,73.5199966430664,31.057048797607425
2010-09-22,3.558500051498413,36.14714813232422,45.58000183105469,74.70999908447266,31.50345039367676
2010-09-23,3.5850000381469727,36.68571090698242,45.55799865722656,75.18000030517578,31.312131881713867
2010-09-24,3.6135001182556152,37.17795944213867,45.45000076293945,76.48999786376953,32.46003341674805
2010-09-27,3.5934998989105225,38.64271545410156,45.2400016784668,76.5199966430664,32.5238037109375
2010-09-28,3.634000062942505,38.72161483764648,44.93000030517578,76.18000030517578,32.86392974853516
2010-09-29,3.6565001010894775,37.42667007446289,45.04999923706055,77.86000061035156,32.970211029052734
2010-09-30,3.6459999084472656,37.00815963745117,44.68999862670898,79.97000122070312,32.75764083862305
2010-10-01,3.683500051498413,38.03041076660156,44.5629997253418,81.58000183105469,33.607940673828125
2010-10-04,3.6575000286102295,39.831321716308594,44.41299819946289,81.47000122070312,33.05525207519531
2010-10-05,3.7190001010894775,39.70268249511719,44.45000076293945,82.81999969482422,34.18187713623047
2010-10-06,3.746000051498413,41.97871017456055,44.400001525878906,83.2300033569336,35.010921478271484
2010-10-07,3.673500061035156,41.0096549987793,44.18999862670898,81.66999816894531,34.24565887451172
2010-10-08,3.766499996185303,40.3287239074707,44.20000076293945,82.66000366210938,35.24476623535156
2010-10-11,3.7795000076293945,41.13143539428711,44.40800094604492,82.20999908447266,35.3723030090332
2010-10-12,3.7809998989105225,41.50018310546875,44.36000061035156,81.66999816894531,35.393558502197266
2010-10-13,3.813999891281128,41.83979034423828,44.5,83.01000213623047,36.66900253295898
2010-10-14,3.809000015258789,41.820926666259766,44.34000015258789,82.69000244140625,36.5839729309082
2010-10-15,3.8345000743865967,41.50018310546875,44.06800079345703,81.25,36.4351692199707
2010-10-18,3.850500106811523,41.86551284790039,44.15800094604492,83.08000183105469,35.96750259399414
2010-10-19,3.755000114440918,42.44182205200195,44.16999816894531,79.48999786376953,34.20314407348633
2010-10-20,3.7885000705718994,42.0901985168457,44.33000183105469,81.7699966430664,35.11720657348633
2010-10-21,3.775500059127808,42.2908821105957,44.20000076293945,80.55999755859375,35.26601028442383
2010-10-22,3.7915000915527344,42.2685775756836,44.20000076293945,81.69000244140625,35.15972137451172
2010-10-25,3.8564999103546143,43.30797576904297,44.52799987792969,82.5199966430664,36.20134735107422
2010-10-26,3.8635001182556152,43.06442642211914,44.25,82.55000305175781,35.96750259399414
2010-10-27,3.7734999656677246,42.635623931884766,44.400001525878906,81.94000244140625,34.734580993652344
2010-10-28,3.785000085830689,42.44353103637695,44.41999816894531,82.18000030517578,35.15972137451172
2010-10-29,3.732000112533569,42.362911224365234,44.41999816894531,81.43000030517578,35.49984359741211
2010-11-01,3.7785000801086426,43.39544296264648,44.448001861572266,82.94999694824219,36.01002883911133
2010-11-02,3.8334999084472656,42.69565582275391,44.34000015258789,83.9000015258789,36.64774703979492
2010-11-03,3.7795000076293945,42.58760452270508,44.20000076293945,84.69000244140625,36.41390609741211
2010-11-04,3.9065001010894775,44.90478897094727,44.25,86.48999786376953,38.39085388183594
2010-11-05,3.944000005722046,44.90478897094727,44.01300048828125,86.8499984741211,39.0073127746582
2010-11-08,3.952500104904175,44.38851547241211,43.900001525878906,87.05999755859375,38.94353485107422
2010-11-09,4.039500236511231,43.48634338378906,44.29999923706055,86.72000122070312,38.30581665039063
2010-11-10,3.9660000801086426,43.8808479309082,44.18999862670898,87.80999755859375,38.49714279174805
2010-11-11,4.01800012588501,43.76763534545898,44.2599983215332,87.80999755859375,39.09234237670898
2010-11-12,3.888499975204468,42.45724487304688,44.2400016784668,84.87999725341797,37.68934631347656
2010-11-15,3.92300009727478,41.53791427612305,44.77799987792969,84.86000061035156,37.2216911315918
2010-11-16,3.723999977111816,40.48308563232422,45.11000061035156,82.33999633789062,35.56361389160156
2010-11-17,3.7284998893737793,40.48308563232422,45.18999862670898,80.44000244140625,35.8399658203125
2010-11-18,3.830499887466431,40.95305252075195,45.108001708984375,81.8499984741211,37.37049865722656
2010-11-19,3.8329999446868896,40.29270553588867,45.150001525878906,81.51000213623047,37.37049865722656
2010-11-22,3.749500036239624,40.359596252441406,45.26300048828125,81.73999786376953,37.2216911315918
2010-11-23,3.700999975204468,40.229251861572266,45.29999923706055,81.25,35.88247299194336
2010-11-24,3.755500078201294,39.74041748046875,45.540000915527344,83.86000061035156,36.7540283203125
2010-11-26,3.750999927520752,37.73710250854492,45.55799865722656,83.76000213623047,36.07379150390625
2010-11-29,3.757999897003174,38.27909851074219,45.709999084472656,85.7300033569336,35.8612174987793
2010-11-30,3.822999954223633,39.361366271972656,45.79999923706055,84.11000061035156,35.54235076904297
2010-12-01,3.946000099182129,40.56884765625,45.77000045776367,86.75,37.09415054321289
2010-12-02,3.9769999980926514,41.1811637878418,45.22999954223633,88.0,38.17828369140625
2010-12-03,3.994999885559082,41.00278472900391,45.130001068115234,89.19000244140625,38.66719055175781
2010-12-06,4.004000186920166,39.990840911865234,44.91299819946289,89.37999725341797,39.24114227294922
2010-12-07,4.044000148773193,39.98055267333984,44.810001373291016,88.69000244140625,40.00641632080078
2010-12-08,4.0945000648498535,40.47108459472656,44.5,88.27999877929688,39.368690490722656
2010-12-09,4.081500053405762,39.628936767578125,45.0,88.37000274658203,39.70881271362305
2010-12-10,4.105000019073486,39.35449981689453,45.04999923706055,87.79000091552734,40.41029739379883
2010-12-13,4.19950008392334,40.07315826416016,44.95000076293945,88.61000061035156,41.1543083190918
2010-12-14,4.201499938964844,41.297794342041016,44.90999984741211,88.27999877929688,41.218074798583984
2010-12-15,4.126500129699707,41.34925079345703,44.90999984741211,88.62000274658203,40.304012298583984
2010-12-16,4.110499858856201,41.91183090209961,45.25,87.69999694824219,39.92138671875
2010-12-17,4.152999877929688,41.91183090209961,45.25,88.0199966430664,40.17646789550781
2010-12-20,4.200500011444092,41.79004287719727,45.167999267578125,88.80999755859375,40.2402458190918
2010-12-21,4.270500183105469,43.23936080932617,45.2599983215332,89.81999969482422,40.792930603027344
2010-12-22,4.269000053405762,43.9614486694336,45.18000030517578,90.4800033569336,40.96299743652344
2010-12-23,4.251999855041504,43.947731018066406,44.95000076293945,91.51000213623048,40.96299743652344
2010-12-27,4.275000095367432,43.542945861816406,45.0099983215332,91.0,40.75041961669922
2010-12-28,4.323999881744385,43.53780364990234,45.09999847412109,91.48999786376952,41.813289642333984
2010-12-29,4.309000015258789,45.57714080810547,44.95000076293945,91.12000274658205,41.926490783691406
2010-12-30,4.356500148773193,45.94761276245117,44.91999816894531,89.83999633789062,41.99056625366211
2010-12-31,4.439499855041504,46.94927597045898,44.810001373291016,91.37999725341795,42.503173828125
2011-01-03,4.451499938964844,47.36261367797852,44.81800079345703,91.5500030517578,43.29343032836914
2011-01-04,4.363500118255615,46.83778381347656,44.61000061035156,89.37999725341797,42.35365676879883
2011-01-05,4.401500225067139,46.53247833251953,44.900001525878906,90.3000030517578,41.86241149902344
2011-01-06,4.321000099182129,46.6954231262207,45.209999084472656,88.37999725341797,41.43524169921875
2011-01-07,4.272500038146973,46.25807189941406,45.18000030517578,88.02999877929688,40.96535873413086
2011-01-10,4.254499912261963,45.90644836425781,45.358001708984375,89.25,40.75177764892578
2011-01-11,4.339000225067139,47.05905151367188,45.310001373291016,91.11000061035156,41.86241149902344
2011-01-12,4.401999950408936,48.62670516967773,45.09799957275391,91.86000061035156,43.1652717590332
2011-01-13,4.367000102996826,46.8635139465332,44.90999984741211,91.4000015258789,43.01576614379883
2011-01-14,4.403500080108643,46.32151794433594,44.959999084472656,91.54000091552734,43.07984161376953
2011-01-18,4.418499946594238,46.34381103515625,45.43999862670898,91.37999725341795,43.763309478759766
2011-01-19,4.360000133514404,45.93561172485352,45.31999969482422,90.86000061035156,42.88761520385742
2011-01-20,4.262499809265137,45.87728118896485,45.29999923706055,88.86000061035156,41.2003059387207
2011-01-21,4.300000190734863,45.90644836425781,45.77799987792969,89.11000061035156,41.00807571411133
2011-01-24,4.34149980545044,47.07275772094727,45.5880012512207,87.87000274658203,41.26437759399414
2011-01-25,4.218999862670898,46.8360710144043,45.45000076293945,86.19000244140625,40.623626708984375
2011-01-26,4.260499954223633,46.8360710144043,45.61000061035156,87.33000183105469,41.47796249389648
2011-01-27,4.330999851226807,45.04199981689453,45.45000076293945,85.63999938964844,41.45660400390625
2011-01-28,4.365499973297119,43.355987548828125,45.6879997253418,89.33999633789062,40.303253173828125
2011-01-31,4.451000213623047,43.13302993774414,45.8380012512207,92.19000244140624,40.75177764892578
2011-02-01,4.539999961853027,42.53443908691406,45.79999923706055,90.7699966430664,42.56724166870117
2011-02-02,4.533999919891357,43.59440612792969,45.40999984741211,90.86000061035156,43.07984161376953
2011-02-03,4.534999847412109,44.37309265136719,45.45000076293945,90.54000091552734,43.48565673828125
2011-02-04,4.571000099182129,43.764198303222656,45.560001373291016,89.02999877929688,43.59244155883789
2011-02-07,4.567500114440918,43.45546722412109,45.608001708984375,87.4800033569336,43.87009811401367
2011-02-08,4.567999839782715,42.08505630493164,45.310001373291016,86.94000244140625,43.78467178344727
2011-02-09,4.519499778747559,41.609954833984375,45.150001525878906,86.70999908447266,42.69539260864258
2011-02-10,4.537000179290772,41.8174934387207,45.34999847412109,86.7300033569336,42.289581298828125
2011-02-11,4.531000137329102,42.5018424987793,45.630001068115234,85.58000183105469,42.609962463378906
2011-02-14,4.623000144958496,44.13639831542969,45.608001708984375,84.80999755859375,43.25070571899414
2011-02-15,4.531499862670898,43.52751159667969,45.34999847412109,84.31999969482422,42.63131713867188
2011-02-16,4.466000080108643,43.74705123901367,45.40999984741211,84.98999786376953,43.05847930908203
2011-02-17,4.480000019073486,44.0952377319336,45.310001373291016,86.36000061035156,42.43909454345703
2011-02-18,4.478499889373779,43.82080459594727,45.209999084472656,86.19999694824219,41.77698516845703
2011-02-22,4.3454999923706055,43.64072036743164,44.917999267578125,93.56999969482422,39.769287109375
2011-02-23,4.273499965667725,43.988887786865234,45.150001525878906,98.0999984741211,39.34211349487305
2011-02-24,4.326499938964844,43.63042068481445,45.04999923706055,97.27999877929688,39.53435134887695
2011-02-25,4.435999870300293,43.37143707275391,45.400001525878906,97.87999725341795,40.68770599365234
2011-02-28,4.478000164031982,43.42117691040039,45.25,96.97000122070312,41.64882659912109
2011-03-01,4.490499973297119,44.87735366821289,45.09999847412109,99.62999725341795,41.22166061401367
2011-03-02,4.480000019073486,44.87735366821289,44.83000183105469,102.2300033569336,41.43524169921875
2011-03-03,4.474999904632568,44.87390899658203,44.810001373291016,101.91000366210938,42.20414352416992
2011-03-04,4.4720001220703125,46.07796478271485,44.84999847412109,104.41999816894533,41.84105682373047
2011-03-07,4.313000202178955,44.8687744140625,44.90299987792969,105.44000244140624,40.73042678833008
2011-03-08,4.324999809265137,46.53247833251953,44.970001220703125,105.0199966430664,40.43141174316406
2011-03-09,4.19950008392334,46.00078582763672,44.900001525878906,104.37999725341795,39.47027206420898
2011-03-10,4.184500217437744,45.12604904174805,44.869998931884766,102.6999969482422,37.76161193847656
2011-03-11,4.195000171661377,43.97687911987305,45.11000061035156,101.16000366210938,38.4877815246582
2011-03-14,4.173500061035156,44.35422134399414,45.23799896240234,101.19000244140624,38.188777923583984
2011-03-15,4.125,44.35422134399414,44.95000076293945,97.18000030517578,37.67618179321289
2011-03-16,4.186999797821045,44.78301239013672,45.15999984741211,97.9800033569336,36.928619384765625
2011-03-17,4.335999965667725,44.14840698242188,45.02000045776367,101.41999816894533,38.55187225341797
2011-03-18,4.329500198364258,43.27365493774414,45.04999923706055,101.06999969482422,39.1285285949707
2011-03-21,4.2754998207092285,43.35942840576172,44.99800109863281,102.33000183105467,39.64114761352539
2011-03-22,4.303500175476074,43.94258499145508,44.90999984741211,104.0,39.2139778137207
2011-03-23,4.418499946594238,44.457122802734375,44.84999847412109,105.75,40.5595588684082
2011-03-24,4.414000034332275,45.67490005493164,44.75,105.5999984741211,40.96535873413086
2011-03-25,4.4085001945495605,47.4072265625,44.59999847412109,105.4000015258789,40.47411346435547
2011-03-28,4.340499877929688,46.99557876586914,44.69300079345703,103.9800033569336,40.303253173828125
2011-03-29,4.337500095367432,48.67644119262695,44.70000076293945,104.79000091552734,40.4100456237793
2011-03-30,4.265999794006348,47.28715133666992,44.65999984741211,104.2699966430664,41.02943801879883
2011-03-31,4.300000190734863,47.27000045776367,44.61000061035156,106.72000122070312,41.43524169921875
2011-04-01,4.251500129699707,46.53247833251953,44.45000076293945,107.94000244140624,41.79834747314453
2011-04-04,4.246500015258789,47.99037551879883,44.448001861572266,108.47000122070312,43.29343032836914
2011-04-05,4.257999897003174,48.04181671142578,44.31800079345703,108.33999633789062,44.06232452392578
2011-04-06,4.363500118255615,47.14995193481445,44.29999923706055,108.83000183105467,44.29726791381836
2011-04-07,4.408999919891357,47.801719665527344,44.04999923706055,110.3000030517578,44.06232452392578
2011-04-08,4.494999885559082,49.29389953613281,44.09999847412109,112.79000091552734,44.23318862915039
2011-04-11,4.453499794006348,50.16863632202149,44.0629997253418,109.91999816894533,43.65651321411133
2011-04-12,4.377500057220459,50.16863632202149,44.2599983215332,106.25,42.26821517944336
2011-04-13,4.28849983215332,49.84275817871094,44.1879997253418,107.11000061035156,41.79834747314453
2011-04-14,4.2795000076293945,49.84275817871094,44.41999816894531,108.11000061035156,41.69154357910156
2011-04-15,4.252999782562256,49.20814514160156,44.41999816894531,109.66000366210938,41.392520904541016
2011-04-18,4.193999767303467,50.2886962890625,44.27299880981445,107.12000274658205,40.08967208862305
2011-04-19,4.224999904632568,49.4482536315918,44.36000061035156,108.1500015258789,40.94400787353516
2011-04-20,4.33650016784668,50.511680603027344,44.40999984741211,111.4499969482422,42.18279266357422
2011-04-21,4.3979997634887695,52.10678863525391,44.2599983215332,112.29000091552734,42.86626052856445
2011-04-25,4.301000118255615,51.540771484375,44.26800155639648,112.27999877929688,43.272064208984375
2011-04-26,4.31850004196167,51.36924743652344,44.40999984741211,112.20999908447266,43.01576614379883
2011-04-27,4.228499889373779,50.2886962890625,44.40999984741211,112.76000213623048,43.01576614379883
2011-04-28,4.244999885559082,49.431114196777344,44.33000183105469,112.86000061035156,43.01576614379883
2011-04-29,4.165500164031982,48.847957611083984,44.29999923706055,113.93000030517578,43.464298248291016
2011-05-02,4.182499885559082,47.92176818847656,44.24800109863281,113.5199966430664,43.18663024902344
2011-05-03,4.239999771118164,46.53247833251953,44.220001220703125,111.0500030517578,42.01192474365234
2011-05-04,4.120500087738037,45.89786911010742,44.40999984741211,109.23999786376952,41.17893981933594
2011-05-05,3.98550009727478,45.469085693359375,44.31999969482422,99.8000030517578,39.87608337402344
2011-05-06,3.963500022888184,44.628662109375,44.70000076293945,97.18000030517578,40.23918151855469
2011-05-09,4.004000186920166,46.27521133422852,44.72299957275391,102.5500030517578,41.13623046875
2011-05-10,4.0295000076293945,46.32666397094727,44.61000061035156,103.87999725341795,41.093505859375
2011-05-11,3.901999950408936,46.652530670166016,44.61000061035156,98.20999908447266,39.512996673583984
2011-05-12,3.9605000019073486,44.7658576965332,44.58000183105469,98.97000122070312,39.38484191894531
2011-05-13,3.974999904632568,44.93737411499024,44.709999084472656,99.6500015258789,39.17125701904297
2011-05-16,3.983000040054321,44.31991195678711,44.858001708984375,97.37000274658205,39.14990234375
2011-05-17,3.990999937057495,45.12604904174805,44.959999084472656,96.91000366210938,39.36348342895508
2011-05-18,4.099500179290772,45.58913803100586,45.0099983215332,100.0999984741211,40.58091354370117
2011-05-19,4.046999931335449,46.80691146850586,44.959999084472656,98.44000244140624,40.32460784912109
2011-05-20,4.11899995803833,46.1551399230957,44.84999847412109,99.48999786376952,40.32460784912109
2011-05-23,3.990000009536743,44.43997573852539,44.99300003051758,97.6999969482422,39.36348342895508
2011-05-24,4.012499809265137,44.61149597167969,45.150001525878906,99.58999633789062,39.57706451416016
2011-05-25,4.102000236511231,44.59434509277344,45.15999984741211,101.31999969482422,40.260536193847656
2011-05-26,4.10699987411499,44.25131607055664,45.22999954223633,100.2300033569336,40.23918151855469
2011-05-27,4.179500102996826,46.03508758544922,45.18999862670898,100.58999633789062,40.70906448364258
2011-05-31,4.173500061035156,47.52728271484375,45.08300018310547,102.6999969482422,41.30710220336914
2011-06-01,4.103000164031982,47.04704284667969,44.959999084472656,100.29000091552734,40.15374374389648
2011-06-02,4.08050012588501,45.64059066772461,44.7599983215332,100.4000015258789,40.21781539916992
2011-06-03,4.130000114440918,45.38332748413086,44.7599983215332,100.22000122070312,39.897438049316406
2011-06-06,4.13700008392334,45.64059066772461,44.823001861572266,99.01000213623048,38.76544952392578
2011-06-07,4.144499778747559,45.64059066772461,44.66999816894531,99.08999633789062,39.14990234375
2011-06-08,4.105000019073486,46.1551399230957,44.61000061035156,100.73999786376952,38.274208068847656
2011-06-09,4.103499889373779,46.06938934326172,44.65999984741211,101.93000030517578,39.0858268737793
2011-06-10,4.052000045776367,46.00078582763672,44.59999847412109,99.29000091552734,37.91111755371094
2011-06-13,4.0304999351501465,46.32666397094727,44.72299957275391,97.3000030517578,37.88975143432617
2011-06-14,4.15399980545044,46.2237434387207,44.79999923706055,99.37000274658205,38.80816268920898
2011-06-15,4.121500015258789,46.00078582763672,44.73899841308594,94.80999755859376,37.334434509277344
2011-06-16,4.117499828338623,45.74157333374024,44.709999084472656,94.9499969482422,36.50146484375
2011-06-17,4.103000164031982,44.94667053222656,44.79999923706055,93.01000213623048,36.97133255004883
2011-06-20,4.074999809265137,44.96396255493164,44.76300048828125,93.26000213623048,36.94999313354492
2011-06-21,4.089499950408936,45.01578903198242,44.869998931884766,93.4000015258789,38.188777923583984
2011-06-22,4.090000152587891,44.86026763916016,44.7599983215332,95.41000366210938,37.91111755371094
2011-06-23,4.040999889373779,44.63561630249024,44.75,91.0199966430664,37.54802703857422
2011-06-24,4.098499774932861,45.37868881225586,44.84999847412109,91.16000366210938,37.20628356933594
2011-06-27,4.051499843597412,45.93165588378906,44.98799896240234,90.61000061035156,37.313087463378906
2011-06-28,4.0920000076293945,45.96622467041016,44.95000076293945,92.88999938964844,38.38099670410156
2011-06-29,4.209499835968018,46.96849060058594,44.93999862670898,94.7699966430664,39.85472869873047
2011-06-30,4.271999835968018,47.17585372924805,44.7599983215332,95.41999816894533,40.79449462890625
2011-07-01,4.291999816894531,47.17585372924805,44.59299850463867,94.94000244140624,41.0507926940918
2011-07-05,4.339000225067139,47.3140983581543,44.41999816894531,96.88999938964844,41.392520904541016
2011-07-06,4.326499938964844,46.98577499389648,44.34000015258789,96.6500015258789,41.07215118408203
2011-07-07,4.432000160217285,47.3140983581543,44.33000183105469,98.66999816894533,41.947845458984375
2011-07-08,4.402500152587891,45.3095588684082,44.33000183105469,96.1999969482422,41.7556266784668
2011-07-11,4.358500003814697,45.3095588684082,44.41299819946289,95.1500015258789,40.111026763916016
2011-07-12,4.381499767303467,44.96396255493164,44.34999847412109,97.43000030517578,40.111026763916016
2011-07-13,4.394499778747559,45.897098541259766,44.560001373291016,98.0500030517578,41.49932098388672
2011-07-14,4.372000217437744,46.329132080078125,44.45000076293945,95.69000244140624,40.94400787353516
2011-07-15,4.40500020980835,46.22542572021485,44.400001525878906,97.23999786376952,41.47796249389648
2011-07-18,4.395999908447266,46.208152770996094,44.507999420166016,95.93000030517578,40.85857009887695
2011-07-19,4.4604997634887695,47.36594772338867,44.5,97.5,41.90512847900391
2011-07-20,4.428500175476074,47.38322067260742,44.369998931884766,98.13999938964844,42.588600158691406
2011-07-21,4.377500057220459,47.711551666259766,44.369998931884766,99.12999725341795,42.52451705932617
2011-07-22,4.4045000076293945,49.353214263916016,44.29999923706055,99.87000274658205,42.588600158691406
2011-07-25,4.401500225067139,49.7679328918457,44.34299850463867,99.1999969482422,42.4177360534668
2011-07-26,4.473999977111816,49.819766998291016,44.310001373291016,99.58999633789062,42.67403411865234
2011-07-27,4.440499782562256,49.57785415649414,44.04999923706055,97.4000015258789,41.64882659912109
2011-07-28,4.464499950408936,49.04215240478516,44.02999877929688,97.44000244140624,41.69154357910156
2011-07-29,4.473999977111816,49.26681137084961,44.0099983215332,95.6999969482422,41.45660400390625
2011-08-01,4.40399980545044,47.98805236816406,44.20299911499024,94.88999938964844,41.22166061401367
2011-08-02,4.388999938964844,47.84979248046875,44.0629997253418,93.79000091552734,39.662506103515625
2011-08-03,4.320000171661377,46.605613708496094,44.26300048828125,91.93000030517578,38.91495513916016
2011-08-04,4.230999946594238,46.22542572021485,44.3129997253418,86.62999725341797,35.36946487426758
2011-08-05,4.11299991607666,44.912105560302734,44.5629997253418,86.87999725341797,34.79278564453125
2011-08-08,3.9574999809265137,43.58150863647461,44.733001708984375,81.30999755859375,31.375452041625977
2011-08-09,3.9670000076293945,42.8211669921875,45.00299835205078,79.30000305175781,33.72488021850586
2011-08-10,3.885499954223633,42.40642547607422,45.20299911499024,82.88999938964844,32.42201614379883
2011-08-11,4.004499912261963,42.90757369995117,45.24800109863281,85.72000122070312,34.42969512939453
2011-08-12,4.009500026702881,43.477821350097656,45.292999267578125,85.37999725341797,34.493770599365234
2011-08-15,4.031499862670898,43.477821350097656,45.39300155639648,87.87999725341797,35.7111930847168
2011-08-16,3.99399995803833,42.49283599853516,45.233001708984375,86.6500015258789,34.55785369873047
2011-08-17,4.02899980545044,42.51011657714844,45.25299835205078,87.58000183105469,35.19860076904297
2011-08-18,3.964499950408936,42.57923126220703,45.303001403808594,82.37999725341797,33.2763557434082
2011-08-19,3.982500076293945,43.02853393554688,45.709999084472656,82.26000213623047,32.357940673828125
2011-08-22,3.9560000896453857,44.06536483764648,45.66299819946289,84.12000274658203,32.016197204589844
2011-08-23,3.994499921798706,43.44326400756836,45.61000061035156,85.44000244140625,33.639442443847656
2011-08-24,3.996999979019165,42.49283599853516,45.540000915527344,85.16000366210938,33.53263854980469
2011-08-25,4.078999996185303,42.35457992553711,45.93999862670898,85.30000305175781,33.21227264404297
2011-08-26,4.098999977111816,40.78205871582031,46.0099983215332,85.37000274658203,34.06660842895508
2011-08-29,4.089000225067139,42.49283599853516,46.15299987792969,87.2699966430664,35.39082336425781
2011-08-30,4.123000144958496,44.94667053222656,45.84999847412109,88.9000015258789,35.43354797363281
2011-08-31,4.186999797821045,44.94667053222656,45.93999862670898,88.80999755859375,36.373313903808594
2011-09-01,4.142499923706055,44.94667053222656,45.7400016784668,88.93000030517578,35.83935546875
2011-09-02,4.10699987411499,45.74157333374024,45.70000076293945,86.44999694824219,34.70735168457031
2011-09-06,4.039500236511231,43.96168518066406,45.98400115966797,86.0199966430664,33.93846130371094
2011-09-07,4.115499973297119,44.34185791015625,46.040000915527344,89.33999633789062,35.26267623901367
2011-09-08,4.127999782562256,44.92938995361328,46.040000915527344,89.05000305175781,34.68600082397461
2011-09-09,3.987499952316284,44.53193664550781,46.130001068115234,87.23999786376953,33.34042739868164
2011-09-12,3.950500011444092,43.96168518066406,46.64300155639648,88.19000244140625,32.4433708190918
2011-09-13,3.9560000896453857,44.048072814941406,47.15999984741211,90.20999908447266,32.89189147949219
2011-09-14,3.884999990463257,45.49965286254883,47.459999084472656,88.91000366210938,32.65694808959961
2011-09-15,3.944999933242798,45.91437911987305,47.560001373291016,89.4000015258789,33.40449523925781
2011-09-16,3.920000076293945,46.104454040527344,47.5,87.95999908447266,33.38313674926758
2011-09-19,3.7715001106262207,45.41324234008789,47.16999816894531,85.69999694824219,31.503602981567383
2011-09-20,3.7165000438690186,46.48463821411133,47.72299957275391,86.88999938964844,30.649263381958008
2011-09-21,3.753499984741211,45.62060546875,47.90999984741211,85.91999816894531,28.62022399902344
2011-09-22,3.4804999828338623,43.75431823730469,48.209999084472656,80.51000213623047,25.73684501647949
2011-09-23,3.2720000743865967,43.51237869262695,49.47299957275391,79.8499984741211,25.779560089111328
2011-09-26,3.275000095367432,41.12767028808594,49.34299850463867,80.23999786376953,25.90770721435547
2011-09-27,3.429500102996826,41.47328186035156,49.400001525878906,84.44999694824219,27.360076904296875
2011-09-28,3.236000061035156,41.81889343261719,48.810001373291016,81.20999908447266,25.84363174438477
2011-09-29,3.236999988555908,41.76704788208008,48.75,82.13999938964844,25.651411056518555
2011-09-30,3.1449999809265137,41.05855941772461,48.86000061035156,79.19999694824219,24.71163749694824
2011-10-03,3.140000104904175,38.93304443359375,49.04999923706055,77.61000061035156,23.152477264404297
2011-10-04,3.094500064849853,38.55287551879883,49.09999847412109,75.66999816894531,24.006816864013672
2011-10-05,3.0975000858306885,39.07128143310547,49.303001403808594,79.68000030517578,25.373750686645508
2011-10-06,3.239000082015991,39.07128143310547,49.150001525878906,82.58999633789062,26.99698638916016
2011-10-07,3.2664999961853027,40.81661987304688,49.040000915527344,82.9800033569336,26.762041091918945
2011-10-10,3.361999988555908,41.21406936645508,48.89300155639648,85.41000366210938,27.95810890197754
2011-10-11,3.2874999046325684,40.52285385131836,48.8129997253418,85.80999755859375,28.08626365661621
2011-10-12,3.390500068664551,41.0412712097168,49.23799896240234,85.56999969482422,29.1755428314209
2011-10-13,3.302500009536743,41.31776428222656,48.90999984741211,84.2300033569336,28.727012634277344
2011-10-14,3.4049999713897705,41.64609146118164,49.20000076293945,86.80000305175781,29.70949935913086
2011-10-17,3.373500108718872,42.21634292602539,48.89300155639648,86.37999725341797,28.19304847717285
2011-10-18,3.3554999828338623,41.00671005249024,48.900001525878906,88.33999633789062,29.090106964111328
2011-10-19,3.253999948501587,41.95713806152344,49.2400016784668,86.11000061035156,27.787250518798828
2011-10-20,3.054500102996826,41.64609146118164,49.0099983215332,85.30000305175781,27.44551086425781
2011-10-21,3.219000101089477,41.45600128173828,49.86000061035156,87.4000015258789,28.64158058166504
2011-10-24,3.447000026702881,41.853458404541016,49.823001861572266,91.2699966430664,30.627901077270508
2011-10-25,3.4189999103546143,42.29088973999024,49.54999923706055,93.16999816894533,29.645421981811523
2011-10-26,3.48799991607666,42.29088973999024,49.40999984741211,90.1999969482422,30.649263381958008
2011-10-27,3.688999891281128,42.29088973999024,49.36000061035156,93.95999908447266,33.297706604003906
2011-10-28,3.70199990272522,44.75800704956055,49.790000915527344,93.31999969482422,33.639442443847656
2011-10-31,3.628999948501587,43.953125,48.62799835205078,93.19000244140624,31.58903312683105
2011-11-01,3.498500108718872,42.098419189453125,48.67300033569336,92.19000244140624,29.94444465637207
2011-11-02,3.5785000324249268,42.72831344604492,49.257999420166016,92.51000213623048,31.119155883789062
2011-11-03,3.5845000743865967,42.93828582763672,49.12300109863281,94.06999969482422,32.14435195922852
2011-11-04,3.562999963760376,43.11325073242188,49.04800033569336,94.26000213623048,31.994844436645508
2011-11-07,3.532999992370605,43.11325073242188,48.99300003051758,95.5199966430664,31.994844436645508
2011-11-08,3.532000064849853,42.7633171081543,48.90999984741211,96.8000030517578,32.63560104370117
2011-11-09,3.438999891281128,42.22089385986328,49.310001373291016,95.73999786376952,30.30753517150879
2011-11-10,3.372499942779541,42.22089385986328,50.04999923706055,97.77999877929688,30.32888603210449
2011-11-11,3.461999893188477,41.22355651855469,49.959999084472656,98.98999786376952,31.14051055908203
2011-11-14,3.4855000972747803,40.82111358642578,50.03300094604492,98.13999938964844,30.627901077270508
2011-11-15,3.499000072479248,40.8911018371582,50.36800003051758,99.37000274658205,30.691984176635746
2011-11-16,3.4820001125335693,40.593658447265625,50.62300109863281,102.58999633789062,29.730854034423828
2011-11-17,3.381999969482422,38.21402740478516,50.70299911499024,98.81999969482422,28.598865509033203
2011-11-18,3.4019999504089355,38.861427307128906,50.948001861572266,97.41000366210938,28.428001403808597
2011-11-21,3.299000024795532,38.84392166137695,51.22800064086914,96.91999816894533,27.082426071166992
2011-11-22,3.3304998874664307,39.59630584716797,52.05799865722656,98.01000213623048,27.296003341674805
2011-11-23,3.2774999141693115,38.58146286010742,52.483001708984375,96.16999816894533,26.16400718688965
2011-11-25,3.2679998874664307,39.59630584716797,52.0629997253418,96.7699966430664,26.24944877624512
2011-11-28,3.3585000038146973,40.8911018371582,52.22800064086914,98.20999908447266,27.616374969482425
2011-11-29,3.375999927520752,40.47117233276367,51.94300079345703,99.79000091552734,28.23576545715332
2011-11-30,3.562999963760376,41.69598388671875,51.90299987792969,100.36000061035156,30.200733184814453
2011-12-01,3.5220000743865967,43.953125,51.72999954223633,100.1999969482422,30.200733184814453
2011-12-02,3.572499990463257,44.058101654052734,51.29999923706055,100.95999908447266,29.923084259033203
2011-12-05,3.6040000915527344,44.60051345825195,51.10300064086914,100.98999786376952,30.585189819335938
2011-12-06,3.565500020980835,44.60051345825195,51.20000076293945,101.27999877929688,31.65310859680176
2011-12-07,3.5450000762939453,43.90063095092773,51.20000076293945,100.48999786376952,31.823974609375
2011-12-08,3.489500045776367,43.4282112121582,51.59999847412109,98.33999633789062,30.499755859375
2011-12-09,3.546999931335449,43.32322692871094,51.70000076293945,99.41000366210938,31.311376571655277
2011-12-12,3.4544999599456787,42.465858459472656,51.86800003051758,97.7699966430664,29.98715591430664
2011-12-13,3.432499885559082,42.71081161499024,52.650001525878906,100.13999938964844,29.090106964111328
2011-12-14,3.2709999084472656,41.783470153808594,53.09999847412109,94.9499969482422,28.214412689208984
2011-12-15,3.259500026702881,40.99609375,53.709999084472656,93.87000274658205,28.15033531188965
2011-12-16,3.3239998817443848,40.97859191894531,53.209999084472656,93.52999877929688,28.4920711517334
2011-12-19,3.3010001182556152,41.5734977722168,52.49300003051758,93.87999725341795,27.91539192199707
2011-12-20,3.36299991607666,41.08356857299805,52.70000076293945,97.22000122070312,29.06874656677246
2011-12-21,3.388999938964844,42.255889892578125,52.709999084472656,98.66999816894533,29.260974884033203
2011-12-22,3.4089999198913574,42.88578796386719,52.39300155639648,99.52999877929688,29.62407112121582
2011-12-23,3.463500022888184,42.74580764770508,52.5099983215332,99.68000030517578,29.901723861694336
2011-12-27,3.4040000438690186,43.32322692871094,52.70000076293945,101.33999633789062,29.559988021850582
2011-12-28,3.359999895095825,41.69598388671875,52.84999847412109,99.36000061035156,28.63666534423828
2011-12-29,3.365499973297119,41.31104278564453,52.86000061035156,99.6500015258789,29.230884552001957
2011-12-30,3.43149995803833,41.88844680786133,53.0,98.83000183105467,29.345165252685547
2012-01-03,3.525000095367432,41.94094467163086,53.29800033569336,102.95999908447266,30.87640380859375
2012-01-04,3.429500102996826,43.21824264526367,53.04999923706055,103.22000122070312,31.104949951171875
2012-01-05,3.422499895095825,42.95578384399414,52.84999847412109,101.80999755859376,30.739280700683597
2012-01-06,3.430999994277954,43.2707405090332,52.7599983215332,101.55999755859376,30.44217109680176
2012-01-09,3.4124999046325684,43.23573303222656,52.67300033569336,101.30999755859376,30.28218650817871
2012-01-10,3.509999990463257,43.81314086914063,52.380001068115234,102.23999786376952,31.242074966430664
2012-01-11,3.5415000915527344,44.16309356689453,51.59999847412109,100.87000274658205,31.242074966430664
2012-01-12,3.6440000534057617,43.93562698364258,51.75,99.0999984741211,32.06483840942383
2012-01-13,3.631999969482422,44.42554473876953,51.45000076293945,98.6999969482422,31.79058837890625
2012-01-17,3.7260000705718994,45.0904426574707,51.380001068115234,100.70999908447266,32.33910369873047
2012-01-18,3.746999979019165,42.88578796386719,50.650001525878906,100.58999633789062,33.29899215698242
2012-01-19,3.797499895095825,44.19808578491211,50.36000061035156,100.38999938964844,33.66465377807617
2012-01-20,3.740999937057495,44.37306213378906,50.303001403808594,98.45999908447266,33.527523040771484
2012-01-23,3.794500112533569,44.04061508178711,50.22299957275391,99.58000183105467,33.82463836669922
2012-01-24,3.803999900817871,45.0904426574707,49.84000015258789,98.9499969482422,33.481815338134766
2012-01-25,3.825000047683716,45.0379638671875,50.0,99.4000015258789,34.464561462402344
2012-01-26,3.8970000743865967,45.0379638671875,50.0,99.6999969482422,34.715965270996094
2012-01-27,3.883500099182129,46.85766220092773,52.49300003051758,99.55999755859376,34.78452682495117
2012-01-30,3.822000026702881,46.35023880004883,49.38800048828125,98.77999877929688,33.80178451538086
2012-01-31,3.787499904632568,47.34759140014648,52.49300003051758,98.4800033569336,34.1903076171875
2012-02-01,3.838500022888184,47.994998931884766,49.5,97.61000061035156,34.921653747558594
2012-02-02,3.776999950408936,49.32478332519531,49.0099983215332,96.36000061035156,35.33303451538086
2012-02-03,3.8970000743865967,49.77972030639648,49.0,97.83999633789062,36.06436920166016
2012-02-06,3.858999967575073,50.9520378112793,48.65299987792969,96.91000366210938,35.63014221191406
2012-02-07,3.872499942779541,48.65988540649414,49.053001403808594,98.41000366210938,34.921653747558594
2012-02-08,3.9059998989105225,48.834869384765625,49.042999267578125,98.70999908447266,34.96736145019531
2012-02-09,3.974499940872192,51.14449691772461,49.14799880981445,99.83999633789062,35.35588836669922
2012-02-10,3.859499931335449,50.847049713134766,49.48799896240234,98.66999816894533,34.23601531982422
2012-02-13,3.836999893188477,50.05967330932617,49.35300064086914,100.91000366210938,34.48741912841797
2012-02-14,3.811500072479248,49.83221054077149,49.1879997253418,100.73999786376952,33.82463836669922
2012-02-15,3.79800009727478,50.007171630859375,49.358001708984375,101.8000030517578,33.64179992675781
2012-02-16,3.788000106811523,50.497100830078125,49.28300094604492,102.30999755859376,34.00747299194336
2012-02-17,3.704999923706055,49.65723037719727,49.28300094604492,103.23999786376952,34.00747299194336
2012-02-21,3.8334999084472656,49.81471633911133,49.14799880981445,105.83999633789062,34.76166534423828
2012-02-22,3.829999923706055,48.53739547729492,49.303001403808594,106.27999877929688,34.67025375366211
2012-02-23,3.804500102996826,46.77019500732422,49.21799850463867,107.83000183105467,34.85308837890625
2012-02-24,3.862499952316284,47.41758728027344,49.09299850463867,109.7699966430664,35.15019989013672
2012-02-27,3.880000114440918,47.45257186889648,49.007999420166016,108.55999755859376,34.693111419677734
2012-02-28,3.911999940872192,49.55224990844727,49.17300033569336,106.5500030517578,35.08162307739258
2012-02-29,3.870500087738037,50.829551696777344,49.06800079345703,107.06999969482422,34.67025375366211
2012-03-01,3.924499988555908,49.56974029541016,49.00299835205078,108.83999633789062,34.921653747558594
2012-03-02,3.8954999446868896,49.46476745605469,49.198001861572266,106.6999969482422,34.327430725097656
2012-03-05,3.8524999618530273,47.62754821777344,49.51800155639648,106.72000122070312,33.09328842163086
2012-03-06,3.7309999465942383,46.14027786254883,49.83300018310547,104.6999969482422,31.79058837890625
2012-03-07,3.760499954223633,44.65300750732422,50.358001708984375,106.16000366210938,32.133399963378906
2012-03-08,3.78600001335144,44.65300750732422,50.27799987792969,106.58000183105467,33.00186920166016
2012-03-09,3.8524999618530273,46.15778732299805,50.073001861572266,107.4000015258789,33.09328842163086
2012-03-12,3.8315000534057617,45.87781524658203,49.75299835205078,106.33999633789062,32.52192687988281
2012-03-13,3.8965001106262207,46.96265411376953,49.96799850463867,106.70999908447266,33.230411529541016
2012-03-14,3.8420000076293945,44.75800704956055,49.83000183105469,105.43000030517578,32.45336151123047
2012-03-15,3.891999959945679,45.3004035949707,49.90800094604492,105.11000061035156,32.59048843383789
2012-03-16,3.874000072479248,45.31790542602539,50.37799835205078,107.05999755859376,32.75047302246094
2012-03-19,3.9059998989105225,45.12544250488281,50.132999420166016,108.08999633789062,33.04758834838867
2012-03-20,3.828000068664551,45.895320892333984,50.22800064086914,105.61000061035156,32.270538330078125
2012-03-21,3.849499940872192,45.5628776550293,50.38800048828125,107.2699966430664,32.133399963378906
2012-03-22,3.767499923706055,44.93296051025391,50.62799835205078,105.3499984741211,31.264942169189453
2012-03-23,3.809499979019165,45.230411529541016,51.119998931884766,106.87000274658205,31.67631721496582
2012-03-26,3.885499954223633,43.34071350097656,51.167999267578125,107.02999877929688,32.041988372802734
2012-03-27,3.878999948501587,43.28822708129883,51.02299880981445,107.33000183105467,31.97342109680176
2012-03-28,3.786999940872192,44.18059539794922,50.678001403808594,105.41000366210938,30.944976806640625
2012-03-29,3.7939999103546143,44.39055633544922,50.77299880981445,102.77999877929688,30.85355567932129
2012-03-30,3.8239998817443848,46.31526184082031,51.3380012512207,103.0199966430664,31.173511505126957
2012-04-02,3.9184999465942383,46.33274841308594,50.86800003051758,105.2300033569336,31.83629608154297
2012-04-03,3.9154999256134033,45.26542282104492,50.86800003051758,104.01000213623048,31.356353759765625
2012-04-04,3.785500049591065,44.84548568725586,50.25,101.47000122070312,30.44217109680176
2012-04-05,3.7915000915527344,44.84548568725586,51.108001708984375,103.30999755859376,30.739280700683597
2012-04-09,3.7160000801086426,43.84814453125,51.03300094604492,102.45999908447266,30.236478805541992
2012-04-10,3.6459999084472656,44.84548568725586,51.04999923706055,101.0199966430664,29.779394149780277
2012-04-11,3.635999917984009,44.61802291870117,51.47299957275391,102.6999969482422,30.05364799499512
2012-04-12,3.7165000438690186,44.16309356689453,51.45800018310547,103.63999938964844,31.356353759765625
2012-04-13,3.622999906539917,43.2707405090332,51.22800064086914,102.83000183105467,30.7164306640625
2012-04-16,3.624000072479248,42.90328598022461,51.542999267578125,102.93000030517578,30.350759506225582
2012-04-17,3.6440000534057617,43.93562698364258,51.667999267578125,104.1999969482422,30.922107696533203
2012-04-18,3.628000020980835,43.77816009521485,51.46799850463867,102.66999816894533,30.944976806640625
2012-04-19,3.626499891281128,44.12809753417969,51.78799819946289,102.2699966430664,30.87640380859375
2012-04-20,3.696000099182129,44.14558410644531,52.13800048828125,103.0500030517578,31.104949951171875
2012-04-23,3.622999906539917,43.97061538696289,52.06800079345703,103.11000061035156,30.09935569763184
2012-04-24,3.671499967575073,43.953125,52.49800109863281,103.5500030517578,30.236478805541992
2012-04-25,3.700500011444092,44.16309356689453,52.67300033569336,104.12000274658205,30.87640380859375
2012-04-26,3.767999887466431,44.21558380126953,52.53799819946289,104.5500030517578,31.104949951171875
2012-04-27,3.819999933242798,44.04061508178711,52.40299987792969,104.93000030517578,31.539196014404297
2012-04-30,3.8334999084472656,44.67051696777344,52.53799819946289,104.87000274658205,31.15066337585449
2012-05-01,3.839999914169312,44.67051696777344,52.65800094604492,106.16000366210938,31.447769165039062
2012-05-02,3.785500049591065,44.39055633544922,52.52999877929688,105.22000122070312,30.99068260192871
2012-05-03,3.733500003814697,44.28556442260742,52.95800018310547,102.54000091552734,30.32789802551269
2012-05-04,3.723999977111816,43.46321105957031,53.40800094604492,98.48999786376952,29.345165252685547
2012-05-07,3.777499914169312,43.55068588256836,53.46799850463867,97.94000244140624,29.0937557220459
2012-05-08,3.685499906539917,43.07826232910156,52.90299987792969,97.01000213623048,28.248146057128903
2012-05-09,3.669500112533569,42.22089385986328,53.11800003051758,96.80999755859376,27.81390190124512
2012-05-10,3.691499948501587,42.27337646484375,53.81800079345703,97.08000183105467,27.882469177246094
2012-05-11,3.6484999656677246,41.608489990234375,53.25299835205078,96.12999725341795,27.562503814697266
2012-05-14,3.556999921798706,42.255889892578125,53.62799835205078,94.77999877929688,26.465496063232425
2012-05-15,3.5220000743865967,41.76596450805664,53.95800018310547,93.9800033569336,25.437042236328125
2012-05-16,3.484999895095825,41.13605880737305,53.78799819946289,92.80999755859376,25.50560760498047
2012-05-17,3.4795000553131104,40.73363876342773,54.48799896240234,92.55999755859376,25.139928817749023
2012-05-18,3.469500064849853,40.66364288330078,54.46799850463867,91.4800033569336,24.95709609985352
2012-05-21,3.503999948501587,40.64613723754883,54.417999267578125,92.56999969482422,25.711292266845703
2012-05-22,3.487499952316284,40.17372131347656,55.02799987792969,91.66000366210938,25.45989227294922
2012-05-23,3.3980000019073486,40.36618423461914,55.38800048828125,89.9000015258789,25.414182662963867
2012-05-24,3.428999900817871,40.57615661621094,55.99300003051758,90.66000366210938,25.345623016357425
2012-05-25,3.447999954223633,40.87360382080078,55.560001373291016,90.86000061035156,25.071365356445312
2012-05-29,3.463500022888184,41.69598388671875,55.36800003051758,90.76000213623048,25.98555374145508
2012-05-30,3.3864998817443848,41.06608200073242,55.667999267578125,87.81999969482422,25.139928817749023
2012-05-31,3.362499952316284,40.97859191894531,56.22800064086914,86.52999877929688,24.84282875061035
2012-06-01,3.309999942779541,40.85610961914063,56.07799911499024,83.2300033569336,24.31717109680176
2012-06-04,3.303999900817871,40.64613723754883,55.53799819946289,83.9800033569336,24.31717109680176
2012-06-05,3.2885000705718994,40.31368637084961,55.64799880981445,84.29000091552734,24.774259567260746
2012-06-06,3.378999948501587,41.74847412109375,55.63800048828125,85.0199966430664,25.87127494812012
2012-06-07,3.369499921798706,41.66098403930664,55.358001708984375,84.81999969482422,25.84842109680176
2012-06-08,3.283499956130981,41.27604293823242,54.9379997253418,84.0999984741211,25.68844223022461
2012-06-11,3.345000028610229,40.99609375,55.417999267578125,82.69999694824219,25.048519134521484
2012-06-12,3.3340001106262207,41.32853317260742,55.65800094604492,83.31999969482422,25.185646057128903
2012-06-13,3.3399999141693115,41.27604293823242,55.79800033569336,82.62000274658203,25.071365356445312
2012-06-14,3.3540000915527344,41.22355651855469,55.678001403808594,83.91000366210938,25.27705764770508
2012-06-15,3.384999990463257,41.013580322265625,55.79800033569336,84.02999877929688,25.68844223022461
2012-06-18,3.3959999084472656,40.31368637084961,55.38800048828125,83.2699966430664,26.054105758666992
2012-06-19,3.432499885559082,40.82111358642578,55.90299987792969,84.02999877929688,26.80830955505371
2012-06-20,3.3864998817443848,42.62333679199219,55.948001861572266,81.80000305175781,26.4426383972168
2012-06-21,3.2950000762939453,41.94094467163086,56.14799880981445,78.19999694824219,25.16278648376465
2012-06-22,3.305000066757202,41.45101547241211,56.29800033569336,79.76000213623047,25.254199981689453
2012-06-25,3.313999891281128,41.41601943969727,57.11800003051758,79.20999908447266,24.52286529541016
2012-06-26,3.315500020980835,40.97859191894531,57.007999420166016,79.36000061035156,24.47715187072754
2012-06-27,3.3464999198913574,41.468509674072266,57.007999420166016,80.20999908447266,24.5000114440918
2012-06-28,3.325999975204468,41.60955810546875,56.84999847412109,77.69000244140625,24.042919158935547
2012-06-29,3.490000009536743,43.49610137939453,56.79800033569336,84.95999908447266,25.45989227294922
2012-07-02,3.4649999141693115,43.14347839355469,55.50299835205078,83.75,25.345623016357425
2012-07-03,3.5344998836517334,43.05531311035156,55.428001403808594,87.66000366210938,26.351221084594727
2012-07-05,3.48799991607666,44.09556579589844,54.47800064086914,87.22000122070312,26.37407493591309
2012-07-06,3.4045000076293945,43.90161895751953,54.9379997253418,84.44999694824219,25.551315307617188
2012-07-09,3.4260001182556152,41.92693328857422,55.40299987792969,85.98999786376953,25.185646057128903
2012-07-10,3.3929998874664307,42.80847930908203,55.84299850463867,83.91000366210938,24.682846069335938
2012-07-11,3.443000078201294,42.15613555908203,55.38800048828125,85.80999755859375,24.61427497863769
2012-07-12,3.4114999771118164,41.83878326416016,55.61800003051758,86.08000183105469,24.020065307617188
2012-07-13,3.500499963760376,41.52140426635742,55.928001403808594,87.0999984741211,24.774259567260746
2012-07-16,3.4809999465942383,41.87402725219727,55.13800048828125,88.43000030517578,24.61427497863769
2012-07-17,3.453000068664551,41.97982025146485,55.04800033569336,89.22000122070312,24.454294204711918
2012-07-18,3.4730000495910645,41.60955810546875,55.09799957275391,89.87000274658203,24.728551864624023
2012-07-19,3.5339999198913574,41.962188720703125,55.3129997253418,92.66000366210938,25.437042236328125
2012-07-20,3.448499917984009,42.244285583496094,55.11800003051758,91.44000244140624,24.88853454589844
2012-07-23,3.381500005722046,40.957218170166016,55.31800079345703,88.13999938964844,24.020065307617188
2012-07-24,3.3529999256134038,41.25693893432617,55.9630012512207,88.5,23.72295379638672
2012-07-25,3.375,41.02772903442383,56.108001708984375,88.97000122070312,23.74581527709961
2012-07-26,3.3940000534057617,40.30486679077149,56.15800094604492,89.38999938964844,24.5000114440918
2012-07-27,3.4260001182556152,41.309837341308594,55.51800155639648,90.12999725341795,25.29991149902344
2012-07-30,3.414999961853028,42.4734992980957,55.24800109863281,89.77999877929688,25.322769165039062
2012-07-31,3.4195001125335693,42.08560562133789,55.42300033569336,88.05999755859375,25.071365356445312
2012-08-01,3.376499891281128,41.82114028930664,55.64799880981445,88.91000366210938,25.139928817749023
2012-08-02,3.2925000190734863,41.962188720703125,55.46799850463867,87.12999725341797,24.70570182800293
2012-08-03,3.371000051498413,41.64482116699219,55.8380012512207,91.4000015258789,25.57416343688965
2012-08-06,3.3929998874664307,41.85639953613281,55.74800109863281,92.1999969482422,26.00840187072754
2012-08-07,3.444999933242798,41.9974479675293,55.51800155639648,93.66999816894533,26.30551147460937
2012-08-08,3.427500009536743,42.12086868286133,55.0629997253418,93.3499984741211,26.511199951171875
2012-08-09,3.437000036239624,42.4734992980957,55.417999267578125,93.36000061035156,26.69403648376465
2012-08-10,3.4089999198913574,43.88398742675781,55.26800155639648,92.87000274658205,26.899721145629883
2012-08-13,3.3585000038146973,44.37765884399414,55.27799987792969,92.7300033569336,26.396936416625977
2012-08-14,3.359499931335449,44.11319351196289,55.3380012512207,93.43000030517578,26.14552879333496
2012-08-15,3.3515000343322754,44.11319351196289,55.64799880981445,94.33000183105467,25.9169864654541
2012-08-16,3.385999917984009,43.090579986572266,55.64799880981445,95.5999984741211,26.5340576171875
2012-08-17,3.421999931335449,43.778202056884766,55.61800003051758,96.01000213623048,26.716896057128903
2012-08-20,3.373500108718872,43.778202056884766,55.72800064086914,95.97000122070312,26.48834800720215
2012-08-21,3.4565000534057617,46.70497512817383,55.49800109863281,96.68000030517578,26.80830955505371
2012-08-22,3.4600000381469727,46.03498458862305,55.36299896240234,97.26000213623048,26.876873016357425
2012-08-23,3.496000051498413,46.75786209106445,55.49300003051758,96.2699966430664,26.78545379638672
2012-08-24,3.48799991607666,45.80577850341797,55.257999420166016,96.1500015258789,26.73974227905273
2012-08-27,3.484499931335449,45.71762847900391,55.49800109863281,95.47000122070312,26.511199951171875
2012-08-28,3.470000028610229,43.76056289672852,55.6879997253418,96.33000183105467,26.5340576171875
2012-08-29,3.462500095367432,43.39031982421875,55.66299819946289,95.48999786376952,26.0312557220459
2012-08-30,3.440500020980835,43.65477752685547,55.62300109863281,94.62000274658205,25.437042236328125
2012-08-31,3.4539999961853027,43.49610137939453,55.62799835205078,96.47000122070312,26.054105758666992
2012-09-04,3.4684998989105225,45.18869018554688,55.52799987792969,95.3000030517578,26.07697105407715
2012-09-05,3.532000064849853,44.43054962158203,55.64799880981445,95.36000061035156,25.84842109680176
2012-09-06,3.5234999656677246,44.34239196777344,55.90299987792969,95.52999877929688,26.854019165039062
2012-09-07,3.6559998989105225,45.5589485168457,55.65800094604492,96.41999816894533,28.659528732299805
2012-09-10,3.700000047683716,45.91157150268555,55.358001708984375,96.54000091552734,28.4766845703125
2012-09-11,3.714499950408936,45.38263320922852,55.4379997253418,97.16999816894533,28.63666534423828
2012-09-12,3.7100000381469727,46.68734359741211,55.3380012512207,97.01000213623048,28.865209579467773
2012-09-13,3.7269999980926514,46.17604446411133,55.20800018310547,98.30999755859376,29.779394149780277
2012-09-14,3.8515000343322754,48.18598556518555,55.417999267578125,99.0,30.99068260192871
2012-09-17,3.809999942779541,48.59151458740234,54.29800033569336,96.62000274658205,30.190771102905277
2012-09-18,3.802500009536743,47.32205581665039,54.007999420166016,95.29000091552734,30.05364799499512
2012-09-19,3.828999996185303,47.32205581665039,54.01800155639648,91.9800033569336,30.48787879943848
2012-09-20,3.7725000381469727,45.6823616027832,54.01800155639648,91.87000274658205,29.779394149780277
2012-09-21,3.803499937057495,46.563926696777344,54.257999420166016,92.88999938964844,29.66512107849121
2012-09-24,3.745500087738037,46.52865982055664,53.358001708984375,91.93000030517578,29.345165252685547
2012-09-25,3.7734999656677246,46.19366836547852,53.46799850463867,91.37000274658205,28.819503784179688
2012-09-26,3.71399998664856,46.81076049804688,53.358001708984375,89.9800033569336,28.40811920166016
2012-09-27,3.747999906539917,45.98208618164063,53.507999420166016,91.8499984741211,29.16231918334961
2012-09-28,3.7730000019073486,47.95677947998047,53.007999420166016,92.19000244140624,28.933773040771484
2012-10-01,3.7929999828338623,47.374961853027344,52.84799957275391,92.4800033569336,29.16231918334961
2012-10-02,3.806999921798706,47.374961853027344,52.39799880981445,91.88999938964844,29.07090377807617
2012-10-03,3.7939999103546143,48.15073394775391,52.39799880981445,88.13999938964844,29.0937557220459
2012-10-04,3.7939999103546143,48.34467697143555,52.15299987792969,91.70999908447266,29.345165252685547
2012-10-05,3.78600001335144,48.00967788696289,51.73799896240234,89.87999725341797,29.619421005249023
2012-10-08,3.7269999980926514,46.63444519042969,51.90800094604492,89.33000183105469,29.345165252685547
2012-10-09,3.7290000915527344,47.95677947998047,52.63800048828125,92.38999938964844,29.11661529541016
2012-10-10,3.7290000915527344,47.463111877441406,52.71799850463867,91.25,28.865209579467773
2012-10-11,3.759000062942505,48.30941390991211,53.042999267578125,92.06999969482422,29.299448013305664
2012-10-12,3.714499950408936,48.18598556518555,52.667999267578125,91.86000061035156,29.04804992675781
2012-10-15,3.7114999294281006,47.56890487670898,52.803001403808594,91.8499984741211,29.025196075439453
2012-10-16,3.7079999446868896,46.59918212890625,53.01300048828125,92.08999633789062,29.573701858520508
2012-10-17,3.752500057220459,47.72758865356445,52.86800003051758,92.12000274658205,30.30504035949707
2012-10-18,3.746999979019165,47.55127716064453,52.86800003051758,92.0999984741211,30.350759506225582
2012-10-19,3.6484999656677246,47.33970260620117,53.40800094604492,90.05000305175781,29.893665313720703
2012-10-22,3.625499963760376,47.022342681884766,53.8380012512207,88.7300033569336,29.893665313720703
2012-10-23,3.575999975204468,47.00448989868164,53.46799850463867,86.66999816894531,29.36801147460937
2012-10-24,3.575999975204468,47.00448989868164,53.71799850463867,85.7300033569336,29.505142211914062
2012-10-25,3.564500093460083,47.20078659057617,53.733001708984375,86.05000305175781,29.573701858520508
2012-10-26,3.563499927520752,47.20078659057617,53.54800033569336,86.27999877929688,29.48228645324707
2012-10-31,3.5269999504089355,47.789676666259766,53.95800018310547,86.23999786376953,29.550844192504883
2012-11-01,3.555000066757202,48.396427154541016,53.87799835205078,87.08999633789062,30.07650184631348
2012-11-02,3.4830000400543213,48.87824249267578,53.65299987792969,84.86000061035156,30.145065307617188
2012-11-05,3.470499992370605,49.02101135253906,53.80799865722656,85.6500015258789,30.396459579467773
2012-11-06,3.50600004196167,49.931114196777344,54.5880012512207,88.70999908447266,30.7164306640625
2012-11-07,3.443000078201294,49.64559555053711,54.417999267578125,84.44000244140625,29.93937873840332
2012-11-08,3.470499992370605,49.07455062866211,54.198001861572266,85.08999633789062,29.48228645324707
2012-11-09,3.44950008392334,48.985313415527344,54.358001708984375,86.06999969482422,29.390872955322266
2012-11-12,3.4730000495910645,48.449951171875,54.5880012512207,85.56999969482422,29.322301864624023
2012-11-13,3.4730000495910645,48.449951171875,54.87799835205078,85.37999725341797,28.659528732299805
2012-11-14,3.4554998874664307,48.449951171875,54.87799835205078,86.31999969482422,27.81390190124512
2012-11-15,3.4644999504089355,47.52199172973633,54.803001403808594,85.44999694824219,27.69963264465332
2012-11-16,3.4535000324249268,48.18227767944336,54.698001861572266,86.66999816894531,27.768199920654297
2012-11-19,3.5274999141693115,47.84321594238281,55.15800094604492,89.27999877929688,28.4766845703125
2012-11-20,3.515000104904175,48.07521057128906,55.05799865722656,86.75,28.40811920166016
2012-11-21,3.496000051498413,48.14659118652344,55.09799957275391,87.37999725341797,28.45383071899414
2012-11-23,3.5274999141693115,46.89741897583008,55.20800018310547,88.27999877929688,29.16231918334961
2012-11-26,3.5360000133514404,49.23514175415039,55.44300079345703,87.73999786376953,29.04804992675781
2012-11-27,3.5364999771118164,48.52133560180664,55.63600158691406,87.18000030517578,28.819503784179688
2012-11-28,3.5220000743865967,48.52133560180664,55.448001861572266,86.48999786376953,29.276592254638672
2012-11-29,3.588500022888184,49.2173080444336,55.70299911499024,88.06999969482422,29.64225578308105
2012-11-30,3.629499912261963,49.752662658691406,54.8380012512207,88.91000366210938,29.527996063232425
2012-12-03,3.640000104904175,50.55569076538086,54.257999420166016,89.08999633789062,29.687976837158203
2012-12-04,3.633500099182129,50.28801345825195,54.76800155639648,88.5,29.48228645324707
2012-12-05,3.6670000553131104,49.395751953125,54.67300033569336,87.87999725341797,29.687976837158203
2012-12-06,3.627000093460083,49.5742073059082,54.53799819946289,86.26000213623047,29.596559524536133
2012-12-07,3.6475000381469727,49.52066802978516,54.132999420166016,85.93000030517578,29.573701858520508
2012-12-10,3.690500020980835,49.2173080444336,54.3380012512207,85.55999755859375,30.16791343688965
2012-12-11,3.671000003814697,49.64559555053711,54.48799896240234,85.79000091552734,30.213623046875
2012-12-12,3.700000047683716,49.02101135253906,54.257999420166016,86.7699966430664,30.419322967529297
2012-12-13,3.6445000171661377,48.753326416015625,54.31800079345703,85.88999938964844,30.09935569763184
2012-12-14,3.6649999618530273,50.930458068847656,54.45800018310547,86.7300033569336,30.647863388061523
2012-12-17,3.6489999294281006,50.94829559326172,54.4379997253418,87.19999694824219,30.693578720092773
2012-12-18,3.6364998817443848,49.55636215209961,54.84799957275391,87.93000030517578,30.647863388061523
2012-12-19,3.595000028610229,49.27083587646485,54.84799957275391,89.51000213623047,30.807846069335938
2012-12-20,3.525000095367432,48.985313415527344,54.54800033569336,90.12999725341795,30.602155685424805
2012-12-21,3.555500030517578,49.52066802978516,54.84799957275391,88.66000366210938,30.07650184631348
2012-12-24,3.5339999198913574,49.18162155151367,55.05799865722656,88.61000061035156,30.05364799499512
2012-12-26,3.5829999446868896,48.78901290893555,55.007999420166016,90.9800033569336,30.007936477661133
2012-12-27,3.5899999141693115,48.23580932617188,54.8380012512207,90.87000274658205,30.21583366394043
2012-12-28,3.577500104904175,48.71762466430664,54.94200134277344,90.8000030517578,30.121337890625
2012-12-31,3.641000032424927,48.57487106323242,54.75299835205078,91.81999969482422,30.759201049804688
2013-01-02,3.724499940872192,49.25299072265625,54.678001403808594,93.12000274658205,32.10580825805664
2013-01-03,3.701499938964844,50.69845199584961,54.34799957275391,92.91999816894533,31.916797637939453
2013-01-04,3.678499937057495,49.91328048706055,54.49800109863281,93.08999633789062,32.153053283691406
2013-01-07,3.663000106811523,50.46648406982422,54.880001068115234,93.19000244140624,32.483795166015625
2013-01-08,3.6570000648498535,50.32371520996094,55.21799850463867,93.1500015258789,32.17667007446289
2013-01-09,3.6565001010894775,49.53852081298828,54.98799896240234,93.0999984741211,32.3892936706543
2013-01-10,3.694499969482422,48.68193054199219,54.74800109863281,93.81999969482422,32.885406494140625
2013-01-11,3.63949990272522,47.91460418701172,54.55799865722656,93.55999755859376,32.554664611816406
2013-01-14,3.619499921798706,48.21797180175781,54.86800003051758,94.13999938964844,32.3892936706543
2013-01-15,3.622999906539917,48.41426467895508,54.49300003051758,93.27999877929688,32.29479217529297
2013-01-16,3.5910000801086426,47.34355163574219,54.61299896240234,94.23999786376952,31.845928192138672
2013-01-17,3.6470000743865967,47.07586669921875,54.6879997253418,95.48999786376952,32.01130294799805
2013-01-18,3.6635000705718994,46.344215393066406,54.34799957275391,95.55999755859376,31.8931827545166
2013-01-22,3.690999984741211,46.93310546875,53.76800155639648,96.23999786376952,31.964046478271484
2013-01-23,3.671000003814697,45.30918884277344,53.80799865722656,95.2300033569336,31.86955070495605
2013-01-24,3.6644999980926514,44.880897521972656,53.667999267578125,95.9499969482422,31.538818359375
2013-01-25,3.63949990272522,46.02300262451172,53.678001403808594,95.87999725341795,31.231691360473636
2013-01-28,3.6489999294281006,45.5054817199707,53.792999267578125,96.44000244140624,30.85369110107422
2013-01-29,3.677500009536743,45.57686614990234,53.90800094604492,97.56999969482422,31.137189865112305
2013-01-30,3.740000009536743,45.55902099609375,53.757999420166016,97.94000244140624,30.90094947814941
2013-01-31,3.72350001335144,45.84454727172852,53.303001403808594,97.48999786376952,30.97182273864746
2013-02-01,3.775500059127808,45.791011810302734,53.2130012512207,97.7699966430664,31.444320678710938
2013-02-04,3.758500099182129,45.27350234985352,53.16299819946289,96.16999816894533,30.90094947814941
2013-02-05,3.7614998817443848,45.36270904541016,53.28300094604492,96.63999938964844,31.08994483947754
2013-02-06,3.733500003814697,45.21995162963867,53.132999420166016,96.62000274658205,31.208066940307617
2013-02-07,3.7200000286102295,44.63106918334961,53.15299987792969,95.83000183105467,30.97182273864746
2013-02-08,3.753499984741211,44.18493270874024,53.21799850463867,95.72000122070312,31.160818099975582
2013-02-11,3.7179999351501465,44.11354446411133,53.5880012512207,97.02999877929688,30.830078125
2013-02-12,3.736500024795532,44.57752990722656,53.95800018310547,97.51000213623048,30.759201049804688
2013-02-13,3.733999967575073,43.93509292602539,53.84799957275391,97.01000213623048,30.830078125
2013-02-14,3.7300000190734863,43.93509292602539,53.81800079345703,97.30999755859376,30.711952209472656
2013-02-15,3.7309999465942383,43.63173294067383,53.917999267578125,95.86000061035156,30.475706100463867
2013-02-19,3.6445000171661377,43.68526840209961,54.178001403808594,96.66000366210938,29.93233108520508
2013-02-20,3.6054999828338623,43.720951080322266,54.16299819946289,94.45999908447266,28.89286422729492
2013-02-21,3.55049991607666,42.50747299194336,54.06800079345703,92.83999633789062,28.23137092590332
2013-02-22,3.5299999713897705,42.25764465332031,54.46799850463867,93.12999725341795,28.56211280822754
2013-02-25,3.5409998893737797,41.525978088378906,54.27299880981445,93.11000061035156,28.136869430541992
2013-02-26,3.566499948501587,41.66874694824219,53.86299896240234,92.62999725341795,28.207746505737305
2013-02-27,3.5450000762939453,42.864383697509766,54.0880012512207,92.76000213623048,28.42036437988281
2013-02-28,3.5274999141693115,40.95493316650391,53.858001708984375,92.0500030517578,28.136869430541992
2013-03-01,3.4814999103546143,42.13273239135742,54.36299896240234,90.68000030517578,27.80611991882324
2013-03-04,3.4830000400543213,40.99062728881836,54.89799880981445,90.12000274658205,27.239137649536133
2013-03-05,3.496500015258789,41.02631378173828,54.858001708984375,90.81999969482422,27.499006271362305
2013-03-06,3.4739999771118164,42.90007781982422,54.917999267578125,90.43000030517578,27.853376388549805
2013-03-07,3.501499891281128,42.70377731323242,54.7130012512207,91.55999755859376,27.947874069213867
2013-03-08,3.491499900817871,42.91792297363281,54.55799865722656,91.9499969482422,28.136869430541992
2013-03-11,3.5,42.668087005615234,54.34299850463867,92.05999755859376,28.089618682861328
2013-03-12,3.5380001068115234,42.97145462036133,54.40800094604492,92.54000091552734,28.37312126159668
2013-03-13,3.509500026702881,42.41824722290039,54.141998291015625,92.5199966430664,27.9951229095459
2013-03-14,3.5234999656677246,42.98930358886719,54.36299896240234,93.02999877929688,28.16049575805664
2013-03-15,3.507999897003174,42.52532196044922,54.35300064086914,93.4499969482422,28.27861785888672
2013-03-18,3.4170000553131104,41.79366302490234,54.02299880981445,93.73999786376952,27.853376388549805
2013-03-19,3.3954999446868896,41.329689025878906,54.073001861572266,92.16000366210938,27.239137649536133
2013-03-20,3.435499906539917,41.09769821166992,54.36800003051758,92.95999908447266,27.47538375854492
2013-03-21,3.4230000972747803,40.83001708984375,54.34999847412109,92.4499969482422,27.1918888092041
2013-03-22,3.4539999961853027,40.598026275634766,54.27799987792969,93.70999908447266,27.31001281738281
2013-03-25,3.434999942779541,41.329689025878906,54.34299850463867,94.80999755859376,26.790271759033203
2013-03-26,3.432499885559082,41.633060455322266,54.167999267578125,96.33999633789062,26.813888549804688
2013-03-27,3.434999942779541,41.633060455322266,54.36299896240234,96.58000183105467,26.813888549804688
2013-03-28,3.3949999809265137,43.29266357421875,54.38800048828125,97.2300033569336,27.02651596069336
2013-04-01,3.367500066757202,42.81085586547852,54.27799987792969,97.06999969482422,26.43589973449707
2013-04-02,3.371999979019165,42.95361328125,54.25,97.19000244140624,26.081531524658203
2013-04-03,3.325500011444092,42.54316711425781,54.42300033569336,94.4499969482422,25.420040130615234
2013-04-04,3.345499992370605,41.68659591674805,54.428001403808594,93.26000213623048,25.750791549682617
2013-04-05,3.3399999141693115,41.6509017944336,54.882999420166016,92.6999969482422,25.987030029296875
2013-04-08,3.368000030517578,41.36537551879883,54.803001403808594,93.36000061035156,26.057907104492188
2013-04-09,3.437999963760376,41.88288879394531,54.55799865722656,94.1999969482422,26.93201446533203
2013-04-10,3.4140000343322754,42.11487579345703,54.57799911499024,94.63999938964844,26.813888549804688
2013-04-11,3.427999973297119,41.329689025878906,54.51300048828125,93.51000213623048,26.743019104003903
2013-04-12,3.3489999771118164,41.74011993408203,54.29800033569336,91.29000091552734,26.24690818786621
2013-04-15,3.2799999713897705,40.276817321777344,54.51300048828125,88.70999908447266,23.95531845092773
2013-04-16,3.30649995803833,38.52797317504883,54.542999267578125,88.72000122070312,24.522310256958008
2013-04-17,3.187999963760376,39.22394943237305,54.14799880981445,86.68000030517578,23.08121490478516
2013-04-18,3.2044999599456787,39.22394943237305,54.20800018310547,87.7300033569336,23.222959518432617
2013-04-19,3.15149998664856,39.22394943237305,54.02299880981445,88.01000213623047,23.97894859313965
2013-04-22,3.131999969482422,40.13404846191406,53.93299865722656,88.76000213623047,23.57732963562012
2013-04-23,3.094000101089477,40.65156555175781,54.13800048828125,89.18000030517578,23.411954879760746
2013-04-24,3.157999992370605,40.65156555175781,54.37799835205078,91.43000030517578,24.451435089111328
2013-04-25,3.23799991607666,42.32902526855469,54.27299880981445,93.63999938964844,25.254674911499023
2013-04-26,3.184999942779541,42.221961975097656,54.21799850463867,93.0,24.73493194580078
2013-04-29,3.2255001068115234,42.63239288330078,54.37300109863281,94.5,24.73493194580078
2013-04-30,3.1875,42.52532196044922,54.22800064086914,93.45999908447266,24.971176147460938
2013-05-01,3.0824999809265137,42.52532196044922,53.79800033569336,91.02999877929688,24.59318351745605
2013-05-02,3.1045000553131104,43.560340881347656,53.65800094604492,93.98999786376952,24.73493194580078
2013-05-03,3.313499927520752,43.32835388183594,53.80799865722656,95.61000061035156,25.7271671295166
2013-05-06,3.309999942779541,44.39907455444336,53.77999877929688,96.16000366210938,25.79803466796875
2013-05-07,3.30049991607666,44.09570693969727,54.17300033569336,95.62000274658205,25.656293869018555
2013-05-08,3.371000051498413,43.93509292602539,54.12799835205078,96.62000274658205,26.03428840637207
2013-05-09,3.3415000438690186,43.68218612670898,54.15800094604492,96.38999938964844,25.845287322998047
2013-05-10,3.3559999465942383,43.71831512451172,54.24800109863281,96.04000091552734,25.89253807067871
2013-05-13,3.361999988555908,42.146629333496094,54.803001403808594,95.16999816894533,25.63266944885254
2013-05-14,3.2904999256134038,42.417598724365234,54.82799911499024,94.20999908447266,25.207422256469727
2013-05-15,3.2669999599456787,42.6885871887207,54.79800033569336,94.3000030517578,24.7585563659668
2013-05-16,3.2920000553131104,43.84477615356445,54.77799987792969,95.16000366210938,24.6640625
2013-05-17,3.321000099182129,44.061561584472656,54.77799987792969,96.0199966430664,24.56955909729004
2013-05-20,3.3570001125335693,43.33893966674805,54.88800048828125,96.70999908447266,24.73493194580078
2013-05-21,3.33899998664856,42.52599334716797,55.108001708984375,96.16000366210938,24.90030670166016
2013-05-22,3.377500057220459,42.29114532470703,55.40800094604492,94.27999877929688,24.80580711364746
2013-05-23,3.299499988555908,41.02656936645508,55.65299987792969,94.25,24.522310256958008
2013-05-24,3.2915000915527344,42.327274322509766,55.70800018310547,94.1500015258789,24.380565643310547
2013-05-28,3.311500072479248,43.59185028076172,55.56499862670898,95.01000213623048,24.33331680297852
2013-05-29,3.2909998893737797,42.83310317993164,56.108001708984375,93.12999725341795,24.33331680297852
2013-05-30,3.310499906539917,42.6343879699707,56.29800033569336,93.61000061035156,24.85305595397949
2013-05-31,3.2890000343322754,41.78531646728516,56.37799835205078,91.97000122070312,24.19156837463379
2013-06-03,3.32699990272522,41.33367919921875,56.573001861572266,93.4499969482422,24.522310256958008
2013-06-04,3.365000009536743,41.42400360107422,56.667999267578125,93.30999755859376,24.404184341430664
2013-06-05,3.367000102996826,41.17109298706055,56.4379997253418,93.73999786376952,24.16794204711914
2013-06-06,3.315999984741211,41.31561279296875,56.72299957275391,94.76000213623048,24.16794204711914
2013-06-07,3.2660000324249268,41.31561279296875,56.8380012512207,96.02999877929688,24.02619171142578
2013-06-10,3.239000082015991,40.57492065429688,56.8380012512207,95.7699966430664,23.64820671081543
2013-06-11,3.193000078201294,39.9245719909668,56.8380012512207,95.37999725341795,23.128461837768555
2013-06-12,3.2249999046325684,39.43680191040039,56.8380012512207,95.87999725341795,22.91584014892578
2013-06-13,3.184999942779541,38.84064865112305,57.82799911499024,96.69000244140624,23.48282814025879
2013-06-14,3.2044999599456787,39.90651321411133,57.99800109863281,97.8499984741211,23.24658203125
2013-06-17,3.20199990272522,40.105228424072266,57.49800109863281,97.7699966430664,23.38833236694336
2013-06-18,3.157000064849853,40.37621688842773,58.10300064086914,98.44000244140624,22.91584014892578
2013-06-19,3.1435000896453857,40.35813903808594,58.8380012512207,98.23999786376952,22.44334983825684
2013-06-20,3.061500072479248,39.02131271362305,58.7130012512207,95.4000015258789,21.30936622619629
2013-06-21,3.0964999198913574,38.42514801025391,59.56800079345703,93.69000244140624,21.33299446105957
2013-06-24,3.026000022888184,36.97991561889648,59.26800155639648,95.18000030517578,20.222639083862305
2013-06-25,3.071000099182129,36.22117233276367,59.80799865722656,95.31999969482422,20.31713485717773
2013-06-26,3.0409998893737797,35.390159606933594,59.65800094604492,95.5,20.104516983032227
2013-06-27,3.052500009536743,35.028846740722656,60.7130012512207,97.0500030517578,20.31713485717773
2013-06-28,3.05049991607666,36.943790435791016,60.1879997253418,96.55999755859376,20.43526077270508
2013-07-01,3.1549999713897705,37.9193115234375,59.5260009765625,97.98999786376952,20.789628982543945
2013-07-02,3.1419999599456787,37.7386589050293,59.37799835205078,99.5999984741211,20.29351234436035
2013-07-03,3.174000024795532,36.61860275268555,59.54800033569336,101.23999786376952,20.38800811767578
2013-07-05,3.0799999237060547,37.01603698730469,60.17499923706055,103.22000122070312,19.891895294189453
2013-07-08,3.111500024795532,36.56440734863281,60.22299957275391,103.13999938964844,19.86827278137207
2013-07-09,3.075999975204468,36.763126373291016,60.6879997253418,103.52999877929688,20.222639083862305
2013-07-10,3.1010000705718994,36.817325592041016,60.095001220703125,106.5199966430664,20.104516983032227
2013-07-11,3.183500051498413,37.39542007446289,59.88800048828125,104.91000366210938,21.16762351989746
2013-07-12,3.1705000400543213,37.8109245300293,59.82699966430664,105.9499969482422,20.907751083374023
2013-07-15,3.1610000133514404,38.64192199707031,59.88399887084961,106.31999969482422,20.978626251220703
2013-07-16,3.19950008392334,38.26254653930664,59.80799865722656,106.0,21.14400100708008
2013-07-17,3.140500068664551,37.59413146972656,59.292999267578125,106.4800033569336,21.21487236022949
2013-07-18,3.1424999237060547,38.551605224609375,59.323001861572266,108.04000091552734,21.262117385864254
2013-07-19,3.150000095367432,37.702518463134766,59.73799896240234,108.0500030517578,21.09675025939941
2013-07-22,3.189500093460083,36.97991561889648,59.33300018310547,106.91000366210938,21.474742889404297
2013-07-23,3.197999954223633,38.06383895874024,59.71799850463867,107.2300033569336,22.25435447692871
2013-07-24,3.18149995803833,37.34122085571289,59.757999420166016,105.38999938964844,21.970855712890625
2013-07-25,3.188499927520752,36.87152099609375,59.12699890136719,105.48999786376952,21.73460960388184
2013-07-26,3.108999967575073,37.01603698730469,58.95800018310547,104.6999969482422,21.66373443603516
2013-07-29,3.116499900817871,36.85344696044922,59.060001373291016,104.5500030517578,21.262117385864254
2013-07-30,3.0409998893737797,35.823726654052734,59.4119987487793,103.08000183105467,20.86050033569336
2013-07-31,3.118499994277954,36.72700119018555,60.80799865722656,105.02999877929688,20.529756546020508
2013-08-01,3.1640000343322754,35.751468658447266,60.630001068115234,107.88999938964844,20.907751083374023
2013-08-02,3.1695001125335693,36.257301330566406,60.43299865722656,106.94000244140624,20.93137550354004
2013-08-05,3.1670000553131104,36.43794631958008,61.09799957275391,106.55999755859376,20.86050033569336
2013-08-06,3.171999931335449,35.390159606933594,60.87699890136719,105.3000030517578,20.43526077270508
2013-08-07,3.177500009536743,36.14889907836914,60.78300094604492,104.37000274658205,20.222639083862305
2013-08-08,3.2704999446868896,37.17863464355469,61.20299911499024,103.4000015258789,21.238494873046875
2013-08-09,3.308500051498413,37.17863464355469,60.7239990234375,105.97000122070312,22.06535530090332
2013-08-12,3.30649995803833,37.59413146972656,60.672000885009766,106.11000061035156,22.44334983825684
2013-08-13,3.31850004196167,37.52186584472656,61.369998931884766,106.83000183105467,22.58509826660156
2013-08-14,3.3405001163482666,38.33481597900391,61.45000076293945,106.8499984741211,22.490598678588867
2013-08-15,3.338000059127808,38.33481597900391,61.290000915527344,107.33000183105467,22.632347106933597
2013-08-16,3.364500045776367,36.58246994018555,61.2599983215332,107.45999908447266,22.72684097290039
2013-08-19,3.3364999294281006,37.973514556884766,62.4900016784668,107.0999984741211,22.32522392272949
2013-08-20,3.3394999504089355,43.067962646484375,63.84999847412109,104.97000122070312,22.277978897094727
2013-08-21,3.311500072479248,39.11163330078125,63.36000061035156,103.8499984741211,21.66373443603516
2013-08-22,3.3329999446868896,42.65244674682617,64.69000244140625,105.02999877929688,22.30160140991211
2013-08-23,3.351999998092652,41.82144165039063,64.41000366210938,106.41999816894533,22.58509826660156
2013-08-26,3.322000026702881,42.453731536865234,64.06999969482422,105.91999816894533,22.632347106933597
2013-08-27,3.3324999809265137,41.76725006103516,64.29299926757812,109.01000213623048,21.970855712890625
2013-08-28,3.306999921798706,42.67051696777344,66.86000061035156,110.0999984741211,21.80548667907715
2013-08-29,3.24399995803833,43.53765487670898,67.3499984741211,108.8000030517578,21.592866897583008
2013-08-30,3.2249999046325684,44.7119026184082,67.38999938964844,107.6500015258789,21.427488327026367
2013-09-03,3.296499967575073,42.381473541259766,66.51000213623047,108.54000091552734,22.041730880737305
2013-09-04,3.236500024795532,44.02543258666992,68.61000061035156,107.2300033569336,22.112606048583984
2013-09-05,3.240999937057495,44.802242279052734,66.2699966430664,108.37000274658205,21.94723320007324
2013-09-06,3.257999897003174,45.59712219238281,66.00800323486328,110.52999877929688,22.277978897094727
2013-09-09,3.275500059127808,45.59712219238281,65.23799896240234,109.5199966430664,22.91584014892578
2013-09-10,3.2614998817443848,46.9700927734375,64.05999755859375,107.38999938964844,23.01033592224121
2013-09-11,3.256500005722046,46.93395233154297,63.619998931884766,107.55999755859376,23.50645637512207
2013-09-12,3.212500095367432,46.9700927734375,63.15999984741211,108.5999984741211,23.057588577270508
2013-09-13,3.2070000171661377,45.434532165527344,63.619998931884766,108.20999908447266,22.986711502075195
2013-09-16,3.226999998092652,45.95842361450195,63.290000915527344,106.58999633789062,23.057588577270508
2013-09-17,3.2279999256134038,45.434532165527344,63.290000915527344,105.41999816894533,23.15208625793457
2013-09-18,3.283499956130981,45.50679397583008,63.18000030517578,108.06999969482422,23.93169403076172
2013-09-19,3.3499999046325684,47.0062255859375,63.58000183105469,106.38999938964844,23.90807342529297
2013-09-20,3.327500104904175,48.668235778808594,62.18999862670898,104.68000030517578,23.27020835876465
2013-09-23,3.308000087738037,46.28360748291016,62.720001220703125,103.58999633789062,23.08121490478516
2013-09-24,3.265500068664551,47.49398040771485,62.68000030517578,103.12999725341795,22.8922119140625
2013-09-25,3.2804999351501465,47.07848358154297,62.720001220703125,102.66000366210938,23.057588577270508
2013-09-26,3.303999900817871,47.89142608642578,62.43000030517578,103.02999877929688,23.10483741760254
2013-09-27,3.325500011444092,47.31333160400391,61.72999954223633,102.87000274658205,22.8922119140625
2013-09-30,3.321000099182129,48.25273895263672,62.90999984741211,102.33000183105467,22.58509826660156
2013-10-01,3.2720000743865967,47.78303527832031,62.58000183105469,102.04000091552734,22.419721603393555
2013-10-02,3.311500072479248,47.78303527832031,62.61000061035156,104.0999984741211,22.655967712402344
2013-10-03,3.26200008392334,48.541786193847656,62.06999969482422,103.30999755859376,22.2307243347168
2013-10-04,3.2934999465942383,47.80109405517578,61.959999084472656,103.83999633789062,22.348848342895508
2013-10-07,3.289499998092652,47.65657424926758,61.380001068115234,103.02999877929688,22.32522392272949
2013-10-08,3.282000064849853,47.29526519775391,61.380001068115234,103.48999786376952,21.970855712890625
2013-10-09,3.2214999198913574,47.07848358154297,62.02999877929688,101.61000061035156,21.92361068725586
2013-10-10,3.240999937057495,47.0423469543457,61.810001373291016,103.01000213623048,22.2307243347168
2013-10-11,3.265000104904175,46.13907241821289,61.61000061035156,102.0199966430664,22.348848342895508
2013-10-14,3.299999952316284,46.9158935546875,60.9900016784668,102.41000366210938,22.39609718322754
2013-10-15,3.303999900817871,47.85529327392578,61.380001068115234,101.20999908447266,22.39609718322754
2013-10-16,3.30049991607666,47.85529327392578,61.83000183105469,102.29000091552734,22.32522392272949
2013-10-17,3.2890000343322754,47.09654998779297,61.45000076293945,100.66999816894533,22.72684097290039
2013-10-18,3.2929999828338623,48.25273895263672,61.09999847412109,100.80999755859376,22.96308898925781
2013-10-21,3.2960000038146973,48.650169372558594,61.2400016784668,99.22000122070312,23.24658203125
2013-10-22,3.3285000324249268,48.41531753540039,60.619998931884766,97.8000030517578,23.86081886291504
2013-10-23,3.2664999961853027,48.59597396850586,61.18999862670898,96.86000061035156,23.222959518432617
2013-10-24,3.260999917984009,48.57789993286133,61.52000045776367,97.11000061035156,23.530078887939453
2013-10-25,3.265500068664551,47.85529327392578,61.45000076293945,97.8499984741211,23.5537052154541
2013-10-28,3.260999917984009,47.215274810791016,61.43999862670898,98.68000030517578,23.459205627441406
2013-10-29,3.275500059127808,47.14213180541992,61.5099983215332,98.1999969482422,23.293834686279297
2013-10-30,3.320499897003174,48.34902191162109,61.45000076293945,96.7699966430664,23.293834686279297
2013-10-31,3.2945001125335693,48.86103439331055,61.31999969482422,96.37999725341795,23.033960342407227
2013-11-01,3.2934999465942383,50.159366607666016,62.220001220703125,94.61000061035156,22.655967712402344
2013-11-04,3.247499942779541,50.159366607666016,62.20000076293945,94.62000274658205,22.86858940124512
2013-11-05,3.252500057220459,50.06793212890625,61.97999954223633,93.37000274658205,23.08121490478516
2013-11-06,3.234999895095825,49.40963363647461,62.15999984741211,94.8000030517578,23.24658203125
2013-11-07,3.249000072479248,48.8061752319336,62.470001220703125,94.1999969482422,22.58509826660156
2013-11-08,3.253000020980835,49.22676086425781,62.84999847412109,94.5999984741211,22.44334983825684
2013-11-11,3.26200008392334,47.47127914428711,63.34000015258789,95.13999938964844,22.207103729248047
2013-11-12,3.236500024795532,46.66668319702149,63.47999954223633,93.04000091552734,22.018104553222656
2013-11-13,3.1640000343322754,46.90439987182617,63.959999084472656,93.87999725341795,21.80548667907715
2013-11-14,3.1610000133514404,47.52613067626953,63.369998931884766,93.76000213623048,21.92361068725586
2013-11-15,3.1730000972747803,47.52613067626953,63.040000915527344,93.83999633789062,21.899978637695312
2013-11-18,3.1535000801086426,47.8004264831543,62.709999084472656,93.02999877929688,21.8291072845459
2013-11-19,3.1619999408721924,47.17870330810547,62.20000076293945,93.33999633789062,21.640106201171875
2013-11-20,3.1614999771118164,46.72154235839844,62.11000061035156,93.33000183105467,21.545618057250977
2013-11-21,3.197499990463257,45.7889289855957,62.7599983215332,95.44000244140624,21.45111656188965
2013-11-22,3.2265000343322754,44.63689422607422,62.9900016784668,94.83999633789062,21.45111656188965
2013-11-25,3.239000082015991,45.89865112304688,62.2400016784668,94.08999633789062,21.35661506652832
2013-11-26,3.2290000915527344,46.593528747558594,62.50299835205078,93.68000030517578,21.07312393188477
2013-11-27,3.200500011444092,46.6118278503418,62.459999084472656,92.3000030517578,21.00225067138672
2013-11-29,3.2304999828338623,46.97754287719727,62.41299819946289,92.72000122070312,21.07312393188477
2013-12-02,3.2174999713897705,45.99009323120117,62.459999084472656,93.81999969482422,20.647876739501957
2013-12-03,3.200999975204468,45.71579360961914,62.31800079345703,96.04000091552734,20.60062789916992
2013-12-04,3.2715001106262207,45.38663101196289,62.36299896240234,97.1999969482422,20.60062789916992
2013-12-05,3.2614998817443848,45.496360778808594,61.70000076293945,97.37999725341795,20.74237823486328
2013-12-06,3.2695000171661377,45.93523025512695,61.58000183105469,97.6500015258789,20.93137550354004
2013-12-09,3.2955000400543213,46.428955078125,61.150001525878906,97.33999633789062,21.00225067138672
2013-12-10,3.301500082015991,49.61077117919922,60.869998931884766,98.51000213623048,20.93137550354004
2013-12-11,3.3315000534057617,48.8244743347168,60.97999954223633,97.44000244140624,20.38800811767578
2013-12-12,3.3320000171661377,48.001583099365234,61.59000015258789,97.5,20.340761184692383
2013-12-13,3.351999998092652,46.70323944091797,62.15999984741211,96.5999984741211,20.529756546020508
2013-12-16,3.375999927520752,47.87358093261719,62.1879997253418,97.4800033569336,20.6715030670166
2013-12-17,3.367000102996826,47.72729110717773,61.77999877929688,97.22000122070312,20.482505798339844
2013-12-18,3.361000061035156,48.34902191162109,61.709999084472656,97.8000030517578,20.647876739501957
2013-12-19,3.3405001163482666,48.71474838256836,62.02999877929688,98.7699966430664,20.695131301879883
2013-12-20,3.3480000495910645,49.39133834838867,62.459999084472656,99.31999969482422,21.191246032714844
2013-12-23,3.3505001068115234,49.354766845703125,62.02000045776367,98.91000366210938,21.191246032714844
2013-12-24,3.4175000190734863,48.29416275024414,61.84000015258789,99.22000122070312,21.521991729736328
2013-12-26,3.44950008392334,49.20848083496094,61.790000915527344,99.5500030517578,21.56924057006836
2013-12-27,3.470000028610229,48.733036041259766,61.88999938964844,100.31999969482422,21.892871856689453
2013-12-30,3.4205000400543213,48.64160537719727,61.66999816894531,99.29000091552734,22.01185417175293
2013-12-31,3.441499948501587,48.458744049072266,61.77999877929688,98.41999816894533,22.29741477966309
2014-01-02,3.43149995803833,47.63585662841797,61.84000015258789,95.44000244140624,22.202224731445312
2014-01-03,3.4059998989105225,48.20273208618164,62.060001373291016,93.95999908447266,22.01185417175293
2014-01-06,3.4119999408721924,46.70323944091797,62.22999954223633,93.43000030517578,21.72629737854004
2014-01-07,3.4110000133514404,46.11808776855469,62.310001373291016,93.66999816894533,21.583515167236328
2014-01-08,3.3935000896453857,47.54441833496094,62.08000183105469,92.33000183105467,21.535924911499023
2014-01-09,3.3540000915527344,47.39813232421875,62.119998931884766,91.66000366210938,21.13138008117676
2014-01-10,3.38700008392334,46.86783218383789,61.77999877929688,92.72000122070312,21.416940689086918
2014-01-13,3.400000095367432,46.81297302246094,61.43999862670898,91.8000030517578,21.48832893371582
2014-01-14,3.388000011444092,47.54441833496094,61.470001220703125,92.58999633789062,21.535924911499023
2014-01-15,3.406500101089477,47.85529327392578,61.470001220703125,94.16999816894533,22.01185417175293
2014-01-16,3.3910000324249268,47.61757278442383,61.540000915527344,93.95999908447266,22.535383224487305
2014-01-17,3.378499984741211,47.3432731628418,61.41999816894531,94.37000274658205,22.535383224487305
2014-01-21,3.3914999961853027,49.37306594848633,61.61800003051758,94.98999786376952,22.58297348022461
2014-01-22,3.375,49.59248733520508,61.970001220703125,96.7300033569336,22.24982452392578
2014-01-23,3.322499990463257,48.65989303588867,61.869998931884766,97.31999969482422,21.84527969360352
2014-01-24,3.303999900817871,47.92843627929688,62.130001068115234,96.63999938964844,21.226566314697266
2014-01-27,3.2939999103546143,46.70323944091797,62.72999954223633,95.72000122070312,21.2503662109375
2014-01-28,3.2855000495910645,46.53868103027344,63.380001068115234,97.41000366210938,21.48832893371582
2014-01-29,3.2679998874664307,46.81297302246094,62.380001068115234,97.36000061035156,21.34555053710937
2014-01-30,3.23799991607666,47.23355102539063,62.46799850463867,98.2300033569336,21.321754455566406
2014-01-31,3.220499992370605,47.3432731628418,62.310001373291016,97.48999786376952,21.08378791809082
2014-02-03,3.19950008392334,45.75237274169922,62.5,96.43000030517578,20.822025299072266
2014-02-04,3.2170000076293945,45.7889289855957,62.869998931884766,97.19000244140624,20.822025299072266
2014-02-05,3.2144999504089355,45.42321014404297,62.130001068115234,97.37999725341795,20.94100570678711
2014-02-06,3.259000062942505,45.99009323120117,62.22999954223633,97.83999633789062,21.34555053710937
2014-02-07,3.2709999084472656,45.71579360961914,62.22999954223633,99.87999725341795,21.869075775146484
2014-02-10,3.2720000743865967,45.77064895629883,62.09000015258789,100.05999755859376,21.892871856689453
2014-02-11,3.2699999809265137,45.56949996948242,62.448001861572266,99.94000244140624,22.39259910583496
2014-02-12,3.315500020980835,45.75237274169922,62.02999877929688,100.37000274658205,22.65436363220215
2014-02-13,3.306999921798706,45.86209487915039,61.68000030517578,100.3499984741211,22.55917358398437
2014-02-14,3.320499897003174,45.075775146484375,62.150001525878906,100.3000030517578,23.15409469604492
2014-02-18,3.3405001163482666,43.99687957763672,61.790000915527344,102.43000030517578,23.106502532958984
2014-02-19,3.3355000019073486,43.64944076538086,62.209999084472656,103.30999755859376,22.773345947265625
2014-02-20,3.3239998817443848,44.54546737670898,62.2599983215332,102.91999816894533,22.797143936157227
2014-02-21,3.3359999656677246,44.6917610168457,62.130001068115234,102.1999969482422,22.8447322845459
2014-02-24,3.358999967575073,43.50314712524414,62.0099983215332,102.81999969482422,22.8447322845459
2014-02-25,3.338000059127808,43.24714279174805,62.06800079345703,101.83000183105467,22.4877872467041
2014-02-26,3.2695000171661377,42.44253921508789,61.97800064086914,102.58999633789062,22.202224731445312
2014-02-27,3.236500024795532,42.44253921508789,62.150001525878906,102.4000015258789,22.60677146911621
2014-02-28,3.2385001182556152,42.66198348999024,62.02000045776367,102.58999633789062,22.63056945800781
2014-03-03,3.220499992370605,42.40596389770508,61.81999969482422,104.91999816894533,22.154638290405277
2014-03-04,3.2614998817443848,44.08831787109375,62.16999816894531,103.33000183105467,22.74954605102539
2014-03-05,3.253000020980835,45.03919982910156,61.59999847412109,101.4499969482422,22.963720321655277
2014-03-06,3.275500059127808,45.09405899047852,61.74800109863281,101.55999755859376,23.24927520751953
2014-03-07,3.156500101089477,45.29521179199219,60.79999923706055,102.58000183105467,22.511587142944336
2014-03-10,3.1105000972747803,44.23459243774414,61.22999954223633,101.12000274658205,21.75009155273437
2014-03-11,3.0309998989105225,42.95455551147461,60.810001373291016,100.02999877929688,20.94100570678711
2014-03-12,3.026000022888184,43.39342880249024,61.040000915527344,97.98999786376952,20.988605499267575
2014-03-13,2.990499973297119,43.28370666503906,60.77000045776367,98.1999969482422,20.89341926574707
2014-03-14,3.013000011444092,42.58882522583008,61.459999084472656,98.88999938964844,20.77443122863769
2014-03-17,3.002000093460083,42.58882522583008,60.97999954223633,98.08000183105467,21.08378791809082
2014-03-18,2.994499921798706,43.19227981567383,61.040000915527344,99.6999969482422,21.178974151611328
2014-03-19,3.0280001163482666,44.30775451660156,61.108001708984375,100.37000274658205,20.51266860961914
2014-03-20,2.9760000705718994,44.27117538452149,60.95000076293945,99.43000030517578,20.393688201904297
2014-03-21,2.99399995803833,44.39918518066406,61.33300018310547,99.45999908447266,20.77443122863769
2014-03-24,2.989500045776367,44.32603454589844,61.02000045776367,99.5999984741211,20.77443122863769
2014-03-25,3.0455000400543213,43.39342880249024,60.59000015258789,99.19000244140624,21.29795837402344
2014-03-26,3.010499954223633,44.21631622314453,60.220001220703125,100.26000213623048,21.13138008117676
2014-03-27,3.0364999771118164,44.08831787109375,60.15999984741211,101.27999877929688,21.178974151611328
2014-03-28,3.059000015258789,45.45978927612305,60.23799896240234,101.66999816894533,21.654903411865234
2014-03-31,3.046499967575073,47.14213180541992,59.84000015258789,101.58000183105467,21.70250129699707
2014-04-01,3.055000066757202,47.83700942993164,59.9900016784668,99.73999786376952,21.654903411865234
2014-04-02,3.065000057220459,47.4530029296875,59.77999877929688,99.62000274658205,22.130842208862305
2014-04-03,3.046999931335449,47.63585662841797,59.89799880981445,100.29000091552734,21.84527969360352
2014-04-04,3.0429999828338623,47.580997467041016,60.38999938964844,101.13999938964844,21.821483612060547
2014-04-07,3.063499927520752,48.14788055419922,59.66999816894531,100.44000244140624,21.869075775146484
2014-04-08,3.076499938964844,48.14788055419922,60.119998931884766,102.55999755859376,22.22602081298828
2014-04-09,3.065999984741211,48.93418884277344,60.09000015258789,103.5999984741211,22.58297348022461
2014-04-10,3.068000078201294,48.25758743286133,59.959999084472656,103.4000015258789,22.345006942749023
2014-04-11,3.065999984741211,48.49531173706055,60.29999923706055,103.73999786376952,22.01185417175293
2014-04-14,3.066999912261963,48.49531173706055,60.34000015258789,104.0500030517578,22.202224731445312
2014-04-15,3.0164999961853027,47.69071578979492,60.34000015258789,103.75,21.94046401977539
2014-04-16,3.05049991607666,47.25184631347656,60.29999923706055,103.76000213623048,22.08324813842773
2014-04-17,3.069499969482422,48.166160583496094,60.25,104.3000030517578,22.39259910583496
2014-04-21,3.068000078201294,48.23930740356445,60.150001525878906,104.37000274658205,22.24982452392578
2014-04-22,3.0785000324249268,47.96500396728516,60.47999954223633,102.12999725341795,22.273616790771484
2014-04-23,3.0820000171661377,47.30670928955078,60.757999420166016,101.44000244140624,22.29741477966309
2014-04-24,3.1364998817443848,47.30670928955078,61.0099983215332,101.94000244140624,22.535383224487305
2014-04-25,3.127000093460083,47.52613067626953,61.119998931884766,100.5999984741211,22.273616790771484
2014-04-28,3.1085000038146973,47.76387023925781,60.63800048828125,100.83999633789062,22.130842208862305
2014-04-29,3.072499990463257,48.18444442749024,60.64300155639648,101.27999877929688,22.178430557250977
2014-04-30,3.0295000076293945,47.14213180541992,60.417999267578125,99.73999786376952,22.178430557250977
2014-05-01,3.0290000438690186,47.14213180541992,60.119998931884766,99.41999816894533,22.29741477966309
2014-05-02,3.0815000534057617,46.11808776855469,60.13999938964844,99.76000213623048,22.154638290405277
2014-05-05,3.071000099182129,45.82551193237305,60.02000045776367,99.4800033569336,22.202224731445312
2014-05-06,3.075000047683716,45.33178329467773,60.11000061035156,99.5,22.24982452392578
2014-05-07,3.05049991607666,44.89291763305664,59.97800064086914,100.7699966430664,22.0594482421875
2014-05-08,3.0824999809265137,44.60033416748047,59.88999938964844,100.26000213623048,22.0594482421875
2014-05-09,3.1005001068115234,45.22206497192383,59.93000030517578,99.98999786376952,22.01185417175293
2014-05-12,3.1665000915527344,46.410675048828125,59.84999847412109,100.58999633789062,22.8447322845459
2014-05-13,3.149499893188477,46.73983383178711,59.41999816894531,101.6999969482422,23.24927520751953
2014-05-14,3.174000024795532,47.85529327392578,59.310001373291016,102.37000274658205,23.511045455932617
2014-05-15,3.1619999408721924,47.52613067626953,59.400001525878906,101.5,23.273073196411133
2014-05-16,3.1610000133514404,49.683929443359375,59.33000183105469,102.0199966430664,23.201684951782227
2014-05-19,3.179500102996826,53.18906784057617,58.560001373291016,102.61000061035156,23.24927520751953
2014-05-20,3.1559998989105225,56.08219146728516,58.36800003051758,102.44000244140624,23.15409469604492
2014-05-21,3.130500078201294,53.76396942138672,58.58300018310547,104.06999969482422,23.106502532958984
2014-05-22,3.1519999504089355,55.50727081298828,58.6879997253418,103.73999786376952,23.48724174499512
2014-05-23,3.180000066757202,59.90260314941406,58.27799987792969,104.3499984741211,23.58243179321289
2014-05-27,3.19350004196167,58.45604705810547,58.650001525878906,104.11000061035156,23.65382194519043
2014-05-28,3.188499927520752,57.436031341552734,59.03799819946289,102.72000122070312,23.60622787475586
2014-05-29,3.1535000801086426,57.436031341552734,58.83000183105469,103.58000183105467,23.796602249145508
2014-05-30,3.135999917984009,58.214942932128906,58.900001525878906,102.70999908447266,23.58243179321289
2014-06-02,3.178999900817871,59.08657455444336,59.1879997253418,102.47000122070312,23.891788482666016
2014-06-03,3.1454999446868896,62.46190643310547,59.15999984741211,102.66000366210938,23.86799049377441
2014-06-04,3.0934998989105225,62.536094665527344,59.29999923706055,102.63999938964844,23.86799049377441
2014-06-05,3.0910000801086426,62.22080612182617,59.2599983215332,102.4800033569336,23.677621841430664
2014-06-06,3.052999973297119,64.29793548583984,59.16299819946289,102.66000366210938,23.60622787475586
2014-06-09,3.0455000400543213,67.15398406982422,59.167999267578125,104.41000366210938,23.58243179321289
2014-06-10,3.055000066757202,65.5033950805664,59.198001861572266,104.3499984741211,23.39205551147461
2014-06-11,3.0420000553131104,63.2222785949707,59.119998931884766,104.4000015258789,23.2968692779541
2014-06-12,3.0169999599456787,62.740081787109375,59.33300018310547,106.52999877929688,23.106502532958984
2014-06-13,3.0304999351501465,60.421871185302734,59.28799819946289,106.91000366210938,23.05890655517578
2014-06-16,3.046999931335449,61.44187927246094,59.70299911499024,106.9000015258789,23.177888870239254
2014-06-17,3.057499885559082,62.23936462402344,60.09000015258789,106.36000061035156,23.320669174194336
2014-06-18,3.055500030517578,61.516090393066406,60.323001861572266,105.97000122070312,23.65382194519043
2014-06-19,3.075000047683716,59.45750427246094,59.810001373291016,106.43000030517578,23.963180541992188
2014-06-20,3.117500066757202,60.47750854492188,60.15999984741211,107.26000213623048,24.05836296081543
2014-06-23,3.1454999446868896,61.07098007202149,60.167999267578125,106.16999816894533,24.343923568725582
2014-06-24,3.1465001106262207,61.534610748291016,60.15299987792969,106.02999877929688,24.01076889038086
2014-06-25,3.1605000495910645,61.79426956176758,60.18999862670898,106.5,23.72521209716797
2014-06-26,3.1610000133514404,61.25642395019531,59.95000076293945,105.83999633789062,23.86799049377441
2014-06-27,3.1489999294281006,60.79278564453125,60.08000183105469,105.73999786376952,24.03456687927246
2014-06-30,3.187999963760376,62.05390930175781,60.03799819946289,105.37000274658205,24.20113945007324
2014-07-01,3.190999984741211,62.40626907348633,59.970001220703125,105.33999633789062,24.4629020690918
2014-07-02,3.252500057220459,63.7415657043457,60.02799987792969,104.4800033569336,25.462358474731445
2014-07-03,3.265000104904175,62.20226287841797,59.43999862670898,104.05999755859376,25.628942489624023
2014-07-07,3.248500108718872,61.42334365844727,59.71799850463867,103.52999877929688,25.628942489624023
2014-07-08,3.243000030517578,57.56584930419922,59.948001861572266,103.4000015258789,25.7717227935791
2014-07-09,3.236500024795532,59.10514068603516,59.74800109863281,102.29000091552734,25.985883712768555
2014-07-10,3.25600004196167,60.29207611083984,59.757999420166016,102.93000030517578,25.84311294555664
2014-07-11,3.258500099182129,57.10219192504883,60.1879997253418,100.83000183105467,25.890697479248047
2014-07-14,3.2385001182556152,59.88404846191406,60.0880012512207,100.91000366210938,25.890697479248047
2014-07-15,3.2385001182556152,60.73715591430664,60.060001373291016,99.95999908447266,25.50995635986328
2014-07-16,3.2049999237060547,61.4604377746582,60.16999816894531,101.1999969482422,26.00968742370605
2014-07-17,3.2090001106262207,61.73862457275391,60.08000183105469,103.19000244140624,25.36717414855957
2014-07-18,3.174000024795532,61.33061218261719,60.59999847412109,103.12999725341795,25.414770126342773
2014-07-21,3.186500072479248,60.90406036376953,60.27799987792969,104.58999633789062,25.628942489624023
2014-07-22,3.195499897003174,62.38774108886719,60.25,104.41999816894533,25.93829345703125
2014-07-23,3.194999933242798,61.84989547729492,60.09799957275391,103.12000274658205,26.461820602416992
2014-07-24,3.253999948501587,62.55463790893555,59.86000061035156,102.06999969482422,26.223854064941406
2014-07-25,3.226999998092652,60.34769821166992,60.060001373291016,102.08999633789062,26.34283447265625
2014-07-28,3.2309999465942383,58.82694625854492,60.053001403808594,101.66999816894533,26.36663627624512
2014-07-29,3.2095000743865967,58.82694625854492,60.04999923706055,100.97000122070312,26.41422843933105
2014-07-30,3.2325000762939453,60.99679946899414,60.040000915527344,100.2699966430664,26.03348159790039
2014-07-31,3.2230000495910645,59.791316986083984,60.25,98.16999816894533,25.414770126342773
2014-08-01,3.2065000534057617,60.19932174682617,60.77000045776367,97.87999725341795,25.224395751953125
2014-08-04,3.236500024795532,60.71862030029297,61.20800018310547,98.29000091552734,25.628942489624023
2014-08-05,3.1989998817443848,61.07098007202149,60.900001525878906,97.37999725341795,24.79605865478516
2014-08-06,3.1624999046325684,60.32913589477539,60.84299850463867,96.91999816894533,24.81985664367676
2014-08-07,3.1705000400543213,59.32768630981445,61.18999862670898,97.33999633789062,24.367719650268555
2014-08-08,3.1659998893737797,58.99386596679688,61.23799896240234,97.6500015258789,24.367719650268555
2014-08-11,3.1670000553131104,59.34623336791992,61.13800048828125,98.08000183105467,24.843652725219727
2014-08-12,3.1489999294281006,59.38331604003906,61.119998931884766,97.37000274658205,24.677074432373047
2014-08-13,3.1059999465942383,58.9011344909668,61.220001220703125,97.58999633789062,24.510498046875
2014-08-14,3.0855000019073486,59.809871673583984,61.02000045776367,95.58000183105467,24.27253150939941
2014-08-15,3.0969998836517334,59.809871673583984,60.63999938964844,97.3499984741211,24.486703872680664
2014-08-18,3.1029999256134038,61.01534271240234,60.77299880981445,96.41000366210938,24.55809593200684
2014-08-19,3.0855000019073486,62.79573440551758,60.81999969482422,94.4800033569336,24.39151382446289
2014-08-20,3.174000024795532,62.869930267333984,60.7400016784668,96.06999969482422,24.41531181335449
2014-08-21,3.171999931335449,62.276466369628906,60.608001708984375,93.95999908447266,24.224943161010746
2014-08-22,3.1989998817443848,62.22080612182617,60.43999862670898,93.6500015258789,24.20113945007324
2014-08-25,3.213500022888184,60.79278564453125,60.4630012512207,93.3499984741211,24.24873733520508
2014-08-26,3.181999921798706,61.47898864746094,60.5099983215332,93.86000061035156,24.486703872680664
2014-08-27,3.174499988555908,60.79278564453125,60.428001403808594,93.87999725341795,24.55809593200684
2014-08-28,3.126499891281128,61.47898864746094,60.448001861572266,94.5500030517578,24.03456687927246
2014-08-29,3.134999990463257,61.47898864746094,60.61000061035156,95.95999908447266,24.105955123901367
2014-09-02,3.134500026702881,61.4048080444336,60.52299880981445,92.87999725341795,23.891788482666016
2014-09-03,3.111500024795532,61.25642395019531,60.678001403808594,95.54000091552734,24.153553009033203
2014-09-04,3.138499975204468,61.83136367797852,60.38999938964844,94.4499969482422,24.153553009033203
2014-09-05,3.157999992370605,63.6673698425293,60.369998931884766,93.29000091552734,24.03456687927246
2014-09-08,3.157500028610229,65.03976440429688,60.38800048828125,92.66000366210938,23.796602249145508
2014-09-09,3.094500064849853,65.02122497558594,60.380001068115234,92.75,23.58243179321289
2014-09-10,3.1045000553131104,64.89139556884766,60.790000915527344,91.66999816894533,23.677621841430664
2014-09-11,3.086999893188477,63.704471588134766,60.79999923706055,92.83000183105467,23.415851593017575
2014-09-12,3.101999998092652,62.92554473876953,60.810001373291016,92.2699966430664,23.63002586364746
2014-09-15,3.0810000896453857,63.16664505004883,60.64799880981445,92.91999816894533,23.08270263671875
2014-09-16,3.1600000858306885,60.18079376220703,60.970001220703125,94.87999725341795,23.273073196411133
2014-09-17,3.1414999961853027,60.81134414672852,61.053001403808594,94.41999816894533,23.035112380981445
2014-09-18,3.0924999713897705,62.165184020996094,60.90800094604492,93.06999969482422,23.035112380981445
2014-09-19,3.088500022888184,61.961181640625,60.68999862670898,92.41000366210938,22.65436363220215
2014-09-22,3.0380001068115234,61.06075286865234,60.85300064086914,91.5199966430664,21.797687530517575
2014-09-23,3.0344998836517334,59.18483352661133,61.0,91.55999755859376,21.70250129699707
2014-09-24,3.059499979019165,60.61052322387695,60.97999954223633,92.8000030517578,22.107046127319336
2014-09-25,3.059999942779541,60.36665725708008,60.810001373291016,92.52999877929688,21.559720993041992
2014-09-26,3.0290000438690186,61.4359245300293,61.4900016784668,93.54000091552734,21.654903411865234
2014-09-29,3.052999973297119,60.83562088012695,61.13800048828125,94.56999969482422,21.46453857421875
2014-09-30,3.005500078201294,60.38541030883789,61.553001403808594,91.16000366210938,21.29795837402344
2014-10-01,3.033499956130981,59.97270202636719,61.81999969482422,90.7300033569336,20.822025299072266
2014-10-02,2.996500015258789,59.97270202636719,61.7130012512207,91.01000213623048,20.77443122863769
2014-10-03,2.994499921798706,59.97270202636719,61.43999862670898,89.73999786376953,20.36989021301269
2014-10-06,3.0304999351501465,59.97270202636719,61.53799819946289,90.33999633789062,20.72683906555176
2014-10-07,3.0344998836517334,58.58453750610352,61.209999084472656,88.8499984741211,20.36989021301269
2014-10-08,3.0,61.0419807434082,61.27000045776367,87.30999755859375,20.560264587402344
2014-10-09,3.0280001163482666,60.61052322387695,60.880001068115234,85.7699966430664,20.084333419799805
2014-10-10,3.032000064849853,58.05929183959961,61.02000045776367,85.81999969482422,19.655994415283203
2014-10-13,3.0364999771118164,59.5975341796875,61.27799987792969,85.73999786376953,19.5608024597168
2014-10-14,3.0850000381469727,59.67256927490234,61.00299835205078,81.83999633789062,19.96534538269043
2014-10-15,3.004499912261963,59.67256927490234,61.39300155639648,81.77999877929688,19.632198333740234
2014-10-16,2.9784998893737797,59.20359420776367,61.37300109863281,82.69999694824219,19.67979049682617
2014-10-17,3.000999927520752,59.710079193115234,61.72299957275391,82.75,19.75117492675781
2014-10-20,2.990499973297119,61.52970886230469,61.358001708984375,82.70999908447266,19.655994415283203
2014-10-21,3.0309998989105225,61.867374420166016,61.22800064086914,82.80999755859375,20.17951774597168
2014-10-22,3.0225000381469727,61.88613510131836,61.14300155639648,80.5199966430664,19.75117492675781
2014-10-23,3.049999952316284,61.88613510131836,61.09999847412109,82.08999633789062,19.870162963867188
2014-10-24,3.0510001182556152,61.88613510131836,61.130001068115234,81.01000213623047,19.77497291564941
2014-10-27,3.078000068664551,63.14300155639648,61.16299819946289,81.0,19.46562385559082
2014-10-28,3.1085000038146973,64.0809326171875,61.29800033569336,81.41999816894531,19.96534538269043
2014-10-29,3.111999988555908,64.47489166259766,61.180999755859375,82.19999694824219,19.989147186279297
2014-10-30,3.072000026702881,63.38685607910156,61.28300094604492,81.12000274658203,19.58460235595703
2014-10-31,3.061000108718872,64.3248062133789,61.43299865722656,80.54000091552734,19.703582763671875
2014-11-03,3.0794999599456787,63.63071441650391,61.39799880981445,78.77999877929688,19.6083984375
2014-11-04,3.033499956130981,63.63071441650391,61.41299819946289,77.19000244140625,19.394229888916016
2014-11-05,3.0225000381469727,63.29307174682617,61.28799819946289,78.68000030517578,19.06107711791992
2014-11-06,3.0304999351501465,63.29307174682617,61.369998931884766,77.91000366210938,18.89449882507324
2014-11-07,3.052500009536743,62.22379302978516,61.49300003051758,78.6500015258789,19.370433807373047
2014-11-10,3.0274999141693115,61.75482177734375,61.51300048828125,77.4000015258789,19.322837829589844
2014-11-11,3.0415000915527344,61.267086029052734,61.52999877929688,77.94000244140625,19.48941421508789
2014-11-12,3.0344998836517334,61.34212112426758,61.4900016784668,77.18000030517578,19.58460235595703
2014-11-13,2.999500036239624,60.66679382324219,61.36800003051758,74.20999908447266,19.394229888916016
2014-11-14,3.058000087738037,60.798095703125,61.59299850463867,75.81999969482422,19.79877281188965
2014-11-17,3.049499988555908,60.891902923583984,61.70800018310547,75.63999938964844,19.77497291564941
2014-11-18,3.010999917984009,62.50518798828125,61.823001861572266,74.61000061035156,19.870162963867188
2014-11-19,3.046999931335449,60.9857063293457,61.71799850463867,74.58000183105469,19.513214111328125
2014-11-20,3.0274999141693115,60.873146057128906,61.9379997253418,75.58000183105469,19.48941421508789
2014-11-21,3.0350000858306885,61.49220657348633,61.92300033569336,76.51000213623047,20.17951774597168
2014-11-24,3.003999948501587,63.2743034362793,61.7599983215332,75.77999877929688,20.13192367553711
2014-11-25,2.9609999656677246,61.47344970703125,61.85300064086914,74.08999633789062,20.17951774597168
2014-11-26,2.9600000381469727,62.63649368286133,61.84000015258789,73.69000244140625,20.20331573486328
2014-11-28,2.859999895095825,61.173301696777344,61.85300064086914,66.1500015258789,18.942094802856445
2014-12-01,2.930500030517578,60.77934646606445,62.20299911499024,69.0,18.275789260864254
2014-12-02,2.9135000705718994,60.66679382324219,61.948001861572266,66.87999725341797,18.228195190429688
2014-12-03,2.8929998874664307,61.0419807434082,61.78799819946289,67.37999725341797,18.46616554260254
2014-12-04,2.932499885559082,64.02466583251953,61.85599899291992,66.80999755859375,18.394779205322266
2014-12-05,2.92549991607666,65.43160247802734,61.78300094604492,65.83999633789062,18.29958152770996
2014-12-08,2.9105000495910645,65.0188980102539,61.9109992980957,63.04999923706055,17.871248245239258
2014-12-09,2.946500062942505,63.1054916381836,61.81800079345703,63.81999969482422,18.15680313110352
2014-12-10,2.9140000343322754,62.69277572631836,61.87300109863281,60.93999862670898,17.585691452026367
2014-12-11,2.940999984741211,61.79233169555664,62.00299835205078,59.95000076293945,17.276334762573242
2014-12-12,2.946500062942505,61.398399353027344,62.47299957275391,57.810001373291016,16.94318199157715
2014-12-15,2.8980000019073486,60.5167236328125,62.51800155639648,55.90999984741211,16.419658660888672
2014-12-16,2.877500057220459,59.278621673583984,63.167999267578125,55.93000030517578,16.348264694213867
2014-12-17,2.887500047683716,60.61052322387695,63.65299987792969,56.470001220703125,17.014570236206055
2014-12-18,2.872499942779541,61.71730422973633,63.51800155639648,54.11000061035156,17.395322799682617
2014-12-19,2.907999992370605,61.97992706298828,62.983001708984375,56.52000045776367,17.633277893066406
2014-12-22,2.9035000801086426,61.52970886230469,63.2400016784668,55.2599983215332,17.395322799682617
2014-12-23,2.9019999504089355,60.25411224365234,63.22299957275391,57.119998931884766,17.419113159179688
2014-12-24,2.874500036239624,60.47921752929688,63.43299865722656,55.84000015258789,17.442909240722656
2014-12-26,2.8355000019073486,60.72308349609375,63.51300048828125,54.72999954223633,17.609487533569336
2014-12-29,2.838000059127808,62.58020782470703,63.59000015258789,53.61000061035156,17.658191680908203
2014-12-30,2.86899995803833,62.80532836914063,63.66299819946289,54.119998931884766,17.901756286621094
2014-12-31,2.838500022888184,63.94962692260742,63.37799835205078,53.27000045776367,17.926115036010742
2015-01-02,2.838500022888184,64.36234283447266,63.02799987792969,52.68999862670898,18.04789161682129
2015-01-05,2.7929999828338623,63.49941635131836,63.27799987792969,50.040000915527344,17.585128784179688
2015-01-06,2.803999900817871,63.12423324584961,63.3380012512207,47.93000030517578,17.487703323364258
2015-01-07,2.7960000038146973,61.58598709106445,63.56800079345703,48.650001525878906,17.512060165405273
2015-01-08,2.806999921798706,61.84862518310547,63.27299880981445,48.790000915527344,17.77997589111328
2015-01-09,2.7904999256134038,61.06075286865234,62.667999267578125,48.36000061035156,17.68255615234375
2015-01-12,2.763000011444092,59.860164642333984,62.34799957275391,46.06999969482422,17.098007202148438
2015-01-13,2.678999900817871,59.710079193115234,62.06800079345703,45.88999938964844,16.367321014404297
2015-01-14,2.552999973297119,57.571556091308594,61.97299957275391,48.47999954223633,15.076449394226074
2015-01-15,2.611000061035156,57.74039077758789,62.0880012512207,46.25,14.930307388305664
2015-01-16,2.6540000438690186,58.88468551635742,62.05799865722656,48.68999862670898,15.320008277893066
2015-01-20,2.615499973297119,60.74184036254883,61.63800048828125,46.38999938964844,15.612281799316406
2015-01-21,2.615000009536743,61.4359245300293,61.64799880981445,47.77999877929688,15.758415222167969
2015-01-22,2.6005001068115234,61.97992706298828,61.553001403808594,46.310001373291016,15.880197525024414
2015-01-23,2.5374999046325684,62.2988395690918,61.59799957275391,45.59000015258789,15.295654296875
2015-01-26,2.573499917984009,62.2988395690918,61.43299865722656,45.150001525878906,15.34436321258545
2015-01-27,2.513499975204468,63.66824722290039,61.47299957275391,46.22999954223633,15.198227882385254
2015-01-28,2.5215001106262207,63.94962692260742,61.40299987792969,44.45000076293945,14.8328857421875
2015-01-29,2.470499992370605,65.54415130615234,61.35100173950195,44.52999877929688,14.759815216064451
2015-01-30,2.5280001163482666,65.65672302246094,61.79600143432617,48.2400016784668,14.857239723205566
2015-02-02,2.510999917984009,65.20648956298828,62.01300048828125,49.56999969482422,15.198227882385254
2015-02-03,2.5999999046325684,65.1126937866211,61.72800064086914,53.04999923706055,16.24554443359375
2015-02-04,2.611999988555908,66.05065155029297,61.61399841308594,48.45000076293945,16.123764038085938
2015-02-05,2.611999988555908,65.24400329589844,61.86000061035156,50.47999954223633,16.537817001342773
2015-02-06,2.6029999256134038,63.72452926635742,61.733001708984375,51.68999862670898,16.367321014404297
2015-02-09,2.5989999771118164,65.28153991699219,61.9630012512207,52.86000061035156,16.51346206665039
2015-02-10,2.5625,66.78225708007812,62.130001068115234,50.02000045776367,16.050697326660156
2015-02-11,2.552500009536743,68.54558563232422,62.34199905395508,48.84000015258789,15.855838775634766
2015-02-12,2.608999967575073,65.525390625,62.38199996948242,51.209999084472656,16.44038963317871
2015-02-13,2.6135001182556152,66.0318832397461,62.16999816894531,52.77999877929688,17.049291610717773
2015-02-17,2.594500064849853,66.0318832397461,62.18600082397461,53.52999877929688,17.341567993164062
2015-02-18,2.63949990272522,66.74472045898438,62.11199951171875,52.13999938964844,17.438993453979492
2015-02-19,2.6414999961853027,69.55860137939453,62.07400131225586,51.15999984741211,17.17107391357422
2015-02-20,2.6105000972747803,68.0203628540039,62.165000915527344,50.34000015258789,17.146717071533203
2015-02-23,2.63949990272522,65.97561645507812,62.10100173950195,49.45000076293945,16.708309173583984
2015-02-24,2.7114999294281006,65.56291961669922,62.17100143432617,49.27999877929688,17.02493667602539
2015-02-25,2.7074999809265137,64.83130645751953,62.233001708984375,50.9900016784668,17.122360229492188
2015-02-26,2.71399998664856,66.18196868896484,61.87699890136719,48.16999816894531,17.438993453979492
2015-02-27,2.7160000801086426,66.53838348388672,61.75400161743164,49.7599983215332,17.585128784179688
2015-03-02,2.7109999656677246,66.06940460205078,61.6510009765625,49.59000015258789,17.536415100097656
2015-03-03,2.673500061035156,67.23246765136719,61.9010009765625,50.52000045776367,17.39027976989746
2015-03-04,2.677000045776367,65.67547607421875,61.8129997253418,51.52999877929688,17.02493667602539
2015-03-05,2.671999931335449,64.49363708496094,62.30500030517578,50.7599983215332,17.098007202148438
2015-03-06,2.628999948501587,64.49363708496094,62.44300079345703,49.61000061035156,16.464744567871094
2015-03-09,2.687000036239624,63.7995719909668,62.45299911499024,50.0,16.537817001342773
2015-03-10,2.634999990463257,63.89335250854492,62.67300033569336,48.290000915527344,15.73406219482422
2015-03-11,2.622499942779541,63.72452926635742,62.7130012512207,48.16999816894531,15.831485748291016
2015-03-12,2.674499988555908,63.89335250854492,62.755001068115234,47.04999923706055,15.90455436706543
2015-03-13,2.678499937057495,63.2743034362793,62.53499984741211,44.84000015258789,15.685348510742188
2015-03-16,2.677500009536743,63.12423324584961,63.07600021362305,43.880001068115234,15.563569068908691
2015-03-17,2.6414999961853027,64.1935043334961,62.78900146484375,43.459999084472656,15.660992622375488
2015-03-18,2.586999893188477,66.06940460205078,62.61600112915039,44.65999984741211,15.855838775634766
2015-03-19,2.674499988555908,63.987152099609375,62.69300079345703,43.959999084472656,15.539213180541992
2015-03-20,2.775000095367432,61.81110763549805,62.483001708984375,45.720001220703125,16.391672134399414
2015-03-23,2.808000087738037,61.13577651977539,62.40299987792969,47.45000076293945,16.976224899291992
2015-03-24,2.815000057220459,59.69132232666016,62.22299957275391,47.5099983215332,16.8300838470459
2015-03-25,2.805000066757202,60.77934646606445,62.27799987792969,49.209999084472656,16.683944702148438
2015-03-26,2.821500062942505,59.93519973754883,62.46200180053711,51.43000030517578,16.51346206665039
2015-03-27,2.775000095367432,60.31038284301758,62.82899856567383,48.869998931884766,16.24554443359375
2015-03-30,2.7874999046325684,60.873146057128906,62.51499938964844,48.68000030517578,16.708309173583984
2015-03-31,2.746999979019165,60.83562088012695,62.50899887084961,47.59999847412109,16.51346206665039
2015-04-01,2.756500005722046,61.398399353027344,62.305999755859375,50.09000015258789,16.537817001342773
2015-04-02,2.747999906539917,61.398399353027344,62.16899871826172,49.13999938964844,16.683944702148438
2015-04-06,2.7320001125335693,61.37964630126953,62.060001373291016,52.13999938964844,17.000577926635742
2015-04-07,2.7769999504089355,61.998680114746094,62.060001373291016,53.97999954223633,17.146717071533203
2015-04-08,2.748500108718872,61.88613510131836,62.30899810791016,50.41999816894531,17.341567993164062
2015-04-09,2.744999885559082,61.54846954345703,62.18199920654297,50.790000915527344,17.146717071533203
2015-04-10,2.750499963760376,65.43160247802734,62.31399917602539,51.63999938964844,17.073650360107422
2015-04-13,2.736999988555908,64.0809326171875,62.26900100708008,51.90999984741211,16.927513122558594
2015-04-14,2.719500064849853,64.0809326171875,62.39099884033203,53.290000915527344,17.26850128173828
2015-04-15,2.7295000553131104,63.89335250854492,62.31399917602539,56.38999938964844,17.585128784179688
2015-04-16,2.7855000495910645,64.64372253417969,62.38999938964844,56.709999084472656,17.731266021728516
2015-04-17,2.783499956130981,64.60621643066406,62.32600021362305,55.7400016784668,17.560771942138672
2015-04-20,2.7355000972747803,63.89335250854492,62.542999267578125,56.380001068115234,17.633840560913086
2015-04-21,2.7049999237060547,63.14300155639648,63.14500045776367,55.2599983215332,17.536415100097656
2015-04-22,2.6695001125335693,63.29307174682617,62.87799835205078,56.15999984741211,17.585128784179688
2015-04-23,2.697999954223633,64.53117370605469,62.935001373291016,57.7400016784668,17.926115036010742
2015-04-24,2.752000093460083,62.89912414550781,63.2869987487793,57.150001525878906,18.510662078857425
2015-04-27,2.7739999294281006,61.210819244384766,63.65499877929688,56.9900016784668,19.07084846496582
2015-04-28,2.7799999713897705,63.4431266784668,63.13999938964844,57.060001373291016,19.216989517211918
2015-04-29,2.7950000762939453,64.13722229003906,63.03300094604492,58.58000183105469,19.387481689453125
2015-04-30,2.8864998817443848,63.555694580078125,63.44200134277344,59.630001068115234,19.46055030822754
2015-05-01,2.93149995803833,63.555694580078125,63.52299880981445,59.150001525878906,19.80153465270996
2015-05-04,2.924000024795532,64.66248321533203,63.52299880981445,58.93000030517578,19.99638557434082
2015-05-05,2.940000057220459,68.41429901123047,63.59299850463867,60.400001525878906,19.82589340209961
2015-05-06,2.932499885559082,65.88182067871094,63.34400177001953,60.93000030517578,19.777177810668945
2015-05-07,2.9260001182556152,65.73175811767578,63.65999984741211,58.93999862670898,19.46055030822754
2015-05-08,2.930999994277954,66.31328582763672,64.08200073242188,59.38999938964844,19.6554012298584
2015-05-11,2.9175000190734863,66.23824310302734,63.70399856567383,59.25,19.53361701965332
2015-05-12,2.950500011444092,64.50665283203125,64.0199966430664,60.75,19.777177810668945
2015-05-13,2.950000047683716,66.14309692382812,64.21099853515625,60.5,19.80153465270996
2015-05-14,2.946000099182129,66.9993896484375,64.04399871826172,59.880001068115234,19.80153465270996
2015-05-15,2.9489998817443848,66.71394348144531,63.40800094604492,59.68999862670898,19.898963928222656
2015-05-18,2.930000066757202,66.6759033203125,63.43299865722656,59.43000030517578,19.6554012298584
2015-05-19,2.861500024795532,67.6082992553711,63.729000091552734,57.2599983215332,18.997785568237305
2015-05-20,2.8515000343322754,67.01840209960938,63.78499984741211,58.97999954223633,18.7785758972168
2015-05-21,2.871000051498413,67.53215789794922,63.625,60.720001220703125,18.754222869873047
2015-05-22,2.8334999084472656,67.4941177368164,63.6259994506836,59.720001220703125,18.6324405670166
2015-05-26,2.8534998893737797,65.78157043457031,63.57099914550781,58.02999877929688,18.14531898498535
2015-05-27,2.815999984741211,65.93377685546875,63.97600173950195,57.5099983215332,18.169677734375
2015-05-28,2.7929999828338623,65.19166564941406,63.874000549316406,57.68000030517578,17.974828720092773
2015-05-29,2.759500026702881,64.39246368408203,63.82500076293945,60.29999923706055,17.731266021728516
2015-06-01,2.740999937057495,63.82162857055664,63.73600006103516,60.20000076293945,17.536415100097656
2015-06-02,2.757999897003174,63.63134002685547,63.61000061035156,61.2599983215332,18.120962142944336
2015-06-03,2.750499963760376,63.89773178100586,63.6619987487793,59.63999938964844,18.169677734375
2015-06-04,2.7155001163482666,64.31636047363281,64.05899810791016,58.0,17.633840560913086
2015-06-05,2.7219998836517334,64.67790222167969,64.0009994506836,59.130001068115234,17.68255615234375
2015-06-08,2.7160000801086426,64.4495620727539,63.762001037597656,58.13999938964844,17.68255615234375
2015-06-09,2.740499973297119,64.4114990234375,63.97600173950195,60.13999938964844,17.658191680908203
2015-06-10,2.7715001106262207,63.95481491088867,64.03800201416016,61.43000030517578,18.169677734375
2015-06-11,2.693000078201294,62.41349792480469,63.79899978637695,60.77000045776367,17.853046417236328
2015-06-12,2.69950008392334,62.62282180786133,63.999000549316406,59.959999084472656,17.804340362548828
2015-06-15,2.6589999198913574,62.87018585205078,64.09200286865234,59.52000045776367,17.633840560913086
2015-06-16,2.626499891281128,62.641845703125,64.052001953125,59.970001220703125,17.365921020507812
2015-06-17,2.622999906539917,62.85116195678711,64.18199920654297,59.91999816894531,17.633840560913086
2015-06-18,2.628499984741211,62.77504348754883,64.00299835205078,60.45000076293945,17.87740135192871
2015-06-19,2.5920000076293945,63.66941452026367,63.64500045776367,59.61000061035156,17.365921020507812
2015-06-22,2.588000059127808,63.95481491088867,63.492000579833984,59.68000030517578,17.26850128173828
2015-06-23,2.634000062942505,65.72447204589844,63.50699996948242,61.0099983215332,17.487703323364258
2015-06-24,2.6465001106262207,64.4114990234375,63.59999847412109,60.27000045776367,17.755619049072266
2015-06-25,2.6454999446868896,64.14510345458984,63.5620002746582,59.70000076293945,17.512060165405273
2015-06-26,2.6449999809265137,64.69692993164062,63.51100158691406,59.630001068115234,17.26850128173828
2015-06-29,2.638499975204468,64.46858215332031,63.44400024414063,58.33000183105469,16.976224899291992
2015-06-30,2.623500108718872,63.5932731628418,63.7239990234375,59.470001220703125,16.732662200927734
2015-07-01,2.635499954223633,63.84065628051758,63.59000015258789,56.959999084472656,16.44038963317871
2015-07-02,2.634500026702881,62.4705924987793,63.57400131225586,56.93000030517578,16.537817001342773
2015-07-06,2.5429999828338623,61.40500259399414,63.40399932861328,52.52999877929688,16.02633285522461
2015-07-07,2.450999975204468,61.42402267456055,63.3650016784668,52.33000183105469,15.563569068908691
2015-07-08,2.503999948501587,60.18716430664063,63.51800155639648,51.650001525878906,15.076449394226074
2015-07-09,2.558000087738037,61.0053939819336,63.5620002746582,52.77999877929688,15.36872100830078
2015-07-10,2.5455000400543213,60.43455123901367,63.36399841308594,52.7400016784668,15.587929725646973
2015-07-13,2.555500030517578,60.75801849365234,63.35200119018555,52.20000076293945,15.855838775634766
2015-07-14,2.5445001125335693,61.081504821777344,63.51399993896485,53.040000915527344,15.928910255432127
2015-07-15,2.5304999351501465,62.26128387451172,63.32400131225586,51.40999984741211,15.807126998901367
2015-07-16,2.531500101089477,62.52768707275391,63.52399826049805,50.90999984741211,15.709711074829102
2015-07-17,2.504499912261963,62.50864410400391,63.48199844360352,50.88999938964844,15.49049949645996
2015-07-20,2.483999967575073,63.326881408691406,63.48400115966797,50.150001525878906,15.003376960754396
2015-07-21,2.477499961853028,63.15561676025391,63.625,50.36000061035156,15.052090644836426
2015-07-22,2.43149995803833,62.43253326416016,63.58300018310547,49.18999862670898,14.759815216064451
2015-07-23,2.385499954223633,63.13659286499024,63.66400146484375,48.45000076293945,14.345762252807615
2015-07-24,2.381500005722046,62.41349792480469,63.84799957275391,48.13999938964844,14.029130935668944
2015-07-27,2.3505001068115234,62.2993392944336,64.0999984741211,47.38999938964844,13.395873069763184
2015-07-28,2.4030001163482666,59.50215148925781,64.21700286865234,47.97999954223633,13.931708335876465
2015-07-29,2.407999992370605,60.37746047973633,63.8390007019043,48.790000915527344,14.004777908325195
2015-07-30,2.381500005722046,60.2252311706543,63.882999420166016,48.52000045776367,13.615079879760742
2015-07-31,2.367500066757202,59.76855850219727,64.11799621582031,47.119998931884766,13.663790702819824
2015-08-03,2.3475000858306885,61.55723190307617,63.97999954223633,45.16999816894531,13.371516227722168
2015-08-04,2.365000009536743,60.30134201049805,64.1240005493164,45.7400016784668,13.29844570159912
2015-08-05,2.3529999256134038,60.32037353515625,63.81900024414063,45.150001525878906,13.201025009155272
2015-08-06,2.3480000495910645,59.21672058105469,63.69599914550781,44.65999984741211,13.322805404663086
2015-08-07,2.3415000438690186,59.15963363647461,63.733001708984375,43.869998931884766,13.249733924865724
2015-08-10,2.407500028610229,58.62684631347656,63.733001708984375,44.959999084472656,13.858637809753418
2015-08-11,2.3410000801086426,57.580265045166016,63.8380012512207,43.08000183105469,13.249733924865724
2015-08-12,2.3605000972747803,55.67742156982422,64.32599639892578,43.29999923706055,13.322805404663086
2015-08-13,2.365499973297119,54.97334671020508,64.79900360107422,42.22999954223633,13.079243659973145
2015-08-14,2.364000082015991,55.33491134643555,65.26899719238281,42.5,13.00617504119873
2015-08-17,2.3324999809265137,56.743011474609375,65.12200164794922,41.869998931884766,12.9087495803833
2015-08-18,2.296999931335449,56.0579948425293,65.44300079345703,42.619998931884766,12.592121124267578
2015-08-19,2.282999992370605,53.47011184692383,65.44599914550781,40.79999923706055,12.42162799835205
2015-08-20,2.322999954223633,53.10856628417969,65.05400085449219,41.13999938964844,12.42162799835205
2015-08-21,2.306999921798706,52.195194244384766,65.46099853515625,40.45000076293945,12.226778984069824
2015-08-24,2.2690000534057617,46.6008186340332,66.0260009765625,38.2400016784668,11.447381019592283
2015-08-25,2.322999954223633,48.19921112060547,66.80699920654297,39.310001373291016,11.496092796325684
2015-08-26,2.250999927520752,48.351444244384766,66.28299713134766,38.59999847412109,11.569164276123049
2015-08-27,2.3340001106262207,49.493141174316406,66.05599975585938,42.560001373291016,12.445982933044434
2015-08-28,2.3464999198913574,50.12109375,66.05500030517578,45.220001220703125,12.64083194732666
2015-08-31,2.338000059127808,48.389495849609375,66.14299774169922,49.20000076293945,12.64083194732666
2015-09-01,2.302500009536743,47.856689453125,66.3499984741211,45.40999984741211,11.910148620605469
2015-09-02,2.3329999446868896,48.69396209716797,66.4229965209961,46.25,11.983217239379885
2015-09-03,2.390000104904175,50.74902725219727,66.22599792480469,46.75,12.178068161010742
2015-09-04,2.319499969482422,50.2733268737793,66.16000366210938,46.04999923706055,11.642229080200195
2015-09-08,2.438499927520752,49.66440963745117,66.8030014038086,45.93999862670898,12.42162799835205
2015-09-09,2.442500114440918,51.3769760131836,66.40599822998047,44.150001525878906,12.42162799835205
2015-09-10,2.4544999599456787,50.19720458984375,66.59700012207031,45.91999816894531,12.494696617126465
2015-09-11,2.461999893188477,49.493141174316406,66.31900024414062,44.630001068115234,12.445982933044434
2015-09-14,2.4140000343322754,51.7385139465332,66.23400115966797,44.0,12.178068161010742
2015-09-15,2.436000108718872,51.54823303222656,66.31500244140625,44.59000015258789,12.299846649169922
2015-09-16,2.4614999294281006,50.55875396728516,66.43000030517578,47.150001525878906,12.616477012634276
2015-09-17,2.4614999294281006,50.55875396728516,66.19599914550781,46.900001525878906,12.738256454467772
2015-09-18,2.3970000743865967,51.70046615600586,66.12200164794922,44.68000030517578,12.178068161010742
2015-09-21,2.3984999656677246,51.643367767333984,65.86100006103516,46.68000030517578,11.861435890197754
2015-09-22,2.306999921798706,51.11057662963867,65.73899841308594,45.83000183105469,11.057684898376465
2015-09-23,2.305500030517578,51.52920913696289,65.875,44.47999954223633,10.838479042053224
2015-09-24,2.312000036239624,54.51667785644531,66.16200256347656,44.90999984741211,10.91154670715332
2015-09-25,2.2915000915527344,54.51667785644531,66.22100067138672,45.70000076293945,10.716696739196776
2015-09-28,2.25600004196167,52.385475158691406,66.16300201416016,44.43000030517578,10.0347261428833
2015-09-29,2.253499984741211,51.28183364868164,66.26000213623047,45.22999954223633,10.083438873291016
2015-09-30,2.345499992370605,53.20369720458984,65.91999816894531,45.09000015258789,10.32699966430664
2015-10-01,2.307499885559082,52.67091751098633,65.5270004272461,44.7400016784668,10.594918251037598
2015-10-02,2.3294999599456787,52.67091751098633,65.61799621582031,45.540000915527344,10.88719367980957
2015-10-05,2.359999895095825,54.42153549194336,65.35700225830078,46.2599983215332,11.642229080200195
2015-10-06,2.358999967575073,54.573760986328125,65.12300109863281,48.52999877929688,12.056285858154297
2015-10-07,2.371500015258789,56.45758056640625,65.18399810791016,47.810001373291016,12.811325073242188
2015-10-08,2.3469998836517334,55.16364288330078,64.93900299072266,49.43000030517578,13.030529975891112
2015-10-09,2.4170000553131104,57.25678634643555,64.99500274658203,49.630001068115234,13.615079879760742
2015-10-12,2.4195001125335693,56.40049743652344,64.77200317382812,47.09999847412109,13.371516227722168
2015-10-13,2.3914999961853027,58.151126861572266,64.78199768066406,46.65999984741211,12.9087495803833
2015-10-14,2.4200000762939453,57.504150390625,65.08499908447266,46.63999938964844,13.12795639038086
2015-10-15,2.4260001182556152,56.01993942260742,64.8489990234375,46.380001068115234,13.12795639038086
2015-10-16,2.407000064849853,58.702938079833984,64.78399658203125,47.2599983215332,12.835680961608888
2015-10-19,2.371500015258789,60.13008499145508,64.69499969482422,45.88999938964844,12.348560333251951
2015-10-20,2.369499921798706,60.60580062866211,64.95099639892578,45.54999923706055,12.27549171447754
2015-10-21,2.364000082015991,61.78557205200195,64.99400329589844,45.20000076293945,12.129354476928713
2015-10-22,2.384500026702881,61.78557205200195,65.15899658203125,45.380001068115234,12.494696617126465
2015-10-23,2.3499999046325684,61.29845428466797,65.05000305175781,44.59999847412109,12.71390151977539
2015-10-26,2.3564999103546143,61.29845428466797,64.88500213623047,43.97999954223633,12.64083194732666
2015-10-27,2.3580000400543213,62.058349609375,64.9010009765625,43.20000076293945,12.324204444885254
2015-10-28,2.3545000553131104,61.47382354736328,65.06700134277344,45.93999862670898,12.519050598144531
2015-10-29,2.315500020980835,60.655460357666016,64.94599914550781,46.060001373291016,12.104998588562012
2015-10-30,2.313499927520752,61.24000549316406,65.44400024414062,46.59000015258789,12.27549171447754
2015-11-02,2.315500020980835,60.71391677856445,65.41500091552734,46.13999938964844,12.27549171447754
2015-11-03,2.32699990272522,61.47382354736328,65.54100036621094,47.900001525878906,12.738256454467772
2015-11-04,2.319499969482422,61.12309265136719,65.53099822998047,46.31999969482422,12.494696617126465
2015-11-05,2.253499984741211,60.4216423034668,65.58499908447266,45.20000076293945,12.20242404937744
2015-11-06,2.241499900817871,59.62277603149414,65.86000061035156,44.290000915527344,11.910148620605469
2015-11-09,2.2300000190734863,60.59700012207031,66.13300323486328,43.869998931884766,11.642229080200195
2015-11-10,2.2165000438690186,56.40781784057617,66.46800231933594,44.209999084472656,11.496092796325684
2015-11-11,2.2165000438690186,56.40781784057617,66.19300079345703,42.93000030517578,11.13075351715088
2015-11-12,2.1730000972747803,56.40781784057617,66.06300354003906,41.75,10.765408515930176
2015-11-13,2.1700000762939453,56.622161865234375,66.0479965209961,40.7400016784668,10.5218505859375
2015-11-16,2.118000030517578,56.29090118408203,66.0510025024414,41.7400016784668,10.473137855529783
2015-11-17,2.1054999828338623,57.49895858764648,65.89700317382812,40.66999816894531,10.42442512512207
2015-11-18,2.078000068664551,54.90752410888672,66.03700256347656,40.75,10.570561408996582
2015-11-19,2.076499938964844,55.78431701660156,66.07499694824219,40.540000915527344,10.611156463623049
2015-11-20,2.053999900817871,55.23875427246094,66.08499908447266,40.38999938964844,10.473137855529783
2015-11-23,2.0195000171661377,55.511531829833984,66.05000305175781,41.75,10.172743797302246
2015-11-24,2.053499937057495,55.14132690429688,66.37100219726562,42.869998931884766,10.294525146484377
2015-11-25,2.0445001125335693,55.14132690429688,66.30000305175781,43.040000915527344,10.205219268798828
2015-11-27,2.05049991607666,55.55049896240234,66.55799865722656,41.709999084472656,10.148388862609863
2015-11-30,2.0445001125335693,55.95967864990234,66.9000015258789,41.650001525878906,10.24581527709961
2015-12-01,2.066499948501587,57.24566650390625,66.50800323486328,41.84999847412109,10.456897735595703
2015-12-02,2.0290000438690186,56.38833618164063,66.46099853515625,39.93999862670898,10.229576110839844
2015-12-03,2.055999994277954,55.95967864990234,66.55699920654297,41.08000183105469,10.115914344787598
2015-12-04,2.0739998817443848,57.40154647827149,66.8030014038086,39.970001220703125,10.172743797302246
2015-12-07,2.0445001125335693,57.24566650390625,66.63600158691406,37.650001525878906,9.669384002685549
2015-12-08,2.0480000972747803,55.43358612060547,66.76799774169922,37.5099983215332,9.393348693847656
2015-12-09,2.059999942779541,55.64793395996094,66.83300018310547,37.15999984741211,9.555724143981934
2015-12-10,2.065000057220459,55.64793395996094,66.88999938964844,36.7599983215332,9.653146743774414
2015-12-11,2.1080000400543213,54.49834442138672,66.78600311279297,35.619998931884766,9.409586906433104
2015-12-14,2.1040000915527344,55.043907165527344,67.14099884033203,36.310001373291016,9.149786949157717
2015-12-15,2.0510001182556152,56.739070892333984,67.07099914550781,37.34999847412109,9.141668319702148
2015-12-16,2.061000108718872,57.61587142944336,66.90299987792969,35.52000045776367,9.336517333984377
2015-12-17,2.0344998836517334,58.12246322631836,66.4280014038086,34.95000076293945,8.954936981201172
2015-12-18,2.1029999256134038,56.75854110717773,66.45899963378906,34.72999954223633,9.092957496643066
2015-12-21,2.128999948501587,57.7717399597168,66.24800109863281,34.7400016784668,9.255331039428713
2015-12-22,2.0969998836517334,56.329891204833984,66.26899719238281,36.13999938964844,9.490772247314451
2015-12-23,2.111500024795532,57.18720626831055,66.24299621582031,37.5,9.921065330505373
2015-12-24,2.111500024795532,58.00556945800781,66.15399932861328,38.09999847412109,9.929183959960938
2015-12-28,2.066499948501587,57.537933349609375,65.94000244140625,36.810001373291016,9.83987808227539
2015-12-29,2.125,56.89493942260742,66.13400268554688,37.869998931884766,9.86616325378418
2015-12-30,2.13700008392334,57.07030487060547,66.26000213623047,36.59999847412109,9.80044651031494
2015-12-31,2.125499963760376,57.05082702636719,66.45500183105469,37.040000915527344,9.70186710357666
2016-01-04,2.070499897003174,56.52473068237305,66.19300079345703,36.7599983215332,9.422557830810549
2016-01-05,2.088500022888184,58.94083023071289,66.60099792480469,35.970001220703125,9.4472017288208
2016-01-06,2.0804998874664307,56.77803802490234,66.52400207519531,33.970001220703125,8.970733642578125
2016-01-07,2.015500068664551,54.2060775756836,66.7239990234375,33.27000045776367,8.436763763427734
2016-01-08,2.0164999961853027,54.888031005859375,66.9209976196289,33.15999984741211,8.338184356689453
2016-01-11,1.9674999713897705,54.57627868652344,66.83999633789062,31.40999984741211,8.001370429992676
2016-01-12,1.9529999494552608,55.19977569580078,66.79299926757812,30.440000534057617,7.853500843048096
2016-01-13,1.950500011444092,55.316688537597656,66.91999816894531,30.479999542236328,7.697416305541992
2016-01-14,1.9709999561309812,55.29720687866211,66.93599700927734,31.200000762939453,7.845285892486572
2016-01-15,1.9394999742507932,54.63471984863281,67.30400085449219,29.420000076293945,7.524900913238525
2016-01-19,1.9735000133514404,54.1671028137207,67.71099853515625,28.459999084472656,7.590620517730713
2016-01-20,1.955999970436096,54.30349349975586,67.76699829101562,26.549999237060547,7.459181785583496
2016-01-21,1.993000030517578,55.18030548095703,67.9489974975586,29.530000686645508,7.689201354980469
2016-01-22,1.9984999895095823,56.48576354980469,67.80799865722656,32.189998626708984,7.927433967590332
2016-01-25,1.995499968528748,58.92134475708008,67.54100036621094,30.34000015258789,7.607051849365234
2016-01-26,2.0339999198913574,58.92134475708008,67.74099731445312,31.450000762939453,7.927433967590332
2016-01-27,2.062999963760376,62.25320816040039,67.7699966430664,32.29999923706055,7.787779331207275
2016-01-28,2.049000024795532,64.12371063232422,68.19599914550781,33.220001220703125,8.067089080810547
2016-01-29,2.063999891281128,62.74031829833984,68.09300231933594,33.619998931884766,8.223173141479492
2016-02-01,2.051500082015991,62.3701057434082,67.87000274658203,31.6200008392334,8.099949836730957
2016-02-02,2.052000045776367,60.73341369628906,67.88200378417969,29.8799991607666,7.771350860595703
2016-02-03,2.0920000076293945,60.343711853027344,67.98600006103516,32.279998779296875,8.264250755310059
2016-02-04,2.128000020980835,62.89617919921875,67.927001953125,31.71999931335449,8.84751033782959
2016-02-05,2.1005001068115234,65.56556701660156,67.56400299072266,30.88999938964844,8.872156143188477
2016-02-08,2.088500022888184,65.35124969482422,67.802001953125,29.690000534057617,8.740717887878418
2016-02-09,2.0385000705718994,63.90938186645508,68.07599639892578,27.940000534057617,8.313538551330566
2016-02-10,2.025000095367432,63.26640319824219,67.9280014038086,27.450000762939453,8.264250755310059
2016-02-11,2.003999948501587,62.79875564575195,67.89299774169922,26.209999084472656,8.034229278564453
2016-02-12,2.0269999504089355,61.571231842041016,68.4739990234375,29.440000534057617,8.49426555633545
2016-02-16,2.049000024795532,64.47442626953125,68.13700103759766,29.040000915527344,8.987164497375488
2016-02-17,2.0739998817443848,63.61712265014648,68.50599670410156,30.65999984741211,9.611502647399902
2016-02-18,2.071500062942505,64.47442626953125,68.35600280761719,30.770000457763672,9.603286743164062
2016-02-19,2.075500011444092,63.9873275756836,68.56600189208984,29.63999938964844,9.54577922821045
2016-02-22,2.11299991607666,63.831451416015625,68.53800201416016,31.479999542236328,10.129043579101562
2016-02-23,2.1045000553131104,63.8509407043457,68.5739974975586,31.8700008392334,9.70186710357666
2016-02-24,2.095000028610229,63.87042236328125,68.60299682617188,32.150001525878906,9.553997039794922
2016-02-25,2.065000057220459,63.8509407043457,68.3759994506836,33.06999969482422,9.636146545410156
2016-02-26,2.118000030517578,63.46124649047852,68.7969970703125,32.779998779296875,9.767587661743164
2016-02-29,2.128499984741211,62.48701858520508,68.7300033569336,33.75,9.792231559753418
2016-03-01,2.1414999961853027,63.51969528198242,68.21800231933594,34.400001525878906,10.194764137268066
2016-03-02,2.177500009536743,63.14947128295898,67.74600219726562,34.65999984741211,11.155912399291992
2016-03-03,2.2044999599456787,66.32547760009766,67.38800048828125,34.56999969482422,11.55023193359375
2016-03-04,2.2709999084472656,67.59195709228516,67.14299774169922,35.91999816894531,12.075987815856934
2016-03-07,2.2804999351501465,67.59195709228516,66.93000030517578,37.900001525878906,12.182782173156738
2016-03-08,2.2184998989105225,67.94270324707031,67.0459976196289,36.5,11.328429222106934
2016-03-09,2.2300000190734863,67.06588745117188,67.35700225830078,38.290000915527344,11.55023193359375
2016-03-10,2.2174999713897705,66.15011596679688,67.1449966430664,37.84000015258789,11.57487678527832
2016-03-11,2.2385001182556152,65.91629028320312,67.30899810791016,38.5,11.821328163146973
2016-03-14,2.236999988555908,66.42288208007812,66.91300201416016,37.18000030517578,11.92812156677246
2016-03-15,2.2309999465942383,66.87102508544922,67.17400360107422,36.34000015258789,11.196989059448242
2016-03-16,2.2314999103546143,65.93577575683594,67.35900115966797,38.459999084472656,11.558446884155272
2016-03-17,2.2890000343322754,65.89679718017578,66.83000183105469,40.20000076293945,12.437445640563965
2016-03-18,2.2795000076293945,66.83206176757812,66.61199951171875,39.43999862670898,12.42101764678955
2016-03-21,2.289499998092652,66.85157012939453,66.3759994506836,39.90999984741211,12.445659637451172
2016-03-22,2.2844998836517334,66.2475357055664,66.5199966430664,41.45000076293945,12.536027908325195
2016-03-23,2.2304999828338623,66.0721664428711,66.76399993896484,39.790000915527344,11.53380298614502
2016-03-24,2.2244999408721924,66.0721664428711,66.9020004272461,39.459999084472656,11.714531898498535
2016-03-28,2.241499900817871,65.46815490722656,66.90699768066406,39.38999938964844,11.739175796508787
2016-03-29,2.2084999084472656,66.22804260253906,66.90699768066406,38.27999877929688,11.476296424865724
2016-03-30,2.187000036239624,68.21548461914062,66.36799621582031,38.31999969482422,11.591304779052734
2016-03-31,2.18149995803833,71.54733276367188,66.36799621582031,38.34000015258789,11.591304779052734
2016-04-01,2.1610000133514404,72.01497650146484,66.24800109863281,36.790000915527344,11.476296424865724
2016-04-04,2.138000011444092,73.33990478515625,66.35800170898438,35.70000076293945,11.221633911132812
2016-04-05,2.134999990463257,72.77484893798828,66.13300323486328,35.88999938964844,10.999829292297363
2016-04-06,2.140500068664551,72.5289306640625,66.46800231933594,37.75,11.01626205444336
2016-04-07,2.07450008392334,71.76876831054688,66.53299713134766,37.2599983215332,10.556222915649414
2016-04-08,2.0864999294281006,71.58988952636719,66.77899932861328,39.720001220703125,10.802668571472168
2016-04-11,2.088500022888184,71.6569595336914,66.54399871826172,40.36000061035156,11.106623649597168
2016-04-12,2.1449999809265137,71.3439712524414,66.29000091552734,42.16999816894531,11.845970153808594
2016-04-13,2.1675000190734863,74.20575714111328,66.31500244140625,41.7599983215332,11.94454860687256
2016-04-14,2.1710000038146973,74.20575714111328,66.5250015258789,41.5,11.903475761413574
2016-04-15,2.1519999504089355,74.20575714111328,66.63700103759766,40.36000061035156,11.936336517333984
2016-04-18,2.1640000343322754,75.54722595214844,66.65299987792969,39.77999877929688,12.314223289489746
2016-04-19,2.2230000495910645,75.54722595214844,66.40899658203125,41.08000183105469,13.324663162231444
2016-04-20,2.242000102996826,78.23017120361328,66.22200012207031,42.630001068115234,13.423242568969728
2016-04-21,2.252000093460083,77.87245178222656,66.2040023803711,43.18000030517578,13.1275053024292
2016-04-22,2.2690000534057617,76.9557876586914,66.51200103759766,43.72999954223633,13.209654808044434
2016-04-25,2.258500099182129,75.79318237304688,66.65299987792969,42.63999938964844,12.905699729919434
2016-04-26,2.248500108718872,77.1346435546875,66.70500183105469,44.040000915527344,13.1275053024292
2016-04-27,2.220499992370605,77.31350708007812,66.45700073242188,45.33000183105469,13.390382766723633
2016-04-28,2.2244999408721924,76.9557876586914,66.3550033569336,46.02999877929688,13.41502857208252
2016-04-29,2.2790000438690186,76.9557876586914,66.43800354003906,45.91999816894531,14.121514320373535
2016-05-02,2.2614998817443848,78.00660705566406,66.41799926757812,44.77999877929688,14.006502151489258
2016-05-03,2.2144999504089355,77.38058471679688,66.37100219726562,43.650001525878906,13.267157554626465
2016-05-04,2.183000087738037,74.16104888916016,66.59200286865234,43.77999877929688,12.6838960647583
2016-05-05,2.151000022888184,75.01066589355469,66.62000274658203,44.31999969482422,12.634607315063477
2016-05-06,2.151000022888184,75.99439239501953,66.60199737548828,44.65999984741211,12.6838960647583
2016-05-09,2.1040000915527344,75.90497589111328,66.59400177001953,43.43999862670898,11.903475761413574
2016-05-10,2.0899999141693115,74.36225891113281,66.72100067138672,44.65999984741211,12.084205627441406
2016-05-11,2.1010000705718994,75.05537414550781,66.66600036621094,46.22999954223633,12.289578437805176
2016-05-12,2.072999954223633,75.12244415283203,66.59100341796875,46.70000076293945,11.993839263916016
2016-05-13,2.075000047683716,74.4293441772461,66.7509994506836,46.209999084472656,11.887045860290527
2016-05-16,2.0910000801086426,74.74236297607422,66.9000015258789,47.720001220703125,12.149925231933594
2016-05-17,2.0920000076293945,75.27894592285156,66.875,48.310001373291016,12.437445640563965
2016-05-18,2.0815000534057617,75.1000747680664,66.86799621582031,48.18999862670898,11.960980415344238
2016-05-19,2.062999963760376,74.5858383178711,67.16000366210938,48.15999984741211,11.862401008605955
2016-05-20,2.058500051498413,72.19355010986328,67.47699737548828,47.75,11.977410316467283
2016-05-23,2.057499885559082,74.49642181396484,67.4229965209961,48.08000183105469,11.952765464782717
2016-05-24,2.069499969482422,74.47405242919922,67.447998046875,48.619998931884766,11.780251502990724
2016-05-25,2.1050000190734863,74.65291595458984,67.6510009765625,49.560001373291016,12.158141136169434
2016-05-26,2.1064999103546143,74.65291595458984,67.30400085449219,49.47999954223633,12.117066383361816
2016-05-27,2.114000082015991,75.34601593017578,66.9540023803711,49.33000183105469,12.100635528564451
2016-05-31,2.0975000858306885,76.35212707519531,67.13300323486328,49.09999847412109,11.919903755187988
2016-06-01,2.072499990463257,75.50251770019531,67.23100280761719,49.0099983215332,11.94454860687256
2016-06-02,2.069499969482422,75.23422241210938,67.4260025024414,49.16999816894531,11.8131103515625
2016-06-03,2.111999988555908,75.03301239013672,67.29199981689453,48.619998931884766,12.363513946533203
2016-06-06,2.117000102996826,75.97203063964844,66.99199676513672,49.68999862670898,12.8646240234375
2016-06-07,2.0510001182556152,76.68748474121094,66.8010025024414,50.36000061035156,12.798905372619627
2016-06-08,2.0625,76.1285400390625,66.76300048828125,51.22999954223633,13.078213691711426
2016-06-09,2.039999961853028,79.0350570678711,66.51000213623047,50.560001373291016,12.757830619812012
2016-06-10,2.031500101089477,77.53709411621094,66.74099731445312,49.06999969482422,12.281363487243652
2016-06-13,2.057499885559082,78.69969177246094,66.94499969482422,48.880001068115234,12.20742893218994
2016-06-14,2.0445001125335693,78.9679946899414,67.15399932861328,48.4900016784668,11.862401008605955
2016-06-15,2.0934998989105225,78.23017120361328,67.2979965209961,48.0099983215332,12.24028778076172
2016-06-16,2.049999952316284,76.843994140625,67.072998046875,46.209999084472656,11.985625267028809
2016-06-17,2.052500009536743,76.88870239257812,67.30699920654297,47.97999954223633,12.281363487243652
2016-06-20,2.0934998989105225,78.99034881591797,67.06600189208984,49.369998931884766,12.61817741394043
2016-06-21,2.116499900817871,79.1692123413086,67.12999725341797,48.84999847412109,12.601746559143066
2016-06-22,2.135499954223633,78.2525405883789,67.60600280761719,49.130001068115234,12.527812957763672
2016-06-23,2.1635000705718994,78.23017120361328,67.4219970703125,50.11000061035156,12.905699729919434
2016-06-24,2.111999988555908,75.86023712158203,67.24199676513672,47.63999938964844,11.960980415344238
2016-06-27,2.126499891281128,75.21187591552734,67.87699890136719,46.33000183105469,11.525588035583496
2016-06-28,2.1700000762939453,76.75456237792969,67.9209976196289,47.84999847412109,12.06777286529541
2016-06-29,2.183500051498413,79.1692123413086,67.70500183105469,49.880001068115234,12.322440147399902
2016-06-30,2.194499969482422,80.73426055908203,67.41600036621094,48.33000183105469,12.659250259399414
2016-07-01,2.2149999141693115,79.25863647460938,67.5009994506836,48.9900016784668,12.897486686706545
2016-07-05,2.18149995803833,82.83589172363281,67.23699951171875,46.59999847412109,12.77426052093506
2016-07-06,2.15149998664856,82.83589172363281,67.4260025024414,47.43000030517578,12.798905372619627
2016-07-07,2.122499942779541,83.57371520996094,67.4010009765625,45.13999938964844,12.708540916442873
2016-07-08,2.118499994277954,83.64078521728516,67.49700164794922,45.40999984741211,12.971420288085938
2016-07-11,2.1470000743865967,84.98224639892578,67.13200378417969,44.7599983215332,13.40681266784668
2016-07-12,2.2109999656677246,87.37454986572266,67.1449966430664,46.79999923706055,13.949000358581545
2016-07-13,2.23799991607666,86.54731750488281,66.87000274658203,44.75,14.080438613891602
2016-07-14,2.240999937057495,87.21804809570312,67.00599670410156,45.68000030517578,14.187233924865724
2016-07-15,2.2304999828338623,87.70991516113281,66.83799743652344,45.95000076293945,14.064011573791504
2016-07-18,2.233999967575073,84.53511810302734,67.13300323486328,45.2400016784668,13.998291015625
2016-07-19,2.2614998817443848,86.03306579589844,67.13899993896484,44.650001525878906,13.612188339233398
2016-07-20,2.252000093460083,86.9497299194336,67.20600128173828,44.93999862670898,13.56289768218994
2016-07-21,2.25600004196167,86.70380401611328,67.16400146484375,44.75,13.718982696533203
2016-07-22,2.233999967575073,86.72616577148438,67.15399932861328,44.18999862670898,13.661476135253906
2016-07-25,2.2160000801086426,87.70991516113281,67.14600372314453,43.130001068115234,13.49717903137207
2016-07-26,2.2249999046325684,90.59407806396484,67.40499877929688,42.91999816894531,13.74362564086914
2016-07-27,2.184999942779541,93.12052917480467,67.28399658203125,41.91999816894531,13.809343338012695
2016-07-28,2.2060000896453857,90.59407806396484,67.06300354003906,41.13999938964844,14.16258716583252
2016-07-29,2.220499992370605,91.19774627685548,67.00700378417969,41.59999847412109,14.294028282165527
2016-08-01,2.196500062942505,94.66322326660156,66.64800262451172,40.060001373291016,14.055795669555664
2016-08-02,2.2065000534057617,92.51685333251952,66.7509994506836,39.5099983215332,14.04758071899414
2016-08-03,2.196000099182129,92.42743682861328,66.6760025024414,40.83000183105469,14.055795669555664
2016-08-04,2.174000024795532,93.12052917480467,66.76000213623047,41.93000030517578,14.039365768432615
2016-08-05,2.1530001163482666,97.74860382080078,66.84100341796875,41.79999923706055,13.899709701538086
2016-08-08,2.1640000343322754,98.79942321777344,66.83499908447266,43.02000045776367,14.055795669555664
2016-08-09,2.149499893188477,98.5311279296875,66.79399871826172,42.77000045776367,14.096868515014648
2016-08-10,2.1705000400543213,98.37462615966795,66.78299713134766,41.709999084472656,14.137945175170898
2016-08-11,2.190000057220459,97.10022735595705,66.75800323486328,43.4900016784668,14.28581428527832
2016-08-12,2.140500068664551,98.083984375,66.73999786376953,44.4900016784668,14.031149864196776
2016-08-15,2.15149998664856,98.083984375,66.89959716796875,45.7400016784668,14.072222709655762
2016-08-16,2.171999931335449,102.0860366821289,66.86489868164062,46.58000183105469,14.28581428527832
2016-08-17,2.1519999504089355,99.78314971923828,66.85769653320312,46.790000915527344,14.04758071899414
2016-08-18,2.1670000553131104,101.95189666748048,66.90550231933594,48.220001220703125,14.351533889770508
2016-08-19,2.1665000915527344,102.37667083740234,66.81999969482422,48.52000045776367,14.187233924865724
2016-08-22,2.140000104904175,102.93563079833984,67.12750244140625,47.04999923706055,14.088655471801758
2016-08-23,2.115000009536743,101.61650848388672,67.1874008178711,48.09999847412109,14.129734992980955
2016-08-24,2.075999975204468,102.04132843017578,67.12999725341797,46.77000045776367,13.60397243499756
2016-08-25,2.075500011444092,100.07382202148438,67.16000366210938,47.33000183105469,13.579327583312988
2016-08-26,2.075000047683716,100.58805847167967,67.00559997558594,47.63999938964844,13.62039852142334
2016-08-29,2.072499990463257,101.5494613647461,67.12899780273438,46.97999954223633,13.60397243499756
2016-08-30,2.069000005722046,102.1307373046875,67.08999633789062,46.34999847412109,13.209654808044434
2016-08-31,2.069499969482422,101.5047378540039,67.12660217285156,44.70000076293945,13.020709991455078
2016-09-01,2.06850004196167,100.96812438964844,66.97470092773438,43.15999984741211,13.102859497070312
2016-09-02,2.071500062942505,101.72832489013672,66.79299926757812,44.43999862670898,13.472532272338867
2016-09-06,2.0840001106262207,102.93563079833984,66.45999908447266,44.83000183105469,13.661476135253906
2016-09-07,2.0929999351501465,102.1083984375,66.25520324707031,45.5,13.6532621383667
2016-09-08,2.095999956130981,99.98436737060548,66.47160339355469,47.619998931884766,13.645047187805176
2016-09-09,2.088500022888184,98.5311279296875,66.44999694824219,45.880001068115234,13.242513656616213
2016-09-12,2.095999956130981,95.04329681396484,66.77799987792969,46.290000915527344,13.308234214782717
2016-09-13,2.095499992370605,95.04329681396484,66.7229995727539,44.900001525878906,12.807121276855469
2016-09-14,2.1480000019073486,98.5311279296875,66.99500274658203,43.58000183105469,13.061784744262695
2016-09-15,2.1519999504089355,97.83804321289062,66.75810241699219,43.90999984741211,13.045355796813965
2016-09-16,2.15149998664856,94.70791625976562,66.85030364990234,43.02999877929688,13.135719299316406
2016-09-19,2.1489999294281006,96.98843383789062,67.06529998779297,43.29999923706055,13.160364151000977
2016-09-20,2.1554999351501465,98.84412384033205,66.9552001953125,43.43999862670898,13.226082801818848
2016-09-21,2.1449999809265137,98.26284790039062,66.9749984741211,45.34000015258789,13.456101417541504
2016-09-22,2.1875,99.80553436279295,66.76119995117188,46.31999969482422,13.776487350463867
2016-09-23,2.192500114440918,101.70594787597656,66.62259674072266,44.47999954223633,13.702553749084473
2016-09-26,2.190000057220459,102.71205139160156,66.69650268554688,45.93000030517578,13.58754062652588
2016-09-27,2.1614999771118164,102.37667083740234,66.60649871826172,44.66999816894531,13.341093063354492
2016-09-28,2.179500102996826,103.09214782714844,66.44129943847656,47.04999923706055,13.686120986938477
2016-09-29,2.180999994277954,102.46610260009766,66.33280181884766,47.83000183105469,13.718982696533203
2016-09-30,2.20199990272522,104.34417724609376,66.81629943847656,48.2400016784668,13.784700393676758
2016-10-03,2.183500051498413,113.77919006347656,66.54650115966797,48.810001373291016,13.74362564086914
2016-10-04,2.158499956130981,112.66130828857422,66.38030242919922,48.68999862670898,13.36573886871338
2016-10-05,2.1559998989105225,113.2873306274414,66.5780029296875,49.83000183105469,13.636831283569336
2016-10-06,2.1480000019073486,111.78934478759766,66.56320190429688,50.43999862670898,13.398597717285156
2016-10-07,2.156500101089477,112.6836395263672,66.68710327148438,49.810001373291016,13.546468734741213
2016-10-11,2.178499937057495,112.6836395263672,66.48509979248047,50.790000915527344,13.423242568969728
2016-10-12,2.1695001125335693,112.6836395263672,66.79850006103516,50.18000030517578,13.612188339233398
2016-10-13,2.115000009536743,108.81574249267578,66.81809997558594,50.43999862670898,13.49717903137207
2016-10-14,2.1034998893737797,109.88893127441406,66.78399658203125,50.34999847412109,13.472532272338867
2016-10-17,2.0994999408721924,107.47429656982422,66.7052993774414,49.93999862670898,13.546468734741213
2016-10-18,2.0980000495910645,109.55358123779295,66.78359985351562,50.290000915527344,13.932568550109863
2016-10-19,2.0969998836517334,110.93975067138672,66.73799896240234,51.59999847412109,13.866851806640623
2016-10-20,2.0905001163482666,111.74462890625,66.63639831542969,50.43000030517578,13.866851806640623
2016-10-21,2.0834999084472656,111.65518951416016,66.84130096435547,50.84999847412109,13.949000358581545
2016-10-24,2.087500095367432,113.24259948730467,66.91120147705078,50.52000045776367,13.825777053833008
2016-10-25,2.132499933242798,113.86859893798828,66.83399963378906,49.959999084472656,14.187233924865724
2016-10-26,2.13949990272522,113.2202606201172,66.78130340576172,49.18000030517578,14.105087280273438
2016-10-27,2.1654999256134038,112.14706420898438,66.86399841308594,49.720001220703125,14.129734992980955
2016-10-28,2.188499927520752,113.10845184326172,66.90299987792969,48.70000076293945,14.179017066955566
2016-10-31,2.200500011444092,113.10845184326172,66.78140258789062,46.86000061035156,14.409037590026855
2016-11-01,2.2244999408721924,121.87272644042967,66.66549682617188,46.66999816894531,14.376177787780762
2016-11-02,2.2260000705718994,120.5089340209961,66.67849731445312,45.34000015258789,14.220093727111816
2016-11-03,2.244499921798706,119.48046112060548,66.77749633789062,44.65999984741211,14.376177787780762
2016-11-04,2.260999917984009,115.13448333740234,66.68450164794922,44.06999969482422,14.310461044311523
2016-11-07,2.30649995803833,118.19695281982422,66.7853012084961,44.88999938964844,15.016947746276855
2016-11-08,2.378999948501587,116.71073150634766,66.73500061035156,44.97999954223633,15.567350387573242
2016-11-09,2.4590001106262207,114.14369201660156,66.22949981689453,45.27000045776367,16.15060806274414
2016-11-10,2.549499988555908,116.23785400390624,66.50749969482422,44.65999984741211,17.087114334106445
2016-11-14,2.5185000896453857,116.23785400390624,67.54679870605469,43.31999969482422,16.717439651489258
2016-11-15,2.502000093460083,107.45584106445312,67.77549743652344,45.810001373291016,16.586000442504883
2016-11-16,2.4649999141693115,107.16309356689452,67.74800109863281,45.56999969482422,16.421703338623047
2016-11-17,2.487499952316284,112.90520477294922,67.98149871826172,45.41999816894531,16.46277618408203
2016-11-18,2.46399998664856,112.49986267089844,67.97480010986328,45.68999862670898,16.199899673461914
2016-11-21,2.512500047683716,110.09044647216795,68.16999816894531,47.4900016784668,16.618854522705078
2016-11-22,2.5425000190734863,113.9410400390625,68.21549987792969,48.02999877929688,17.391067504882812
2016-11-23,2.6059999465942383,116.1027374267578,68.385498046875,47.959999084472656,17.752531051635742
2016-11-25,2.6670000553131104,123.06080627441406,68.74549865722656,46.060001373291016,17.949689865112305
2016-11-28,2.6559998989105225,128.12734985351562,68.50849914550781,47.08000183105469,18.03183364868164
2016-11-29,2.595000028610229,127.1590805053711,68.55549621582031,45.22999954223633,17.440359115600586
2016-11-30,2.621500015258789,127.27165985107422,68.60800170898438,49.43999862670898,17.46500587463379
2016-12-01,2.631500005722046,123.84894561767578,68.58799743652344,51.060001373291016,17.563583374023438
2016-12-02,2.615000009536743,122.74554443359376,68.21649932861328,51.68000030517578,17.736095428466797
2016-12-05,2.688999891281128,123.91650390625,68.0114974975586,51.790000915527344,18.37686538696289
2016-12-06,2.671999931335449,124.2768096923828,68.01249694824219,50.93000030517578,18.352222442626957
2016-12-07,2.63700008392334,125.4026870727539,67.72200012207031,49.77000045776367,18.721893310546875
2016-12-08,2.619999885559082,127.74456024169922,67.43150329589844,50.84000015258789,18.92726325988769
2016-12-09,2.6419999599456787,126.61865997314452,67.40599822998047,51.5,18.820470809936523
2016-12-12,2.61299991607666,126.5736312866211,67.46050262451172,52.83000183105469,18.8944034576416
2016-12-13,2.5929999351501465,125.26758575439452,67.41799926757812,52.97999954223633,18.352222442626957
2016-12-14,2.5999999046325684,124.59204864501952,67.3864974975586,51.040000915527344,18.064697265625
2016-12-15,2.595999956130981,128.48764038085938,67.81999969482422,50.900001525878906,17.604658126831055
2016-12-16,2.561000108718872,126.61865997314452,67.84500122070312,51.900001525878906,17.185693740844727
2016-12-19,2.496500015258789,121.37197875976562,67.83499908447266,52.119998931884766,16.651723861694336
2016-12-20,2.499500036239624,118.12935638427734,67.84020233154297,52.22999954223633,16.97210693359375
2016-12-21,2.491499900817871,120.1559600830078,67.89700317382812,52.4900016784668,16.9885311126709
2016-12-22,2.494499921798706,117.52141571044922,67.82550048828125,52.95000076293945,16.643510818481445
2016-12-23,2.4725000858306885,116.39549255371094,67.83799743652344,53.02000045776367,16.602428436279297
2016-12-27,2.507999897003174,113.67081451416016,67.77200317382812,53.900001525878906,16.659936904907227
2016-12-28,2.494999885559082,112.40982055664062,67.96800231933594,54.060001373291016,16.667375564575195
2016-12-29,2.4790000915527344,115.51729583740234,68.20500183105469,53.77000045776367,16.642581939697266
2016-12-30,2.497499942779541,115.02186584472656,67.93299865722656,53.720001220703125,16.52689552307129
2017-01-03,2.4809999465942383,116.8233413696289,68.13390350341797,52.33000183105469,17.047489166259766
2017-01-04,2.5480000972747803,113.17543029785156,68.2697982788086,53.2599983215332,17.54330062866211
2017-01-05,2.5295000076293945,117.9492416381836,67.885498046875,53.7599983215332,17.97299575805664
2017-01-06,2.5380001068115234,119.12015533447266,67.73300170898438,53.9900016784668,17.667251586914062
2017-01-09,2.5299999713897705,121.57464599609376,68.1426010131836,51.959999084472656,17.71683120727539
2017-01-10,2.6034998893737797,122.88065338134766,68.09700012207031,50.81999969482422,18.394437789916992
2017-01-11,2.6010000705718994,125.26758575439452,68.31800079345703,52.25,18.79108238220215
2017-01-12,2.6605000495910645,124.05162048339844,68.13999938964844,53.0099983215332,19.01419258117676
2017-01-13,2.680500030517578,125.01985931396484,68.12950134277344,52.369998931884766,19.187728881835938
2017-01-17,2.616499900817871,128.3300323486328,68.09459686279297,52.47999954223633,18.75802230834961
2017-01-18,2.6080000400543213,130.40167236328125,67.89949798583984,51.08000183105469,18.683656692504883
2017-01-19,2.6015000343322754,132.02297973632812,68.197998046875,51.369998931884766,18.824132919311523
2017-01-20,2.617000102996826,129.7261199951172,68.09030151367188,52.41999816894531,18.84892463684082
2017-01-23,2.63949990272522,132.9011688232422,68.07720184326172,52.75,19.19598388671875
2017-01-24,2.700500011444092,136.7517547607422,68.05139923095703,53.18000030517578,20.113231658935547
2017-01-25,2.702500104904175,135.31060791015625,68.16449737548828,52.75,20.642091751098636
2017-01-26,2.6659998893737797,135.31060791015625,67.9729995727539,53.77999877929688,20.146286010742188
2017-01-27,2.680000066757202,135.4006805419922,68.14900207519531,53.16999816894531,20.20412826538086
2017-01-30,2.6475000381469727,135.2655792236328,68.11000061035156,52.630001068115234,19.95622444152832
2017-01-31,2.7214999198913574,134.61253356933594,67.82099914550781,52.810001373291016,20.40245056152344
2017-02-01,2.7044999599456787,138.12535095214844,67.50160217285156,53.880001068115234,20.77430725097656
2017-02-02,2.677999973297119,145.2635040283203,67.39540100097656,53.540000915527344,20.68341064453125
2017-02-03,2.609499931335449,144.9482879638672,67.2656021118164,53.83000183105469,20.22892189025879
2017-02-06,2.6454999446868896,141.8408203125,67.15730285644531,53.0099983215332,20.21239471435547
2017-02-07,2.625999927520752,140.0618896484375,67.19529724121094,52.16999816894531,20.286762237548828
2017-02-08,2.6605000495910645,142.87664794921875,67.34049987792969,52.34000015258789,20.485082626342773
2017-02-09,2.6480000019073486,143.16937255859375,66.96430206298828,53.0,20.4520320892334
2017-02-10,2.76200008392334,141.27784729003906,66.74530029296875,53.86000061035156,21.27837181091309
2017-02-13,2.77649998664856,141.75071716308594,66.84369659423828,52.93000030517578,21.691547393798828
2017-02-14,2.7309999465942383,136.63916015625,66.91539764404297,53.20000076293945,21.66675567626953
2017-02-15,2.736000061035156,132.02297973632812,66.7759017944336,53.11000061035156,21.270109176635746
2017-02-16,2.7160000801086426,136.18881225585938,66.8655014038086,53.36000061035156,20.939577102661133
2017-02-17,2.7054998874664307,135.0178680419922,67.16480255126953,53.400001525878906,20.43550491333008
2017-02-21,2.745500087738037,136.6166534423828,66.96499633789062,54.060001373291016,20.9643669128418
2017-02-22,2.7325000762939453,136.16627502441406,66.96510314941406,53.59000015258789,20.58424568176269
2017-02-23,2.6424999237060547,136.00865173339844,66.91429901123047,54.45000076293945,20.104969024658203
2017-02-24,2.680000066757202,136.00865173339844,66.68280029296875,53.9900016784668,19.8570613861084
2017-02-27,2.6875,138.32801818847656,66.63500213623047,54.04999923706055,19.57610893249512
2017-02-28,2.7039999961853027,138.868408203125,66.69319915771484,54.0099983215332,19.369524002075195
2017-03-01,2.7265000343322754,143.3044891357422,66.7051010131836,53.83000183105469,20.21239471435547
2017-03-02,2.679500102996826,139.7691650390625,66.85800170898438,52.61000061035156,19.60089492797852
2017-03-03,2.687000036239624,141.2553253173828,66.84510040283203,53.33000183105469,19.74963760375977
2017-03-06,2.6429998874664307,139.2962646484375,66.77300262451172,53.20000076293945,19.17946052551269
2017-03-07,2.609499931335449,134.4549102783203,66.66470336914062,53.13999938964844,18.691919326782227
2017-03-08,2.5920000076293945,133.7343292236328,66.61620330810547,50.27999877929688,18.320068359375
2017-03-09,2.569999933242798,131.144775390625,66.76499938964844,49.27999877929688,17.692041397094727
2017-03-10,2.5864999294281006,127.96973419189452,66.68049621582031,48.4900016784668,17.931684494018555
2017-03-13,2.616499900817871,127.96973419189452,66.48500061035156,48.400001525878906,18.410961151123047
2017-03-14,2.624000072479248,131.23484802246094,66.17009735107422,47.720001220703125,18.09695053100586
2017-03-15,2.6454999446868896,131.68521118164062,65.77510070800781,48.86000061035156,18.96461296081543
2017-03-16,2.6654999256134038,138.62075805664062,65.62049865722656,48.75,19.435630798339844
2017-03-17,2.679500102996826,139.634033203125,65.40450286865234,48.77999877929688,19.468679428100582
2017-03-20,2.6554999351501465,140.2195281982422,65.46810150146484,48.220001220703125,19.344728469848636
2017-03-21,2.609999895095825,138.3505401611328,65.33529663085938,47.34000015258789,18.658864974975582
2017-03-22,2.621999979019165,140.44468688964844,65.49500274658203,48.040000915527344,18.782814025878903
2017-03-23,2.6364998817443848,143.91246032714844,65.36499786376953,47.70000076293945,18.708444595336918
2017-03-24,2.623500108718872,145.5787811279297,65.44439697265625,47.970001220703125,18.55143928527832
2017-03-27,2.625,145.8715057373047,65.39309692382812,47.72999954223633,18.229162216186523
2017-03-28,2.6689999103546143,146.81729125976562,65.04499816894531,48.369998931884766,18.410961151123047
2017-03-29,2.6700000762939453,142.66114807128906,65.11000061035156,49.5099983215332,18.63407516479492
2017-03-30,2.664999961853028,140.57080078125,64.77999877929688,50.34999847412109,18.840660095214844
2017-03-31,2.6465001106262207,142.04635620117188,64.79000091552734,50.59999847412109,18.534912109375
2017-04-03,2.5975000858306885,143.42352294921875,64.79669952392578,50.2400016784668,18.526647567749023
2017-04-04,2.6059999465942383,143.42352294921875,64.87750244140625,51.02999877929688,18.80760955810547
2017-04-05,2.67549991607666,143.32516479492188,65.05000305175781,51.150001525878906,19.00592803955078
2017-04-06,2.6554999351501465,141.72665405273438,65.04000091552734,51.70000076293945,19.02245712280273
2017-04-07,2.6449999809265137,139.66087341308594,64.58000183105469,52.2400016784668,18.832399368286133
2017-04-10,2.601999998092652,141.11181640625,64.26000213623047,53.08000183105469,18.824132919311523
2017-04-11,2.6059999465942383,139.90679931640625,64.57499694824219,53.400001525878906,18.708444595336918
2017-04-12,2.5439999103546143,138.67718505859375,64.62999725341797,53.11000061035156,18.22090148925781
2017-04-13,2.569499969482422,138.4558563232422,64.5,53.18000030517578,17.873836517333984
2017-04-17,2.595000028610229,136.68515014648438,64.45369720458984,52.650001525878906,17.96473503112793
2017-04-18,2.5290000438690186,134.22592163085938,64.4083023071289,52.40999984741211,17.501983642578125
2017-04-19,2.533499956130981,133.31600952148438,64.56999969482422,50.43999862670898,17.435874938964844
2017-04-20,2.5409998893737797,138.87391662597656,64.64669799804688,50.27000045776367,17.667251586914062
2017-04-21,2.5364999771118164,134.17674255371094,64.66000366210938,49.619998931884766,17.48545265197754
2017-04-24,2.553499937057495,135.3817596435547,64.63999938964844,49.22999954223633,17.551559448242188
2017-04-25,2.5820000171661377,134.1029815673828,64.38999938964844,49.560001373291016,17.67551040649414
2017-04-26,2.5910000801086426,133.9553985595703,64.3499984741211,49.619998931884766,17.71683120727539
2017-04-27,2.5799999237060547,131.0780792236328,64.0199966430664,48.970001220703125,17.386293411254883
2017-04-28,2.5964999198913574,131.79127502441406,64.05999755859375,49.33000183105469,17.67551040649414
2017-05-01,2.650000095367432,131.79127502441406,64.25830078125,48.84000015258789,17.807727813720703
2017-05-02,2.625,132.20932006835938,64.18000030517578,47.65999984741211,17.634199142456055
2017-05-03,2.532999992370605,130.24192810058594,64.06999969482422,47.81999969482422,17.047489166259766
2017-05-04,2.502000093460083,128.24993896484375,64.20999908447266,45.52000045776367,16.31204605102539
2017-05-05,2.5195000171661377,123.1347198486328,64.16999816894531,46.220001220703125,16.444259643554688
2017-05-08,2.4855000972747803,121.92965698242188,64.30799865722656,46.43000030517578,16.212886810302734
2017-05-09,2.490000009536743,124.9299545288086,64.41179656982422,45.880001068115234,16.353361129760742
2017-05-10,2.486999988555908,125.27424621582033,64.63999938964844,47.33000183105469,16.46078872680664
2017-05-11,2.500999927520752,127.48758697509766,64.55000305175781,47.83000183105469,16.535160064697266
2017-05-12,2.5179998874664307,125.10210418701172,64.36000061035156,47.84000015258789,16.576473236083984
2017-05-15,2.532999992370605,126.25796508789062,64.16549682617188,48.84999847412109,16.849166870117188
2017-05-16,2.5445001125335693,123.62654113769533,64.03829956054688,48.65999984741211,17.064023971557617
2017-05-17,2.5425000190734863,123.97085571289062,63.900001525878906,49.06999969482422,16.667375564575195
2017-05-18,2.52649998664856,120.30657196044922,64.2300033569336,49.34999847412109,16.634319305419922
2017-05-19,2.5739998817443848,121.01973724365234,64.87110137939453,50.33000183105469,17.15491485595703
2017-05-22,2.58899998664856,121.92965698242188,64.44850158691406,50.72999954223633,17.229290008544922
2017-05-23,2.5905001163482666,118.04405212402344,64.50019836425781,51.470001220703125,17.1301212310791
2017-05-24,2.578000068664551,114.03546905517578,64.88520050048828,51.36000061035156,17.15491485595703
2017-05-25,2.5920000076293945,115.19132232666016,64.76010131835938,48.900001525878906,17.179706573486328
2017-05-26,2.559499979019165,118.80642700195312,64.54540252685547,49.79999923706055,17.221023559570312
2017-05-30,2.561000108718872,119.6425552368164,64.50859832763672,49.65999984741211,17.12186622619629
2017-05-31,2.57699990272522,118.2162094116211,64.61859893798828,48.31999969482422,16.700424194335938
2017-06-01,2.5845000743865967,117.4046401977539,64.5000991821289,48.36000061035156,16.708688735961914
2017-06-02,2.571500062942505,117.0849380493164,64.37229919433594,47.65999984741211,16.584741592407227
2017-06-05,2.554500102996826,115.4126434326172,64.40499877929688,47.400001525878906,16.477313995361328
2017-06-06,2.5445001125335693,114.08465576171876,64.34400177001953,48.18999862670898,16.609529495239258
2017-06-07,2.549000024795532,114.28140258789062,64.42050170898438,45.720001220703125,16.650848388671875
2017-06-08,2.6070001125335693,116.5685043334961,64.41829681396484,45.63999938964844,17.055757522583008
2017-06-09,2.6459999084472656,118.8310317993164,64.243896484375,45.83000183105469,17.196231842041016
2017-06-12,2.612499952316284,119.81470489501952,64.37699890136719,46.08000183105469,17.105335235595703
2017-06-13,2.5929999351501465,120.20821380615234,64.46910095214844,46.459999084472656,17.14665412902832
2017-06-14,2.570499897003174,119.6179656982422,64.35749816894531,44.72999954223633,16.758272171020508
2017-06-15,2.563999891281128,119.44583129882812,64.16580200195312,44.459999084472656,16.31204605102539
2017-06-16,2.5625,118.68345642089844,64.55999755859375,44.7400016784668,16.212886810302734
2017-06-19,2.5894999504089355,121.29027557373048,64.3949966430664,44.20000076293945,16.378150939941406
2017-06-20,2.555000066757202,124.53649139404295,64.48760223388672,43.22999954223633,15.981510162353516
2017-06-21,2.601999998092652,122.2985610961914,64.53050231933594,42.52999877929688,16.014564514160156
2017-06-22,2.5980000495910645,124.36431884765624,64.5416030883789,42.7400016784668,16.196353912353516
2017-06-23,2.622999906539917,123.45439910888672,64.59100341796875,43.0099983215332,16.402942657470703
2017-06-26,2.625,123.45439910888672,64.49800109863281,43.380001068115234,16.411209106445312
2017-06-27,2.6465001106262207,125.54476165771484,64.42130279541016,44.2400016784668,16.576473236083984
2017-06-28,2.6619999408721924,128.05322265625,64.5248031616211,44.7400016784668,16.98138427734375
2017-06-29,2.683000087738037,128.88934326171875,64.51190185546875,44.93000030517578,17.15491485595703
2017-06-30,2.6989998817443848,129.67630004882812,64.78510284423828,46.040000915527344,17.336711883544922
2017-07-03,2.680999994277954,130.36489868164062,64.60679626464844,47.06999969482422,17.501983642578125
2017-07-05,2.6489999294281006,132.8733367919922,64.7688980102539,45.130001068115234,17.5350341796875
2017-07-06,2.65149998664856,131.0535125732422,64.79139709472656,45.52000045776367,17.378034591674805
2017-07-07,2.637500047683716,131.4715576171875,64.71330261230469,44.22999954223633,17.394554138183594
2017-07-10,2.63949990272522,132.0863494873047,64.61170196533203,44.400001525878906,17.609405517578125
2017-07-11,2.664499998092652,133.43896484375,64.61170196533203,45.040000915527344,18.047367095947266
2017-07-12,2.677000045776367,134.22592163085938,64.52559661865234,45.4900016784668,18.25395965576172
2017-07-13,2.6545000076293945,136.04574584960938,64.36499786376953,46.08000183105469,18.40269470214844
2017-07-14,2.684000015258789,134.7669677734375,64.42579650878906,46.540000915527344,18.584495544433597
2017-07-17,2.7170000076293945,137.52130126953125,64.26730346679688,46.02000045776367,19.0720329284668
2017-07-18,2.7235000133514404,136.56222534179688,64.33000183105469,46.400001525878906,19.19598388671875
2017-07-19,2.703000068664551,138.11154174804688,64.3062973022461,47.119998931884766,19.29515266418457
2017-07-20,2.7084999084472656,137.914794921875,64.26329803466797,46.790000915527344,18.93155860900879
2017-07-21,2.7149999141693115,138.06234741210938,64.32499694824219,45.77000045776367,18.948087692260746
2017-07-24,2.7290000915527344,136.68515014648438,64.46109771728516,46.34000015258789,19.01419258117676
2017-07-25,2.8405001163482666,138.72634887695312,64.36509704589844,47.88999938964844,19.8570613861084
2017-07-26,2.86899995803833,140.07894897460938,64.4469985961914,48.75,20.600770950317383
2017-07-27,2.874000072479248,135.3325958251953,64.3447036743164,49.040000915527344,20.30329132080078
2017-07-28,2.870500087738037,136.6605682373047,64.18499755859375,49.709999084472656,20.286762237548828
2017-07-31,2.888000011444092,139.14442443847656,64.12349700927734,50.16999816894531,20.77430725097656
2017-08-01,2.878999948501587,138.82470703125,64.18949890136719,49.15999984741211,20.823883056640625
2017-08-02,2.882499933242798,139.58709716796875,64.05580139160156,49.59000015258789,20.60903549194336
2017-08-03,2.877000093460083,139.04605102539062,63.64059829711914,49.02999877929688,20.642091751098636
2017-08-04,2.884999990463257,140.61996459960938,63.696998596191406,49.58000183105469,20.650352478027344
2017-08-07,2.907999992370605,140.25108337402344,63.66510009765625,49.38999938964844,20.88999557495117
2017-08-08,2.942500114440918,140.00515747070312,63.8301010131836,49.16999816894531,21.08831596374512
2017-08-09,2.930000066757202,140.9888458251953,63.70289993286133,49.560001373291016,20.87346839904785
2017-08-10,2.9059998989105225,138.11154174804688,63.88769912719727,48.59000015258789,20.05538749694824
2017-08-11,2.9140000343322754,133.04547119140625,64.13860321044922,48.81999969482422,19.650480270385746
2017-08-14,2.906500101089477,138.20993041992188,64.08100128173828,47.59000015258789,19.890119552612305
2017-08-15,2.884500026702881,138.20993041992188,64.17430114746094,47.54999923706055,19.61742401123047
2017-08-16,2.9544999599456787,143.07919311523438,64.26300048828125,46.77999877929688,20.42724227905273
2017-08-17,2.937999963760376,144.99742126464844,64.1604995727539,47.09000015258789,20.22892189025879
2017-08-18,2.940500020980835,144.8498992919922,64.18890380859375,48.5099983215332,20.261972427368164
2017-08-21,2.9809999465942383,143.07919311523438,64.07589721679688,47.369998931884766,20.600770950317383
2017-08-22,2.986500024795532,141.18560791015625,64.15750122070312,47.63999938964844,21.00568580627441
2017-08-23,2.9804999828338623,140.91506958007812,64.05750274658203,48.40999984741211,21.25358772277832
2017-08-24,3.033499956130981,139.66087341308594,64.00499725341797,47.43000030517578,21.451908111572266
2017-08-25,3.032999992370605,139.66087341308594,64.03500366210938,47.869998931884766,21.518016815185547
2017-08-28,3.065000057220459,140.91506958007812,63.99549865722656,46.56999969482422,21.7493953704834
2017-08-29,3.0810000896453857,139.73463439941406,63.78929901123047,46.43999862670898,21.88987159729004
2017-08-30,3.064500093460083,145.26797485351562,63.98680114746094,45.959999084472656,21.7246036529541
2017-08-31,3.0789999961853027,144.87445068359375,63.976200103759766,47.22999954223633,21.88160896301269
2017-09-01,3.0980000495910645,149.10440063476562,63.91189956665039,47.290000915527344,22.360889434814453
2017-09-05,3.1075000762939453,149.67001342773438,64.02629852294922,48.65999984741211,22.1295108795166
2017-09-06,3.131500005722046,150.67831420898438,64.0999984741211,49.15999984741211,22.31130599975586
2017-09-07,3.122999906539917,151.170166015625,64.0154037475586,49.09000015258789,22.33609962463379
2017-09-08,3.0215001106262207,149.69461059570312,63.95009994506836,47.47999954223633,21.54280662536621
2017-09-11,3.0460000038146973,151.80958557128906,63.930999755859375,48.06999969482422,21.7246036529541
2017-09-12,3.015500068664551,153.7523956298828,63.97999954223633,48.22999954223633,21.7246036529541
2017-09-13,2.9609999656677246,151.04721069335938,63.98759841918945,49.29999923706055,21.096582412719727
2017-09-14,2.936500072479248,149.94052124023438,64.11509704589844,49.88999938964844,20.88999557495117
2017-09-15,2.927999973297119,149.64541625976562,64.15499877929688,49.88999938964844,20.7495174407959
2017-09-18,2.9489998817443848,152.91622924804688,64.12020111083984,49.90999984741211,20.84041404724121
2017-09-19,2.94950008392334,151.6865997314453,64.2146987915039,49.47999954223633,20.91478157043457
2017-09-20,2.94950008392334,149.94052124023438,64.29869842529297,50.40999984741211,20.9643669128418
2017-09-21,2.9140000343322754,149.4486846923828,64.28369903564453,50.54999923706055,20.68341064453125
2017-09-22,2.924499988555908,144.0629119873047,64.80229949951172,50.65999984741211,20.551197052001957
2017-09-25,2.9175000190734863,144.16128540039062,64.89099884033203,52.220001220703125,20.08843994140625
2017-09-26,2.8975000381469727,147.5796356201172,65.26509857177734,51.880001068115234,20.113231658935547
2017-09-27,2.9110000133514404,144.16128540039062,65.3499984741211,52.13999938964844,20.080177307128903
2017-09-28,2.962500095367432,143.34976196289062,65.5250015258789,51.560001373291016,20.311553955078125
2017-09-29,2.9375,145.5384979248047,65.36000061035156,51.66999816894531,20.534666061401367
2017-10-02,2.939500093460083,145.5384979248047,65.29329681396484,50.58000183105469,20.74125099182129
2017-10-03,2.948499917984009,154.17047119140625,65.57170104980469,50.41999816894531,21.204008102416992
2017-10-04,2.944499969482422,153.4818572998047,65.44309997558594,49.97999954223633,21.35274887084961
2017-10-05,3.031500101089477,154.19505310058594,65.01950073242188,50.790000915527344,21.70807838439941
2017-10-06,3.01449990272522,156.87562561035156,65.20999908447266,49.290000915527344,21.69981384277344
2017-10-09,3.0169999599456787,155.6951446533203,65.41419982910156,49.58000183105469,21.48496437072754
2017-10-10,3.0455000400543213,154.14585876464844,65.41459655761719,50.91999816894531,21.592384338378903
2017-10-11,3.0799999237060547,152.15390014648438,65.23889923095703,51.29999923706055,21.534542083740234
2017-10-12,3.1040000915527344,154.80982971191406,65.20539855957031,50.59999847412109,21.70807838439941
2017-10-13,3.118499994277954,157.51502990722656,65.0459976196289,51.45000076293945,21.88987159729004
2017-10-16,3.2239999771118164,157.31826782226562,64.6729965209961,51.869998931884766,22.435258865356445
2017-10-17,3.180500030517578,160.71205139160156,64.6946029663086,51.880001068115234,22.088193893432617
2017-10-18,3.1635000705718994,158.9659881591797,64.92870330810547,52.040000915527344,21.97250747680664
2017-10-19,3.1530001163482666,158.37579345703125,65.04010009765625,51.290000915527344,21.81550407409668
2017-10-20,3.15149998664856,158.37579345703125,64.90460205078125,51.470001220703125,21.75765609741211
2017-10-23,3.174000024795532,156.65431213378906,65.1041030883789,51.900001525878906,21.774185180664062
2017-10-24,3.186500072479248,155.0066375732422,65.03489685058594,52.470001220703125,21.95598030090332
2017-10-25,3.171499967575073,156.90023803710938,65.07949829101562,52.18000030517578,21.61717796325684
2017-10-26,3.1675000190734863,155.9903106689453,64.83999633789062,52.63999938964844,21.385805130004883
2017-10-27,3.0934998989105225,155.42466735839844,64.5999984741211,53.900001525878906,21.096582412719727
2017-10-30,3.101999998092652,156.33457946777344,64.87339782714844,54.150001525878906,21.080055236816406
2017-10-31,3.0920000076293945,155.0557403564453,64.84239959716797,54.380001068115234,21.146163940429688
2017-11-01,3.132999897003174,160.67388916015625,64.67009735107422,54.29999923706055,21.41885757446289
2017-11-02,3.135499954223633,159.2632293701172,64.55509948730469,54.540000915527344,21.402326583862305
2017-11-03,3.1105000972747803,159.53543090820312,64.50050354003906,55.63999938964844,21.36927604675293
2017-11-06,3.150500059127808,160.25315856933594,64.69339752197266,57.34999847412109,21.86508178710937
2017-11-07,3.0824999809265137,157.7287139892578,64.59089660644531,57.20000076293945,21.716339111328125
2017-11-08,3.0929999351501465,154.6103057861328,65.16449737548828,56.810001373291016,21.848556518554688
2017-11-09,3.0799999237060547,155.6992645263672,64.9104995727539,57.16999816894531,21.65023422241211
2017-11-10,3.069499969482422,154.7587890625,64.96800231933594,56.7400016784668,21.551071166992188
2017-11-13,3.111500024795532,153.6698455810547,65.1603012084961,56.7599983215332,21.451908111572266
2017-11-14,3.059999942779541,153.3975830078125,65.43840026855469,55.70000076293945,20.956104278564453
2017-11-15,3.049000024795532,146.71517944335938,65.41339874267578,55.33000183105469,20.46855735778809
2017-11-16,3.0434999465942383,149.38815307617188,65.41339874267578,55.13999938964844,20.501611709594727
2017-11-17,3.0625,153.9172821044922,65.20999908447266,56.54999923706055,20.68341064453125
2017-11-20,3.0905001163482666,155.92202758789062,64.90499877929688,56.09000015258789,20.642091751098636
2017-11-21,3.125499963760376,156.9862518310547,65.0250015258789,56.83000183105469,20.881731033325195
2017-11-22,3.134500026702881,155.2785186767578,64.76129913330078,58.02000045776367,21.212268829345703
2017-11-24,3.1659998893737797,152.90255737304688,64.57939910888672,58.95000076293945,21.468433380126957
2017-11-27,3.132499933242798,151.09585571289062,64.54499816894531,58.11000061035156,21.02221298217773
2017-11-28,3.070499897003174,149.53663635253906,64.43389892578125,57.9900016784668,20.823883056640625
2017-11-29,3.039999961853028,150.2296600341797,64.47000122070312,57.29999923706055,20.460294723510746
2017-11-30,3.0369999408721924,148.20016479492188,64.41480255126953,57.400001525878906,20.19586563110352
2017-12-01,3.065500020980835,146.81417846679688,64.49939727783203,58.36000061035156,20.27849769592285
2017-12-04,3.062999963760376,148.34866333007812,64.50900268554688,57.470001220703125,20.245445251464844
2017-12-05,2.9205000400543213,146.4676971435547,64.35140228271484,57.619998931884766,19.807485580444336
2017-12-06,2.936500072479248,141.49307250976562,64.35690307617188,55.959999084472656,19.48520851135254
2017-12-07,2.940500020980835,142.26028442382812,64.51519775390625,56.68999862670898,19.551315307617188
2017-12-08,2.9549999237060547,144.61148071289062,64.54239654541016,57.36000061035156,19.78269386291504
2017-12-11,2.98799991607666,145.3787384033203,64.4729995727539,57.9900016784668,20.096704483032227
2017-12-12,2.999500036239624,143.7452392578125,64.3499984741211,57.13999938964844,20.17107391357422
2017-12-13,3.0295000076293945,142.95326232910156,64.55000305175781,56.59999847412109,20.534666061401367
2017-12-14,3.048500061035156,143.8937530517578,64.31999969482422,57.040000915527344,20.509876251220703
2017-12-15,3.109999895095825,144.8094940185547,64.2750015258789,57.29999923706055,20.77430725097656
2017-12-18,3.121999979019165,147.284423828125,64.07230377197266,57.15999984741211,21.146163940429688
2017-12-19,3.127500057220459,149.41285705566406,64.20010375976562,57.459999084472656,21.237060546875
2017-12-20,3.171499967575073,150.5761260986328,64.04759979248047,58.09000015258789,21.518016815185547
2017-12-21,3.194499969482422,150.2048797607422,63.96500015258789,58.36000061035156,21.9642391204834
2017-12-22,3.2144999504089355,152.30859375,64.00969696044922,58.470001220703125,22.03861618041992
2017-12-26,3.25600004196167,151.96209716796875,64.010498046875,59.970001220703125,22.137775421142575
2017-12-27,3.256999969482422,150.2048797607422,64.0281982421875,59.63999938964844,22.61705780029297
2017-12-28,3.2860000133514404,154.16482543945312,64.11499786376953,59.84000015258789,23.00153541564941
2017-12-29,3.2795000076293945,152.8778533935547,64.06199645996094,60.41999816894531,22.95955848693848
2018-01-02,3.25600004196167,153.1500701904297,63.86759948730469,60.369998931884766,23.547191619873047
2018-01-03,3.236999988555908,154.43702697753906,63.459999084472656,61.630001068115234,23.30374526977539
2018-01-04,3.242500066757202,157.33273315429688,63.41910171508789,62.0099983215332,23.67310905456543
2018-01-05,3.2070000171661377,155.32806396484375,63.36959838867188,61.43999862670898,23.757057189941406
2018-01-08,3.200999975204468,157.40699768066406,63.26499938964844,61.72999954223633,23.90816307067871
2018-01-09,3.194499969482422,156.8625030517578,63.45199966430664,62.959999084472656,23.76545143127441
2018-01-10,3.2149999141693115,158.1494903564453,63.63610076904297,63.56999969482422,23.950138092041016
2018-01-11,3.213500022888184,158.2484893798828,63.7599983215332,63.79999923706055,24.21876335144043
2018-01-12,3.200000047683716,160.37692260742188,63.67210006713867,64.30000305175781,24.42863655090332
2018-01-16,3.1989998817443848,156.14476013183594,63.52119827270508,63.72999954223633,24.185190200805664
2018-01-17,3.1665000915527344,159.9562225341797,63.99430084228516,63.970001220703125,24.243955612182617
2018-01-18,3.177000045776367,152.60556030273438,63.82500076293945,63.95000076293945,23.757057189941406
2018-01-19,3.1670000553131104,148.1754150390625,63.86759948730469,63.369998931884766,24.07605743408203
2018-01-22,3.177500009536743,144.75999450683594,63.83209991455078,63.4900016784668,23.950138092041016
2018-01-23,3.0894999504089355,146.83892822265625,63.88010025024414,64.47000122070312,23.731876373291016
2018-01-24,3.2084999084472656,145.05699157714844,63.7504997253418,65.61000061035156,24.092851638793945
2018-01-25,3.1989998817443848,147.7794189453125,63.57789993286133,65.51000213623047,24.126426696777344
2018-01-26,3.182499885559082,147.7794189453125,63.57310104370117,66.13999938964844,24.252349853515625
2018-01-30,3.177000045776367,153.89254760742188,63.66939926147461,64.5,23.723482131958008
2018-01-31,3.184000015258789,153.57081604003906,63.769901275634766,64.7300033569336,23.563983917236328
2018-02-01,3.197000026702881,152.43234252929688,63.665000915527344,65.80000305175781,23.68150329589844
2018-02-02,3.176500082015991,145.70046997070312,63.97499847412109,65.44999694824219,22.825244903564453
2018-02-05,3.2105000019073486,145.00750732421875,64.13249969482422,64.1500015258789,22.523033142089844
2018-02-06,3.177500009536743,140.2307891845703,64.314697265625,63.38999938964844,22.97635078430176
2018-02-07,3.076499938964844,143.00274658203125,63.97999954223633,61.790000915527344,22.05293273925781
2018-02-08,3.072000026702881,142.21075439453125,64.19999694824219,61.150001525878906,21.24703598022461
2018-02-09,3.024499893188477,150.25433349609375,64.44049835205078,59.20000076293945,21.498884201049805
2018-02-12,3.077500104904175,152.28382873535156,64.2113037109375,59.290000915527344,21.87664031982422
2018-02-13,3.1545000076293945,152.28382873535156,64.28350067138672,59.18999862670898,22.43069076538086
2018-02-14,3.2284998893737797,153.00157165527344,64.2500991821289,60.59999847412109,23.362504959106445
2018-02-15,3.239000082015991,155.1300506591797,64.02519989013672,61.34000015258789,23.79903221130371
2018-02-16,3.243000030517578,154.95677185058594,63.890899658203125,61.68000030517578,23.42127227783203
2018-02-20,3.186000108718872,156.12001037597656,64.50499725341797,61.900001525878906,22.96795463562012
2018-02-21,3.2114999294281006,156.5159912109375,64.86499786376953,61.68000030517578,22.96795463562012
2018-02-22,3.237499952316284,155.50128173828125,64.8949966430664,62.77000045776367,23.211402893066406
2018-02-23,3.2084999084472656,162.3568878173828,64.95140075683594,63.54999923706055,23.59756088256836
2018-02-26,3.196000099182129,164.48533630371094,64.7030029296875,63.90999984741211,24.02568817138672
2018-02-27,3.157500028610229,163.0498809814453,64.78040313720703,63.0099983215332,23.446456909179688
2018-02-28,3.1075000762939453,161.5896759033203,64.91000366210938,61.63999938964844,22.833641052246094
2018-03-01,3.0994999408721924,156.21902465820312,65.23999786376953,60.9900016784668,22.699323654174805
2018-03-02,3.1010000705718994,156.21902465820312,65.1500015258789,61.25,22.53143119812012
2018-03-05,3.1054999828338623,155.25376892089844,65.18669891357422,62.56999969482422,22.67413902282715
2018-03-06,3.13700008392334,155.77352905273438,65.00370025634766,62.59999847412109,23.20300674438477
2018-03-07,3.114000082015991,152.82833862304688,64.88999938964844,61.150001525878906,22.92598342895508
2018-03-08,3.058500051498413,155.35279846191406,64.89119720458984,60.119998931884766,22.648956298828125
2018-03-09,3.115999937057495,155.0805206298828,65.09040069580078,62.040000915527344,22.91758728027344
2018-03-12,3.1040000915527344,157.82774353027344,64.96489715576172,61.36000061035156,23.1274528503418
2018-03-13,3.11899995803833,157.9019775390625,64.94550323486328,60.709999084472656,23.1274528503418
2018-03-14,3.140000104904175,158.69395446777344,64.8281021118164,60.959999084472656,23.429664611816406
2018-03-15,3.111000061035156,157.62973022460938,64.83679962158203,61.18999862670898,23.20300674438477
2018-03-16,3.0929999351501465,155.8725128173828,65.01439666748047,62.34000015258789,23.14424514770508
2018-03-19,3.069499969482422,152.80357360839844,65.06500244140625,62.060001373291016,22.68253517150879
2018-03-20,3.025500059127808,154.93203735351562,65.21009826660156,63.400001525878906,22.38032531738281
2018-03-21,3.048500061035156,154.14004516601562,65.2323989868164,65.16999816894531,22.86721611022949
2018-03-22,3.01200008392334,154.8083038330078,65.06559753417969,64.30000305175781,22.20404052734375
2018-03-23,2.984499931335449,152.13352966308594,65.16000366210938,65.87999725341797,21.76751136779785
2018-03-26,2.9605000019073486,153.19329833984375,65.01499938964844,65.55000305175781,22.078109741210938
2018-03-27,2.991499900817871,154.404541015625,64.69499969482422,65.25,21.809480667114254
2018-03-28,2.99399995803833,151.67930603027344,64.89550018310547,64.37999725341797,21.171483993530277
2018-03-29,3.0190000534057617,151.67930603027344,65.14920043945312,64.94000244140625,21.809480667114254
2018-04-02,3.0404999256134038,153.01669311523438,65.10549926757812,63.0099983215332,21.347774505615234
2018-04-03,3.058000087738037,156.04473876953125,65.13999938964844,63.5099983215332,21.683565139770508
2018-04-04,3.006999969482422,155.0606231689453,64.90499877929688,63.369998931884766,21.76751136779785
2018-04-05,3.069499969482422,158.21482849121094,64.99500274658203,63.540000915527344,22.05293273925781
2018-04-06,3.053999900817871,158.61859130859375,64.86150360107422,62.060001373291016,21.574434280395508
2018-04-09,3.071500062942505,158.26531982421875,64.90450286865234,63.41999816894531,21.51566696166992
2018-04-10,3.13100004196167,158.97186279296875,64.87000274658203,65.51000213623047,22.38871955871582
2018-04-11,3.111999988555908,160.839111328125,64.92530059814453,66.81999969482422,22.46427154541016
2018-04-12,3.059999942779541,157.937255859375,65.19000244140625,67.06999969482422,22.31316566467285
2018-04-13,3.067500114440918,158.6690216064453,65.27570343017578,67.38999938964844,22.28798484802246
2018-04-16,3.0915000438690186,160.03164672851562,65.19560241699219,66.22000122070312,22.061323165893555
2018-04-17,3.075000047683716,160.66249084472656,65.4292984008789,66.5199966430664,22.279590606689453
2018-04-18,3.1535000801086426,163.21104431152344,65.67500305175781,68.47000122070312,22.89240264892578
2018-04-19,3.128000020980835,166.01202392578125,66.01000213623047,68.29000091552734,23.00992774963379
2018-04-20,3.131500005722046,165.35594177246094,66.11479949951172,68.37999725341797,22.800058364868164
2018-04-23,3.1080000400543213,163.11016845703125,66.1968994140625,68.63999938964844,22.43069076538086
2018-04-24,3.138499975204468,161.99986267089844,66.54499816894531,67.69999694824219,22.15366554260254
2018-04-25,3.131999969482422,163.71578979492188,66.41410064697266,68.05000305175781,21.85146141052246
2018-04-26,3.11299991607666,161.49517822265625,66.90769958496094,68.19000244140625,21.93540382385254
2018-04-27,3.0460000038146973,165.07838439941406,66.9000015258789,68.0999984741211,21.93540382385254
2018-04-30,3.052500009536743,164.9521942138672,66.61000061035156,68.56999969482422,21.76751136779785
2018-05-01,3.015000104904175,164.9521942138672,66.44999694824219,67.25,21.49048614501953
2018-05-02,3.047499895095825,155.4895782470703,66.7886962890625,67.93000030517578,21.6751708984375
2018-05-03,3.059000015258789,156.1708984375,67.08000183105469,68.43000030517578,21.84306526184082
2018-05-04,3.065500020980835,153.1681365966797,66.66000366210938,69.72000122070312,21.994171142578125
2018-05-07,3.059499979019165,152.48680114746094,66.81050109863281,70.7300033569336,21.92700958251953
2018-05-08,3.0404999256134038,151.80548095703125,67.1187973022461,69.05999755859375,21.88503646850586
2018-05-09,3.039499998092652,151.4522247314453,67.1624984741211,71.13999938964844,22.29637908935547
2018-05-10,3.0924999713897705,148.9792938232422,67.62000274658203,71.36000061035156,22.78327369689941
2018-05-11,3.095000028610229,150.79617309570312,67.38999938964844,70.69999694824219,22.84203338623047
2018-05-14,3.0785000324249268,150.19053649902344,67.3822021484375,70.95999908447266,22.833641052246094
2018-05-15,3.0425000190734863,150.089599609375,67.6780014038086,71.30999755859375,22.64056396484375
2018-05-16,3.058500051498413,150.5438232421875,68.45999908447266,71.48999786376953,22.9847469329834
2018-05-17,3.07699990272522,151.0232391357422,68.05999755859375,71.48999786376953,22.97635078430176
2018-05-18,3.0510001182556152,150.2662353515625,68.13999938964844,71.27999877929688,22.79166603088379
2018-05-21,3.0855000019073486,146.12791442871094,67.9749984741211,72.23999786376953,22.95116806030273
2018-05-22,3.11899995803833,145.5727996826172,68.4000015258789,72.12999725341797,23.0938777923584
2018-05-23,3.060499906539917,143.42791748046875,68.43000030517578,71.83999633789062,22.5482177734375
2018-05-24,3.0855000019073486,142.97369384765625,68.6500015258789,70.70999908447266,22.220827102661133
2018-05-25,3.066999912261963,146.6578369140625,68.26010131835938,67.87999725341797,21.826276779174805
2018-05-29,3.052000045776367,146.0017547607422,67.40280151367188,66.7300033569336,21.137908935546875
2018-05-30,3.059499979019165,148.80270385742188,68.12999725341797,68.20999908447266,21.649986267089844
2018-05-31,3.058000087738037,149.5596923828125,67.43000030517578,67.04000091552734,21.549243927001957
2018-06-01,3.0915000438690186,146.98587036132812,67.43499755859375,65.80999755859375,21.75072288513184
2018-06-04,3.126499891281128,144.41204833984375,66.92500305175781,64.75,22.044538497924805
2018-06-05,3.190999984741211,143.65501403808594,67.05999755859375,65.5199966430664,22.49785041809082
2018-06-06,3.254499912261963,150.11485290527344,67.08999633789062,64.7300033569336,23.0938777923584
2018-06-07,3.2679998874664307,150.11485290527344,66.8301010131836,65.94999694824219,22.9847469329834
2018-06-08,3.2929999828338623,149.4082794189453,67.41000366210938,65.73999786376953,22.80845642089844
2018-06-11,3.250499963760376,152.43630981445312,67.51000213623047,66.0999984741211,22.850425720214844
2018-06-12,3.242500066757202,153.29429626464844,67.48999786376953,66.36000061035156,22.707719802856445
2018-06-13,3.247999906539917,152.10829162597656,67.91000366210938,66.63999938964844,22.53143119812012
2018-06-14,3.2165000438690186,152.13352966308594,67.77999877929688,66.88999938964844,22.18724632263184
2018-06-15,3.1410000324249268,153.57180786132812,68.12999725341797,65.05999755859375,21.5996150970459
2018-06-18,3.1034998893737797,150.34193420410156,68.05000305175781,65.8499984741211,21.498884201049805
2018-06-19,3.046499967575073,149.3325958251953,68.01000213623047,65.06999969482422,20.79372215270996
2018-06-20,3.046499967575073,148.87838745117188,68.05000305175781,66.22000122070312,20.776933670043945
2018-06-21,3.025000095367432,146.55686950683594,68.3499984741211,65.54000091552734,20.684593200683597
2018-06-22,3.032500028610229,145.87557983398438,67.83000183105469,68.58000183105469,20.91124725341797
2018-06-25,2.992000102996826,145.62326049804688,67.85489654541016,68.08000183105469,20.239669799804688
2018-06-26,2.996999979019165,140.3494415283203,68.33999633789062,70.52999877929688,20.222883224487305
2018-06-27,2.989500045776367,137.97747802734375,68.36499786376953,72.76000213623047,19.870304107666016
2018-06-28,2.9535000324249268,137.32138061523438,69.23999786376953,73.44999694824219,19.794750213623047
2018-06-29,2.950999975204468,138.5325927734375,68.79669952392578,74.1500015258789,20.24806404113769
2018-07-02,2.93149995803833,141.20736694335938,68.43499755859375,73.94000244140625,20.054990768432617
2018-07-03,2.9059998989105225,139.97091674804688,68.6948013305664,74.13999938964844,19.82833480834961
2018-07-05,2.813999891281128,138.33074951171875,68.9800033569336,72.94000244140625,19.861906051635746
2018-07-06,2.812999963760376,137.27090454101562,69.06999969482422,73.80000305175781,19.954252243041992
2018-07-09,2.83899998664856,141.2830810546875,68.75499725341797,73.8499984741211,20.48311996459961
2018-07-10,2.8285000324249268,142.49427795410156,68.65979766845703,74.11000061035156,20.46632957458496
2018-07-11,2.7335000038146973,138.0531463623047,68.9000015258789,70.37999725341797,19.50093460083008
2018-07-12,2.7679998874664307,138.65875244140625,68.72000122070312,70.33000183105469,19.7024040222168
2018-07-13,2.7699999809265137,138.7597198486328,68.54000091552734,71.01000213623047,19.694015502929688
2018-07-16,2.756999969482422,135.52978515625,68.48670196533203,68.05999755859375,19.5596981048584
2018-07-17,2.739500045776367,136.00926208496094,68.72000122070312,68.08000183105469,19.72759437561035
2018-07-18,2.752000093460083,135.9335479736328,68.35600280761719,68.76000213623047,19.811542510986328
2018-07-19,2.686000108718872,135.7064208984375,68.6155014038086,69.45999908447266,19.22391128540039
2018-07-20,2.746000051498413,133.8643798828125,68.93509674072266,70.45999908447266,19.366619110107425
2018-07-23,2.736999988555908,135.10084533691406,68.7332992553711,67.88999938964844,19.33304214477539
2018-07-24,2.799999952316284,137.57373046875,69.19999694824219,68.5199966430664,19.971040725708008
2018-07-25,2.805999994277954,142.241943359375,68.80999755859375,69.30000305175781,20.180908203125
2018-07-26,2.803999900817871,137.32138061523438,68.83999633789062,69.61000061035156,20.06338119506836
2018-07-27,2.7874999046325684,138.20455932617188,68.73999786376953,68.69000244140625,19.937461853027344
2018-07-30,2.7790000438690186,138.7597198486328,68.61499786376953,70.12999725341797,19.962646484375
2018-07-31,2.819000005722046,141.3335418701172,68.68499755859375,68.76000213623047,20.29843521118164
2018-08-01,2.734999895095825,140.14755249023438,68.4968032836914,67.66000366210938,19.76956558227539
2018-08-02,2.726999998092652,141.7120361328125,68.30709838867188,68.95999908447266,19.16514205932617
2018-08-03,2.753499984741211,142.4690399169922,68.6155014038086,68.48999786376953,19.21551513671875
2018-08-06,2.720999956130981,143.98304748535156,68.50499725341797,69.01000213623047,19.089597702026367
2018-08-07,2.740999937057495,144.21017456054688,68.80999755859375,69.16999816894531,19.14835929870605
2018-08-08,2.740499973297119,144.36155700683594,68.59600067138672,66.94000244140625,19.11477851867676
2018-08-09,2.755500078201294,144.68960571289062,68.45500183105469,66.80999755859375,19.27427864074707
2018-08-10,2.7325000762939453,144.81576538085938,69.0999984741211,67.62999725341797,18.829355239868164
2018-08-13,2.7219998836517334,144.6643829345703,69.08499908447266,67.19999694824219,18.56072807312012
2018-08-14,2.67549991607666,143.90737915039062,69.9490966796875,67.04000091552734,18.31728172302246
2018-08-15,2.556999921798706,143.90737915039062,69.94999694824219,65.01000213623047,17.4106502532959
2018-08-16,2.6135001182556152,139.31484985351562,70.66000366210938,65.45999908447266,17.58694076538086
2018-08-17,2.624500036239624,139.97091674804688,70.00499725341797,65.91000366210938,17.595333099365234
2018-08-20,2.6635000705718994,141.43446350097656,69.78500366210938,66.43000030517578,17.696073532104492
2018-08-21,2.689500093460083,143.52886962890625,69.73999786376953,67.3499984741211,17.964702606201172
2018-08-22,2.6684999465942383,143.52886962890625,69.80999755859375,67.86000061035156,18.13259696960449
2018-08-23,2.6524999141693115,144.43727111816406,69.79000091552734,67.83000183105469,17.729652404785156
2018-08-24,2.6989998817443848,147.5157928466797,70.2750015258789,68.72000122070312,18.090621948242188
2018-08-27,2.7049999237060547,151.0989532470703,69.76499938964844,68.87000274658203,18.56072807312012
2018-08-28,2.733999967575073,150.34193420410156,69.94499969482422,68.52999877929688,18.5775146484375
2018-08-29,2.7090001106262207,150.61952209472656,70.54000091552734,69.51000213623047,18.64467430114746
2018-08-30,2.690500020980835,149.83724975585938,70.91000366210938,70.25,18.16617202758789
2018-08-31,2.6489999294281006,151.17465209960938,71.40499877929688,69.80000305175781,17.889148712158203
2018-09-04,2.5834999084472656,147.66717529296875,71.06999969482422,69.87000274658203,17.4106502532959
2018-09-05,2.5924999713897705,152.61294555664062,71.75,68.72000122070312,17.52817726135254
2018-09-06,2.618499994277954,151.7802734375,71.88999938964844,67.7699966430664,17.36867904663086
2018-09-07,2.6034998893737797,150.3923797607422,71.93890380859375,67.75,17.10843849182129
2018-09-10,2.6105000972747803,149.10548400878906,72.09500122070312,67.54000091552734,17.024494171142578
2018-09-11,2.6040000915527344,145.5223388671875,72.44499969482422,69.25,16.8649959564209
2018-09-12,2.658499956130981,144.46249389648438,72.98999786376953,70.37000274658203,17.31830406188965
2018-09-13,2.664499998092652,144.46249389648438,71.92520141601562,68.58999633789062,17.51978302001953
2018-09-14,2.627500057220459,151.04847717285156,72.02749633789062,68.98999786376953,17.486204147338867
2018-09-17,2.633500099182129,150.44287109375,72.09500122070312,68.91000366210938,17.49459457397461
2018-09-18,2.711999893188477,150.7456817626953,72.53479766845703,69.8499984741211,17.85556983947754
2018-09-19,2.7100000381469727,149.73634338378906,73.12000274658203,71.12000274658203,18.359249114990234
2018-09-20,2.720999956130981,149.73634338378906,72.34500122070312,70.80000305175781,18.720224380493164
2018-09-21,2.8364999294281006,149.9129638671875,71.72000122070312,70.77999877929688,19.07280540466309
2018-09-24,2.815999984741211,150.0643768310547,72.2300033569336,72.08000183105469,18.795778274536133
2018-09-25,2.803499937057495,153.31948852539062,73.30000305175781,72.27999877929688,18.787384033203125
2018-09-26,2.806999921798706,154.83349609375,73.08999633789062,71.56999969482422,18.64467430114746
2018-09-27,2.76449990272522,154.48025512695312,72.7699966430664,72.12000274658203,18.48517608642578
2018-09-28,2.7869999408721924,146.0017547607422,72.94999694824219,73.25,18.5439395904541
2018-10-01,2.7739999294281006,146.279296875,72.50499725341797,75.30000305175781,18.669857025146484
2018-10-02,2.7950000762939453,146.279296875,73.75499725341797,75.2300033569336,18.636280059814453
2018-10-03,2.822499990463257,148.5251007080078,73.27999877929688,76.41000366210938,18.70343780517578
2018-10-04,2.765000104904175,145.79986572265625,73.8499984741211,74.33000183105469,18.40962219238281
2018-10-05,2.750999927520752,141.7624969482422,74.22000122070312,74.33999633789062,18.006675720214844
2018-10-08,2.755000114440918,136.589599609375,73.76300048828125,74.29000091552734,17.754831314086914
2018-10-09,2.7950000762939453,138.00271606445312,73.88999938964844,74.95999908447266,17.7380428314209
2018-10-10,2.7690000534057617,140.17279052734375,74.55000305175781,73.16999816894531,17.058073043823242
2018-10-11,2.796999931335449,136.41297912597656,74.5999984741211,70.97000122070312,17.133621215820312
2018-10-12,2.7929999828338623,140.0718536376953,74.16000366210938,71.33999633789062,17.343496322631836
2018-10-15,2.7804999351501465,137.82606506347656,73.6760025024414,71.77999877929688,17.42743682861328
2018-10-16,2.7704999446868896,139.5924072265625,74.08000183105469,71.91999816894531,17.511388778686523
2018-10-17,2.7669999599456787,136.26158142089844,73.45549774169922,69.75,17.326702117919922
2018-10-18,2.737499952316284,136.26158142089844,73.91999816894531,68.6500015258789,16.781047821044922
2018-10-19,2.7679998874664307,144.5634307861328,74.16000366210938,69.12000274658203,16.755855560302734
2018-10-22,2.7739999294281006,142.39332580566406,73.46499633789062,69.16999816894531,16.806230545043945
2018-10-23,2.746999979019165,140.7279510498047,73.8594970703125,66.43000030517578,16.369705200195312
2018-10-24,2.746500015258789,142.06532287597656,73.22129821777344,66.81999969482422,15.630973815917969
2018-10-25,2.748500108718872,140.5764923095703,73.22049713134766,67.33000183105469,15.72331428527832
2018-10-26,2.74399995803833,140.0970916748047,73.22019958496094,67.58999633789062,15.782074928283691
2018-10-29,2.7385001182556152,143.65501403808594,73.125,67.04000091552734,15.387521743774414
2018-10-30,2.6630001068115234,144.91671752929688,73.5905990600586,66.18000030517578,15.79886531829834
2018-10-31,2.6635000705718994,142.3400421142578,73.6500015258789,65.30999755859375,16.218597412109375
2018-11-01,2.7214999198913574,142.9910125732422,74.06999969482422,63.68999862670898,17.091651916503906
2018-11-02,2.802999973297119,143.23507690429688,73.30999755859375,63.13999938964844,17.284730911254883
2018-11-05,2.755500078201294,142.6112518310547,72.90499877929688,63.09999847412109,17.284730911254883
2018-11-06,2.7304999828338623,143.5876922607422,72.86000061035156,62.209999084472656,17.066463470458984
2018-11-07,2.752500057220459,142.6383819580078,73.2300033569336,61.66999816894531,17.385467529296875
2018-11-08,2.736999988555908,142.6383819580078,72.37999725341797,60.66999816894531,17.0832576751709
2018-11-09,2.686500072479248,143.3435821533203,72.9000015258789,60.18999862670898,16.579578399658203
2018-11-12,2.677999973297119,142.82826232910156,72.47000122070312,59.93000030517578,16.193418502807617
2018-11-13,2.687000036239624,143.94027709960938,73.18000030517578,55.68999862670898,16.403287887573242
2018-11-14,2.7095000743865967,143.53343200683594,72.55000305175781,56.25,16.403287887573242
2018-11-15,2.749000072479248,144.67259216308594,72.4000015258789,56.459999084472656,16.789440155029297
2018-11-16,2.803999900817871,144.67259216308594,71.8917007446289,56.459999084472656,16.906965255737305
2018-11-19,2.804500102996826,144.4285125732422,71.7750015258789,56.7599983215332,16.74747085571289
2018-11-20,2.7664999961853027,142.9638671875,71.69000244140625,53.43000030517578,16.15144157409668
2018-11-21,2.7945001125335693,144.23863220214844,71.41500091552734,54.630001068115234,16.571178436279297
2018-11-23,2.7704999446868896,144.23863220214844,70.83499908447266,50.41999816894531,16.05910301208496
2018-11-26,2.758500099182129,142.47564697265625,70.66999816894531,51.630001068115234,16.05910301208496
2018-11-27,2.7105000019073486,143.39781188964844,70.80999755859375,51.560001373291016,15.916387557983398
2018-11-28,2.7960000038146973,141.60772705078125,70.87999725341797,50.290000915527344,16.352916717529297
2018-11-29,2.7780001163482666,142.39430236816406,70.5999984741211,51.45000076293945,16.55438995361328
2018-11-30,2.7774999141693115,144.67259216308594,69.91999816894531,50.93000030517578,16.571178436279297
2018-12-03,2.799499988555908,147.92733764648438,69.76000213623047,52.95000076293945,17.326702117919922
2018-12-04,2.748500108718872,148.17144775390625,70.48500061035156,53.25,16.814624786376953
2018-12-06,2.740499973297119,145.92025756835938,70.87000274658203,51.4900016784668,16.294151306152344
2018-12-07,2.757499933242798,147.9815673828125,70.75,52.61000061035156,16.20180892944336
2018-12-10,2.7184998989105225,146.46270751953125,71.36499786376953,51.0,15.857627868652344
2018-12-11,2.7660000324249268,148.8223876953125,72.7300033569336,51.650001525878906,16.07588768005371
2018-12-12,2.7685000896453857,149.1207275390625,72.62000274658203,51.150001525878906,16.43686294555664
2018-12-13,2.762500047683716,149.52757263183594,72.1500015258789,52.58000183105469,16.344518661499023
2018-12-14,2.760499954223633,146.0558624267578,71.5469970703125,51.20000076293945,16.05070686340332
2018-12-17,2.753000020980835,148.2799072265625,71.91000366210938,49.880001068115234,15.916387557983398
2018-12-18,2.6710000038146973,150.69384765625,71.58999633789062,46.2400016784668,15.874415397644045
2018-12-19,2.7214999198913574,153.13487243652344,70.56999969482422,47.20000076293945,15.614182472229004
2018-12-20,2.70199990272522,150.74807739257812,70.68550109863281,45.880001068115234,15.471470832824709
2018-12-21,2.678499937057495,148.79525756835938,70.30000305175781,45.59000015258789,15.228021621704102
2018-12-24,2.6684999465942383,146.48980712890625,70.13999938964844,42.52999877929688,15.286784172058104
2018-12-26,2.7084999084472656,147.249267578125,70.23999786376953,46.220001220703125,15.588996887207031
2018-12-27,2.6675000190734863,149.25633239746094,70.1500015258789,44.61000061035156,15.639366149902344
2018-12-28,2.678999900817871,149.39198303222656,69.98999786376953,45.33000183105469,15.64194679260254
2018-12-31,2.628000020980835,151.15492248535156,69.92250061035156,45.40999984741211,15.77114963531494
2019-01-02,2.625,147.9544219970703,69.70999908447266,46.540000915527344,15.67640495300293
2019-01-03,2.570499897003174,146.1914825439453,69.95999908447266,47.09000015258789,15.219889640808104
2019-01-04,2.65149998664856,147.38490295410156,70.30000305175781,47.959999084472656,16.02094078063965
2019-01-07,2.6410000324249268,148.9308624267578,69.5250015258789,48.52000045776367,16.15013885498047
2019-01-08,2.6605000495910645,148.79525756835938,69.80999755859375,49.77999877929688,16.2276611328125
2019-01-09,2.6619999408721924,149.41908264160156,70.33000183105469,52.36000061035156,16.5032901763916
2019-01-10,2.6435000896453857,149.69029235839844,70.55049896240234,52.59000015258789,16.563581466674805
2019-01-11,2.6695001125335693,148.36129760742188,70.72000122070312,51.59000015258789,16.5032901763916
2019-01-14,2.6454999446868896,147.22210693359375,70.37000274658203,50.5099983215332,16.434383392333984
2019-01-15,2.650500059127808,148.09007263183594,71.08499908447266,52.11000061035156,16.399932861328125
2019-01-16,2.69350004196167,147.8730926513672,71.09249877929688,52.310001373291016,16.598037719726562
2019-01-17,2.700000047683716,147.4119873046875,71.36499786376953,52.06999969482422,16.8736629486084
2019-01-18,2.740999937057495,147.76461791992188,71.03019714355469,53.79999923706055,16.951183319091797
2019-01-22,2.688999891281128,141.17373657226562,71.5,52.56999969482422,16.262107849121094
2019-01-23,2.694000005722046,140.71267700195312,71.2302017211914,52.619998931884766,16.31379508972168
2019-01-24,2.673500061035156,139.92611694335938,71.15730285644531,53.130001068115234,16.30518341064453
2019-01-25,2.73799991607666,135.83058166503906,70.98999786376953,53.68999862670898,16.8564395904541
2019-01-28,2.6875,136.21031188964844,70.9749984741211,51.9900016784668,16.753080368041992
2019-01-29,2.7320001125335693,140.8211669921875,71.09010314941406,53.310001373291016,16.89950942993164
2019-01-30,2.7730000019073486,141.93319702148438,71.62000274658203,54.22999954223633,17.338788986206055
2019-01-31,2.7890000343322754,141.1466522216797,71.12000274658203,53.790000915527344,17.64887046813965
2019-02-01,2.775000095367432,138.16314697265625,71.19999694824219,55.2599983215332,17.519672393798828
2019-02-04,2.7950000762939453,138.16314697265625,71.45169830322266,54.560001373291016,17.545509338378906
2019-02-05,2.816999912261963,138.21739196777344,71.68499755859375,53.65999984741211,17.640256881713867
2019-02-06,2.8355000019073486,139.35653686523438,71.7699966430664,54.0099983215332,17.735004425048828
2019-02-07,2.8285000324249268,138.70559692382812,71.54049682617188,52.63999938964844,17.46799087524414
2019-02-08,2.809999942779541,135.20675659179688,71.58000183105469,52.720001220703125,17.338788986206055
2019-02-11,2.7915000915527344,135.3152618408203,71.1500015258789,52.40999984741211,17.097610473632812
2019-02-12,2.774499893188477,135.64073181152344,71.2300033569336,53.09999847412109,17.17513656616211
2019-02-13,2.7739999294281006,135.64073181152344,70.80999755859375,53.900001525878906,17.338788986206055
2019-02-14,2.776000022888184,134.06761169433594,70.86509704589844,54.40999984741211,17.44215202331543
2019-02-15,2.802500009536743,134.44735717773438,71.01000213623047,55.59000015258789,17.69194221496582
2019-02-19,2.881500005722046,134.69143676757812,71.69999694824219,56.09000015258789,18.269031524658203
2019-02-20,2.930000066757202,137.7291717529297,71.5999984741211,56.91999816894531,18.837520599365234
2019-02-21,2.9024999141693115,138.75985717773438,71.30000305175781,56.959999084472656,18.6221866607666
2019-02-22,2.9609999656677246,141.03814697265625,71.18499755859375,57.2599983215332,19.164833068847656
2019-02-25,2.950000047683716,142.25868225097656,71.03099822998047,55.47999954223633,19.39739418029785
2019-02-26,2.944000005722046,142.77403259277344,71.08999633789062,55.5,19.449073791503903
2019-02-27,2.9590001106262207,143.15374755859375,70.94000244140625,56.93999862670898,19.1131534576416
2019-02-28,2.950000047683716,146.16436767578125,71.19000244140625,57.220001220703125,18.79445457458496
2019-03-01,2.933500051498413,146.92376708984375,70.81600189208984,55.79999923706055,18.74277687072754
2019-03-04,2.9110000133514404,146.92376708984375,70.98999786376953,56.59000015258789,18.82890510559082
2019-03-05,2.936000108718872,147.1950225830078,70.9000015258789,56.560001373291016,18.820297241210938
2019-03-06,2.9184999465942383,145.43203735351562,70.74250030517578,56.220001220703125,18.7600040435791
2019-03-07,2.9114999771118164,146.38133239746094,70.36499786376953,56.65999984741211,18.28626251220703
2019-03-08,2.8940000534057617,144.97096252441406,70.48750305175781,56.06999969482422,17.933115005493164
2019-03-11,2.900000095367432,147.14077758789062,69.98690032958984,56.790000915527344,18.225971221923828
2019-03-12,2.927500009536743,149.01223754882812,69.79010009765625,56.869998931884766,18.44130516052246
2019-03-13,2.933500051498413,150.12428283691406,69.84500122070312,58.2599983215332,18.475757598876957
2019-03-14,2.888499975204468,148.60540771484375,69.72630310058594,58.61000061035156,18.303491592407227
2019-03-15,2.9035000801086426,149.22921752929688,69.3373031616211,58.52000045776367,18.398239135742188
2019-03-18,2.9035000801086426,150.55821228027344,68.9530029296875,59.09000015258789,18.596345901489254
2019-03-19,2.9195001125335693,150.3683624267578,68.61799621582031,59.02999877929688,18.768617630004883
2019-03-20,2.9154999256134038,150.2869873046875,69.31749725341797,59.83000183105469,18.803068161010746
2019-03-21,2.900000095367432,150.2869873046875,68.82499694824219,59.97999954223633,19.01840591430664
2019-03-22,2.8359999656677246,148.9037322998047,68.93000030517578,59.040000915527344,18.372398376464844
2019-03-25,2.8494999408721924,146.92376708984375,69.1604995727539,58.81999969482422,18.329334259033203
2019-03-26,2.8505001068115234,148.1985626220703,68.92340087890625,59.93999862670898,18.553279876708984
2019-03-27,2.8580000400543213,147.46621704101562,69.42749786376953,59.40999984741211,18.43269157409668
2019-03-28,2.868499994277954,149.6089324951172,69.37000274658203,59.29999923706055,18.475757598876957
2019-03-29,2.936000108718872,149.6089324951172,69.5,60.13999938964844,18.82890510559082
2019-04-01,2.9205000400543213,154.00282287597656,69.43000030517578,61.59000015258789,19.319873809814453
2019-04-02,2.9040000438690186,153.89431762695312,69.19529724121094,62.58000183105469,19.38016700744629
2019-04-03,2.946500062942505,153.16200256347656,68.91020202636719,62.459999084472656,19.49213981628418
2019-04-04,2.908499956130981,153.81295776367188,68.8499984741211,62.09999847412109,19.621339797973636
2019-04-05,2.8924999237060547,156.68795776367188,68.97039794921875,63.08000183105469,19.707475662231445
2019-04-08,2.929500102996826,154.02993774414062,69.16000366210938,64.4000015258789,19.91419792175293
2019-04-09,2.93149995803833,154.57240295410156,69.55249786376953,63.97999954223633,19.750547409057617
2019-04-10,2.922499895095825,153.21627807617188,69.26180267333984,64.61000061035156,19.802227020263672
2019-04-11,2.885999917984009,152.6195526123047,69.14019775390625,63.58000183105469,19.50936508178711
2019-04-12,2.946000099182129,152.15846252441406,69.43000030517578,63.88999938964844,19.871131896972656
2019-04-15,2.934000015258789,154.30116271972656,69.16100311279297,63.400001525878906,19.83667755126953
2019-04-16,2.930500030517578,153.29762268066406,69.80999755859375,64.05000305175781,19.91419792175293
2019-04-17,2.9755001068115234,153.29762268066406,69.88500213623047,63.7599983215332,20.232894897460938
2019-04-18,2.927500009536743,154.24693298339844,69.4010009765625,64.0,20.0520133972168
2019-04-22,2.906500101089477,150.23275756835938,69.36000061035156,65.69999694824219,19.853899002075195
2019-04-23,2.8984999656677246,149.4462127685547,70.0625,66.30000305175781,19.612728118896484
2019-04-24,2.9175000190734863,149.4462127685547,69.75800323486328,65.88999938964844,19.28541755676269
2019-04-25,2.877500057220459,148.0629425048828,70.0958023071289,65.20999908447266,18.94088363647461
2019-04-26,2.970000028610229,146.70680236816406,70.16000366210938,63.29999923706055,18.949493408203125
2019-04-29,2.8949999809265137,146.70680236816406,69.84200286865234,63.5,18.8547477722168
2019-04-30,2.90149998664856,150.1785125732422,69.81179809570312,63.90999984741211,18.58773422241211
2019-05-01,2.802999973297119,150.1785125732422,69.55599975585938,63.59999847412109,18.191518783569336
2019-05-02,2.7839999198913574,147.4933624267578,69.63289642333984,61.810001373291016,17.87282371520996
2019-05-03,2.825000047683716,148.95799255371094,69.42440032958984,61.93999862670898,18.29487419128418
2019-05-06,2.836999893188477,147.845947265625,69.16799926757812,62.25,17.907272338867188
2019-05-07,2.7939999103546143,145.4049072265625,69.40029907226562,61.400001525878906,17.39046859741211
2019-05-08,2.7855000495910645,144.2657470703125,69.91000366210938,62.119998931884766,17.338788986206055
2019-05-09,2.783499956130981,142.20443725585938,70.01000213623047,61.70000076293945,17.106225967407227
2019-05-10,2.7850000858306885,141.25515747070312,70.41000366210938,61.65999984741211,17.209590911865234
2019-05-13,2.7295000553131104,139.54641723632812,69.92250061035156,61.040000915527344,16.5032901763916
2019-05-14,2.734499931335449,139.1666717529297,70.61699676513672,61.77999877929688,16.753080368041992
2019-05-15,2.753499984741211,137.6749267578125,70.30699920654297,62.02000045776367,16.778921127319336
2019-05-16,2.758500099182129,138.08177185058594,70.20919799804688,62.869998931884766,16.839210510253906
2019-05-17,2.747999906539917,137.4850616455078,70.23500061035156,62.7599983215332,16.580810546875
2019-05-20,2.736000061035156,141.63485717773438,70.28150177001953,63.09999847412109,16.399932861328125
2019-05-21,2.7235000133514404,138.46148681640625,70.12750244140625,62.9900016784668,16.460224151611328
2019-05-22,2.686000108718872,135.8577117919922,70.12750244140625,61.41999816894531,16.038164138793945
2019-05-23,2.686500072479248,134.8541717529297,69.97250366210938,57.90999984741211,15.702240943908691
2019-05-24,2.7065000534057617,137.13247680664062,69.94499969482422,58.630001068115234,15.82282829284668
2019-05-28,2.7035000324249268,136.373046875,69.72000122070312,59.13999938964844,15.926193237304688
2019-05-29,2.672499895095825,135.0440216064453,69.875,58.810001373291016,15.960644721984863
2019-05-30,2.6605000495910645,135.53224182128906,69.81500244140625,56.59000015258789,15.883124351501465
2019-05-31,2.6459999084472656,133.33531188964844,69.9800033569336,53.5,15.848670959472656
2019-06-03,2.6554999351501465,134.82705688476562,69.5696029663086,53.25,16.11568260192871
2019-06-04,2.673500061035156,133.79637145996094,69.16190338134766,53.47999954223633,16.529130935668945
2019-06-05,2.627000093460083,133.79637145996094,69.55999755859375,51.68000030517578,16.262107849121094
2019-06-06,2.6540000438690186,132.03341674804688,69.625,52.59000015258789,16.287952423095703
2019-06-07,2.630500078201294,129.64662170410156,69.36000061035156,53.9900016784668,16.477449417114258
2019-06-10,2.6640000343322754,131.16549682617188,69.34500122070312,53.2599983215332,16.615266799926758
2019-06-11,2.67549991607666,131.19261169433594,69.52349853515625,53.27000045776367,17.0717716217041
2019-06-12,2.6589999198913574,131.19261169433594,69.3864974975586,51.13999938964844,16.959802627563477
2019-06-13,2.6610000133514404,130.10769653320312,69.69999694824219,52.27999877929688,17.002866744995117
2019-06-14,2.634500026702881,128.4260711669922,69.80000305175781,52.5099983215332,16.813371658325195
2019-06-17,2.651000022888184,127.34117126464844,69.77050018310547,51.93000030517578,16.813371658325195
2019-06-18,2.7070000171661377,125.6324462890625,70.11250305175781,53.900001525878906,17.4249210357666
2019-06-19,2.684499979019165,125.79517364501952,69.76499938964844,53.7599983215332,17.416309356689453
2019-06-20,2.7155001163482666,126.85298919677734,69.87000274658203,56.650001525878906,17.82975196838379
2019-06-21,2.7060000896453857,125.17134857177734,69.77999877929688,57.43000030517578,17.976179122924805
2019-06-24,2.7054998874664307,123.6524658203125,69.56990051269531,57.900001525878906,18.036476135253903
2019-06-25,2.7355000972747803,125.09000396728516,69.60250091552734,57.83000183105469,17.881431579589844
2019-06-26,2.7109999656677246,130.67727661132812,69.63749694824219,59.380001068115234,18.07954406738281
2019-06-27,2.712500095367432,132.68435668945312,69.60250091552734,59.43000030517578,18.06561279296875
2019-06-28,2.7054998874664307,132.41311645507812,69.32499694824219,58.470001220703125,18.109140396118164
2019-07-01,2.679500102996826,132.65724182128906,68.94049835205078,59.09000015258789,18.19620704650879
2019-07-02,2.657500028610229,131.38247680664062,69.1675033569336,56.25,18.19620704650879
2019-07-03,2.679500102996826,130.65016174316406,69.0824966430664,57.34000015258789,18.100435256958008
2019-07-05,2.658499956130981,127.28693389892578,68.73999786376953,57.5099983215332,17.70865821838379
2019-07-08,2.6559998989105225,124.3576889038086,68.44000244140625,57.65999984741211,17.586767196655273
2019-07-09,2.624500036239624,125.00861358642578,68.8499984741211,57.83000183105469,17.06438636779785
2019-07-10,2.693000078201294,121.0215835571289,68.76499938964844,60.43000030517578,17.229808807373047
2019-07-11,2.682499885559082,123.70673370361328,68.36759948730469,60.20000076293945,17.264631271362305
2019-07-12,2.691499948501587,123.5982437133789,68.66999816894531,60.209999084472656,17.238510131835938
2019-07-15,2.7074999809265137,123.86947631835938,68.55030059814453,59.58000183105469,17.36910629272461
2019-07-16,2.69350004196167,124.24919128417967,68.74749755859375,57.619998931884766,17.194978713989258
2019-07-17,2.7100000381469727,125.0357437133789,68.8949966430664,56.77999877929688,17.12533187866211
2019-07-18,2.7039999961853027,122.10648345947266,68.78600311279297,55.29999923706055,17.116622924804688
2019-07-19,2.744499921798706,119.36710357666016,68.8499984741211,55.630001068115234,17.430055618286133
2019-07-22,2.7144999504089355,121.83526611328124,68.83000183105469,56.220001220703125,17.438756942749023
2019-07-23,2.694000005722046,120.9402084350586,69.16000366210938,56.77000045776367,17.412635803222656
2019-07-24,2.7039999961853027,118.66192626953124,69.0199966430664,55.880001068115234,17.395225524902344
2019-07-25,2.695499897003174,117.766845703125,69.18499755859375,56.02000045776367,17.151451110839844
2019-07-26,2.676500082015991,122.32347869873048,69.15049743652344,56.20000076293945,17.02085304260254
2019-07-29,2.7095000743865967,117.0345458984375,68.87000274658203,56.869998931884766,16.951200485229492
2019-07-30,2.6705000400543213,116.13949584960938,68.94999694824219,58.04999923706055,16.811901092529297
2019-07-31,2.657999992370605,117.68549346923828,69.07749938964844,58.58000183105469,16.559419631958008
2019-08-01,2.6600000858306885,114.72911834716795,69.40499877929688,53.95000076293945,15.880324363708496
2019-08-02,2.565000057220459,114.78337860107422,69.29720306396484,55.65999984741211,15.488543510437012
2019-08-05,2.5369999408721924,110.52508544921876,69.65689849853516,54.68999862670898,14.983575820922852
2019-08-06,2.5510001182556152,111.3387680053711,71.5199966430664,53.630001068115234,14.91392421722412
2019-08-07,2.565000057220459,112.99324798583984,71.2300033569336,51.09000015258789,14.879100799560549
2019-08-08,2.601999998092652,115.10881805419922,71.16510009765625,52.540000915527344,15.23606014251709
2019-08-09,2.5840001106262207,115.08170318603516,70.47090148925781,54.5,14.800742149353027
2019-08-12,2.5799999237060547,115.08170318603516,71.03500366210938,54.93000030517578,14.556965827941896
2019-08-13,2.624500036239624,111.3387680053711,71.58000183105469,57.09999847412109,14.887805938720703
2019-08-14,2.5864999294281006,111.1760482788086,71.08000183105469,55.22999954223633,14.365424156188965
2019-08-15,2.5894999504089355,111.1760482788086,71.63520050048828,54.470001220703125,14.139063835144045
2019-08-16,2.5899999141693115,112.20670318603516,71.72000122070312,54.869998931884766,14.11294174194336
2019-08-19,2.5969998836517334,113.48146057128906,71.13200378417969,56.209999084472656,14.304485321044922
2019-08-20,2.5739998817443848,111.88121795654295,71.99500274658203,56.34000015258789,14.200007438659668
2019-08-21,2.5815000534057617,109.84703063964844,71.80999755859375,55.68000030517578,14.217419624328612
2019-08-22,2.553499937057495,108.16542053222656,71.43779754638672,55.34999847412109,14.060705184936523
2019-08-23,2.526000022888184,109.81990814208984,71.92040252685547,54.16999816894531,13.799516677856444
2019-08-26,2.539999961853028,111.77274322509766,71.50250244140625,53.63999938964844,13.816929817199709
2019-08-27,2.5434999465942383,115.62416076660156,72.16000366210938,54.93000030517578,13.860458374023438
2019-08-28,2.5510001182556152,114.37651824951172,71.53500366210938,55.77999877929688,13.999761581420898
2019-08-29,2.559499979019165,115.54277801513672,72.08499908447266,56.709999084472656,14.20871353149414
2019-08-30,2.532999992370605,117.52274322509766,71.6801986694336,55.09999847412109,14.408957481384276
2019-09-03,2.512500047683716,115.67839813232422,71.96209716796875,53.93999862670898,14.139063835144045
2019-09-04,2.5789999961853027,116.51921081542967,72.45999908447266,56.2599983215332,14.435077667236328
2019-09-05,2.624500036239624,116.7361831665039,71.95570373535156,56.29999923706055,14.879100799560549
2019-09-06,2.615499973297119,117.73974609375,72.22000122070312,56.52000045776367,14.94875144958496
2019-09-09,2.6105000972747803,116.8446807861328,71.66999816894531,57.84999847412109,15.027107238769531
2019-09-10,2.6105000972747803,116.8446807861328,72.09249877929688,57.400001525878906,15.270886421203612
2019-09-11,2.5975000858306885,116.41070556640624,71.85900115966797,55.75,15.35794734954834
2019-09-12,2.623500108718872,116.32935333251952,71.56009674072266,55.09000015258789,15.62784194946289
2019-09-13,2.680999994277954,118.14659118652344,71.28500366210938,54.84999847412109,15.932564735412598
2019-09-16,2.621000051498413,119.15013885498048,71.02069854736328,62.900001525878906,15.775850296020508
2019-09-17,2.609499931335449,114.18666076660156,71.74909973144531,59.34000015258789,15.55819606781006
2019-09-18,2.595499992370605,115.78689575195312,71.70999908447266,58.11000061035156,15.410186767578123
2019-09-19,2.5910000801086426,113.96969604492188,71.5425033569336,58.130001068115234,15.462422370910645
2019-09-20,2.5899999141693115,118.0109634399414,71.71749877929688,58.09000015258789,15.584312438964844
2019-09-23,2.594500064849853,117.11591339111328,71.19159698486328,58.63999938964844,15.331827163696287
2019-09-24,2.5894999504089355,114.18666076660156,70.78959655761719,57.290000915527344,15.192526817321776
2019-09-25,2.595000028610229,109.38594818115234,71.28500366210938,56.4900016784668,15.270886421203612
2019-09-26,2.559999942779541,115.4885482788086,71.30999755859375,56.40999984741211,14.983575820922852
2019-09-27,2.5829999446868896,117.49564361572266,71.21499633789062,55.90999984741211,15.009690284729004
2019-09-30,2.564500093460083,115.78689575195312,70.49870300292969,54.06999969482422,14.896512985229492
2019-10-01,2.552000045776367,116.0581283569336,70.92250061035156,53.619998931884766,14.583085060119627
2019-10-02,2.561500072479248,116.0581283569336,71.0999984741211,52.63999938964844,14.234832763671877
2019-10-03,2.5455000400543213,113.61709594726562,71.1416015625,52.45000076293945,14.330601692199709
2019-10-04,2.555500030517578,112.74917602539062,71.0199966430664,52.810001373291016,14.313188552856444
2019-10-07,2.572000026702881,111.44727325439452,70.81500244140625,52.75,14.278362274169922
2019-10-08,2.563499927520752,111.44727325439452,71.36000061035156,52.630001068115234,14.156475067138672
2019-10-09,2.562000036239624,112.23381042480467,71.20999908447266,52.59000015258789,14.104236602783203
2019-10-10,2.6050000190734863,110.85057067871094,71.41000366210938,53.54999923706055,14.48731517791748
2019-10-11,2.618499994277954,112.4236831665039,70.9800033569336,54.70000076293945,14.94875144958496
2019-10-14,2.623500108718872,112.77628326416016,70.91400146484375,53.59000015258789,14.91392421722412
2019-10-15,2.6040000915527344,113.23738098144533,71.45249938964844,52.810001373291016,14.896512985229492
2019-10-16,2.5794999599456787,114.24091339111328,71.76000213623047,53.36000061035156,14.844274520874023
2019-10-17,2.586999893188477,114.7562255859375,71.62000274658203,53.93000030517578,14.93133544921875
2019-10-18,2.625,117.3871612548828,71.42250061035156,53.77999877929688,14.983575820922852
2019-10-21,2.634999990463257,117.3871612548828,71.02999877929688,53.310001373291016,15.175115585327148
2019-10-22,2.621999979019165,113.8611831665039,71.1050033569336,54.15999984741211,15.088050842285156
2019-10-23,2.6624999046325684,113.9154052734375,71.07499694824219,55.970001220703125,15.227352142333984
2019-10-24,2.6589999198913574,114.7562255859375,70.71499633789062,56.22999954223633,15.114171981811523
2019-10-25,2.6665000915527344,114.51213073730467,71.19000244140625,56.65999984741211,15.35794734954834
2019-10-28,2.672499895095825,114.51213073730467,70.83000183105469,55.810001373291016,15.584312438964844
2019-10-29,2.682499885559082,119.47559356689452,70.73500061035156,55.540000915527344,15.680081367492676
2019-10-30,2.680500030517578,115.2715835571289,70.88459777832031,55.060001373291016,15.514659881591797
2019-10-31,2.632999897003174,115.35292053222656,70.98999786376953,54.18000030517578,15.218642234802246
2019-11-01,2.651000022888184,112.28807830810548,70.97000122070312,56.20000076293945,15.601726531982422
2019-11-04,2.6670000553131104,114.18666076660156,70.51210021972656,56.540000915527344,16.028335571289062
2019-11-05,2.694999933242798,112.28807830810548,71.0,57.22999954223633,16.385292053222656
2019-11-06,2.6610000133514404,112.93901824951172,70.8949966430664,56.34999847412109,16.298233032226562
2019-11-07,2.7239999771118164,115.65129852294922,71.0,57.150001525878906,16.542007446289062
2019-11-08,2.677999973297119,114.34939575195312,71.37650299072266,57.2400016784668,16.498477935791016
2019-11-11,2.6600000858306885,114.0781707763672,71.37650299072266,56.86000061035156,16.245990753173828
2019-11-12,2.6419999599456787,114.0781707763672,71.5739974975586,56.79999923706055,16.037036895751953
2019-11-13,2.6364998817443848,113.15601348876952,71.77999877929688,57.119998931884766,15.819380760192873
2019-11-14,2.618499994277954,113.94257354736328,72.1415023803711,56.77000045776367,15.714905738830566
2019-11-15,2.634999990463257,112.99324798583984,71.95580291748047,57.720001220703125,15.92385959625244
2019-11-18,2.617500066757202,114.322265625,71.70580291748047,57.04999923706055,15.880324363708496
2019-11-19,2.6535000801086426,117.00743103027344,71.93509674072266,55.209999084472656,15.949974060058594
2019-11-20,2.6465001106262207,115.86827087402344,71.85099792480469,57.11000061035156,15.810678482055664
2019-11-21,2.621000051498413,116.4649658203125,71.76820373535156,58.58000183105469,15.7410249710083
2019-11-22,2.6475000381469727,115.29869079589844,71.7405014038086,57.77000045776367,15.767142295837402
2019-11-25,2.6475000381469727,116.62770080566406,71.78260040283203,58.0099983215332,15.932564735412598
2019-11-26,2.674499988555908,113.8611831665039,71.67949676513672,58.40999984741211,15.941268920898438
2019-11-27,2.674499988555908,115.38007354736328,71.42839813232422,58.11000061035156,16.00221824645996
2019-11-29,2.6419999599456787,116.81756591796876,71.54740142822266,55.16999816894531,15.784551620483398
2019-12-02,2.632499933242798,115.81400299072266,71.7229995727539,55.959999084472656,15.714905738830566
2019-12-03,2.6080000400543213,114.34939575195312,71.625,56.09999847412109,15.471126556396484
2019-12-04,2.6440000534057617,114.72911834716795,71.95999908447266,58.43000030517578,15.758437156677246
2019-12-05,2.6484999656677246,114.9189910888672,71.4801025390625,58.43000030517578,15.775850296020508
2019-12-06,2.7109999656677246,114.40363311767578,71.38500213623047,59.20000076293945,16.054452896118164
2019-12-09,2.746500015258789,113.40010833740234,71.28679656982422,59.02000045776367,16.219871520996094
2019-12-10,2.755500078201294,111.93547821044922,70.96019744873047,59.2400016784668,16.324342727661133
2019-12-11,2.782500028610229,111.44727325439452,71.01000213623047,58.7599983215332,16.72484016418457
2019-12-12,2.789499998092652,111.4743881225586,70.72930145263672,59.18000030517578,17.24721908569336
2019-12-13,2.7804999351501465,111.74561309814452,70.55989837646484,60.06999969482422,17.212390899658203
2019-12-16,2.820499897003174,111.88121795654295,70.68900299072266,60.209999084472656,17.438756942749023
2019-12-17,2.819499969482422,112.83052825927734,70.92050170898438,60.93999862670898,17.25592613220215
2019-12-18,2.816999912261963,112.45079803466795,71.21499633789062,60.93000030517578,17.229808807373047
2019-12-19,2.8315000534057617,112.4236831665039,70.98989868164062,61.220001220703125,17.29075050354004
2019-12-20,2.811000108718872,113.04749298095705,71.22270202636719,60.43999862670898,17.151451110839844
2019-12-23,2.816999912261963,114.72911834716795,71.02400207519531,60.52000045776367,17.1079158782959
2019-12-24,2.838500022888184,114.70198822021484,71.21070098876953,61.11000061035156,17.238510131835938
2019-12-26,2.864500045776367,115.0003433227539,71.54000091552734,61.68000030517578,17.45616912841797
2019-12-27,2.8364999294281006,114.10530853271484,71.30030059814453,61.720001220703125,17.586767196655273
2019-12-30,2.827500104904175,113.29161834716795,71.31300354003906,61.68000030517578,17.77446174621582
2019-12-31,2.7939999103546143,113.7255630493164,71.31099700927734,61.060001373291016,17.739543914794922
2020-01-02,2.8329999446868896,116.1666259765625,71.0250015258789,61.18000030517578,18.08001518249512
2020-01-03,2.798500061035156,116.76331329345705,71.41500091552734,63.04999923706055,17.57366943359375
2020-01-06,2.80049991607666,114.9189910888672,71.73100280761719,63.27000045776367,17.477642059326172
2020-01-07,2.803999900817871,115.56993103027344,71.78700256347656,62.70000076293945,17.57366943359375
2020-01-08,2.819000005722046,114.45790100097656,72.16000366210938,59.61000061035156,17.46891212463379
2020-01-09,2.810499906539917,115.67839813232422,71.41190338134766,59.560001373291016,17.372880935668945
2020-01-10,2.81850004196167,118.85174560546876,71.19429779052734,59.040000915527344,17.52128791809082
2020-01-13,2.861500024795532,117.06167602539062,70.9530029296875,58.08000183105469,17.896682739257812
2020-01-14,2.875999927520752,116.11238861083984,70.71890258789062,58.22999954223633,17.940332412719727
2020-01-15,2.869999885559082,116.81756591796876,70.84510040283203,57.810001373291016,17.634780883789062
2020-01-16,2.851999998092652,117.0345458984375,70.71800231933594,58.52000045776367,17.60858917236328
2020-01-17,2.8494999408721924,117.68549346923828,70.94560241699219,58.540000915527344,17.77446174621582
2020-01-21,2.798500061035156,115.2173080444336,71.03099822998047,58.34000015258789,17.198278427124023
2020-01-22,2.7669999599456787,113.48146057128906,71.16999816894531,56.7400016784668,17.04986572265625
2020-01-23,2.7260000705718994,113.18312072753906,71.0781021118164,55.59000015258789,16.60462760925293
2020-01-24,2.685499906539917,112.74917602539062,71.32099914550781,54.18999862670898,16.412565231323242
2020-01-27,2.5964999198913574,109.03333282470705,71.32499694824219,53.13999938964844,15.679241180419922
2020-01-28,2.5794999599456787,107.81285095214844,71.44000244140625,53.47999954223633,15.818920135498049
2020-01-29,2.553499937057495,107.704345703125,71.23040008544922,53.33000183105469,15.818920135498049
2020-01-30,2.5234999656677246,105.61588287353516,71.30000305175781,52.13999938964844,15.644322395324709
2020-01-31,2.5199999809265137,105.2903823852539,71.63999938964844,51.560001373291016,15.268925666809082
2020-02-03,2.513000011444092,102.74088287353516,71.49649810791016,50.11000061035156,15.242735862731934
2020-02-04,2.547499895095825,104.66658782958984,71.31410217285156,49.61000061035156,15.94114112854004
2020-02-05,2.5789999961853027,103.47320556640624,71.0999984741211,50.75,16.220508575439453
2020-02-06,2.5985000133514404,104.5580825805664,71.18000030517578,50.95000076293945,16.133207321166992
2020-02-07,2.559000015258789,105.80575561523438,71.47000122070312,50.31999969482422,15.557021141052246
2020-02-10,2.557499885559082,105.10057067871094,71.5155029296875,49.56999969482422,15.591940879821776
2020-02-11,2.588500022888184,105.67013549804688,71.27999877929688,49.93999862670898,15.923681259155272
2020-02-12,2.6059999465942383,104.286865234375,71.27529907226562,51.16999816894531,16.499868392944336
2020-02-13,2.619499921798706,103.47320556640624,71.29620361328125,51.41999816894531,16.272884368896484
2020-02-14,2.6054999828338623,103.41893005371094,71.26850128173828,52.04999923706055,16.22923469543457
2020-02-18,2.609999895095825,100.65242767333984,71.34919738769531,52.04999923706055,15.976062774658203
2020-02-19,2.612499952316284,100.24559020996094,71.57499694824219,53.290000915527344,16.06336212158203
2020-02-20,2.595000028610229,98.91657257080078,71.82749938964844,53.77999877929688,15.880034446716309
2020-02-21,2.618000030517578,98.91657257080078,72.11000061035156,53.380001068115234,15.609396934509276
2020-02-24,2.5924999713897705,97.72314453125,71.88680267333984,51.43000030517578,14.849881172180176
2020-02-25,2.5964999198913574,96.33990478515624,72.04669952392578,49.900001525878906,14.448296546936035
2020-02-26,2.576499938964844,93.7361297607422,71.87000274658203,48.72999954223633,14.326075553894045
2020-02-27,2.571500062942505,98.94368743896484,71.66339874267578,47.09000015258789,13.793540954589844
2020-02-28,2.5460000038146973,93.43777465820312,71.93000030517578,44.7599983215332,13.618940353393556
2020-03-02,2.6010000705718994,90.96961212158205,72.1500015258789,46.75,14.020522117614746
2020-03-03,2.5794999599456787,93.79036712646484,72.82499694824219,47.18000030517578,13.732430458068848
2020-03-04,2.5929999351501465,91.91888427734376,73.34200286865234,46.77999877929688,13.95068073272705
2020-03-05,2.5824999809265137,91.86466217041016,74.0425033569336,45.900001525878906,13.627668380737305
2020-03-06,2.572999954223633,88.85403442382812,73.8551025390625,41.27999877929688,13.182435035705566
2020-03-09,2.5239999294281006,86.4129867553711,73.99530029296875,31.1299991607666,11.488798141479492
2020-03-10,2.5339999198913574,86.4129867553711,74.40599822998047,34.36000061035156,12.344348907470703
2020-03-11,2.51200008392334,86.7927017211914,74.20500183105469,32.97999954223633,11.38403606414795
2020-03-12,2.4809999465942383,78.68301391601562,74.76000213623047,31.5,10.109442710876465
2020-03-13,2.4739999771118164,76.56743621826172,75.30000305175781,31.729999542236328,11.113402366638184
2020-03-16,2.3984999656677246,74.99432373046875,73.90399932861328,28.700000762939453,9.175323486328123
2020-03-17,2.315500020980835,72.7431411743164,75.15499877929688,26.950000762939453,10.249123573303224
2020-03-18,2.1605000495910645,73.63819122314453,74.01239776611328,20.3700008392334,9.149133682250977
2020-03-19,2.200000047683716,69.02732849121094,74.98200225830078,25.21999931335449,9.367385864257812
2020-03-20,2.190500020980835,73.90940856933594,75.15969848632812,22.43000030517578,9.131673812866213
2020-03-23,2.119499921798706,68.10515594482422,75.62210083007812,23.36000061035156,8.450727462768555
2020-03-24,2.197499990463257,68.45774841308594,76.50599670410156,24.01000022888184,9.734050750732422
2020-03-25,2.233999967575073,74.83158111572266,77.26000213623047,24.489999771118164,10.39753532409668
2020-03-26,2.2079999446868896,75.53677368164062,75.84549713134766,22.600000381469727,10.493569374084473
2020-03-27,2.197000026702881,78.0863037109375,74.72560119628906,21.51000022888184,10.057063102722168
2020-03-30,2.1619999408721924,78.84576416015625,75.46499633789062,20.09000015258789,9.94357204437256
2020-03-31,2.240000009536743,84.29743194580078,75.4000015258789,20.479999542236328,10.327695846557615
2020-04-01,2.191999912261963,87.03680419921875,75.32499694824219,20.309999465942383,9.77769947052002
2020-04-02,2.2330000400543213,87.03680419921875,77.56999969482422,25.31999969482422,10.039602279663086
2020-04-03,2.2100000381469727,87.6335220336914,77.13999938964844,28.34000015258789,9.934842109680176
2020-04-06,2.234999895095825,87.6335220336914,76.2300033569336,26.07999992370605,10.511027336120604
2020-04-07,2.2885000705718994,89.23375701904297,75.96489715576172,23.6299991607666,11.069753646850586
2020-04-08,2.2780001163482666,90.02030181884766,76.66000366210938,25.09000015258789,11.288005828857422
2020-04-09,2.2774999141693115,89.77620697021484,75.95899963378906,22.76000022888184,11.698318481445312
2020-04-13,2.320499897003174,89.61347198486328,76.16649627685547,22.40999984741211,11.724509239196776
2020-04-14,2.3469998836517334,89.61347198486328,76.91000366210938,20.11000061035156,12.265776634216309
2020-04-15,2.3125,92.43424224853516,75.93099975585938,19.8700008392334,11.523716926574709
2020-04-16,2.304500102996826,94.44131469726562,77.2125015258789,19.8700008392334,11.462603569030762
2020-04-17,2.3534998893737797,94.65828704833984,77.56999969482422,18.270000457763672,11.820541381835938
2020-04-20,2.3345000743865967,94.49555206298828,76.55999755859375,-37.630001068115234,11.645938873291016
2020-04-21,2.2669999599456787,91.10520935058594,77.20999908447266,10.010000228881836,11.235623359680176
2020-04-22,2.317500114440918,90.42717742919922,76.96939849853516,13.779999732971191,11.680859565734863
2020-04-23,2.3239998817443848,93.00381469726562,76.4000015258789,16.5,11.91657257080078
2020-04-24,2.3480000495910645,92.86820220947266,76.42250061035156,16.940000534057617,12.099903106689451
2020-04-27,2.381999969482422,89.69485473632812,76.27149963378906,12.779999732971191,12.213394165039062
2020-04-28,2.378999948501587,89.53209686279297,76.1863021850586,12.34000015258789,12.265776634216309
2020-04-29,2.374500036239624,92.94957733154295,76.46499633789062,15.0600004196167,13.095134735107422
2020-04-30,2.3540000915527344,94.71253967285156,75.25849914550781,18.84000015258789,12.580060005187988
2020-05-01,2.31850004196167,94.71253967285156,75.72000122070312,19.780000686645508,12.1522855758667
2020-05-04,2.3239998817443848,89.91182708740234,75.60050201416016,20.38999938964844,12.082446098327637
2020-05-05,2.3410000801086426,90.8068618774414,75.8499984741211,24.559999465942383,12.265776634216309
2020-05-06,2.352499961853028,91.91888427734376,76.16999816894531,23.989999771118164,12.178473472595217
2020-05-07,2.385499954223633,95.66183471679688,76.15129852294922,23.549999237060547,12.466567039489746
2020-05-08,2.408499956130981,95.09226989746094,76.08000183105469,24.739999771118164,12.737200736999512
2020-05-11,2.381999969482422,98.64534759521484,75.5250015258789,24.13999938964844,12.649898529052734
2020-05-12,2.3605000972747803,97.61466217041016,76.30999755859375,25.780000686645508,12.353076934814451
2020-05-13,2.3489999771118164,99.89297485351562,75.68000030517578,25.290000915527344,12.091175079345703
2020-05-14,2.3510000705718994,101.33047485351562,75.42620086669922,27.559999465942383,12.047524452209473
2020-05-15,2.3334999084472656,104.50384521484376,75.48500061035156,29.43000030517578,12.25704574584961
2020-05-18,2.4049999713897705,102.1170425415039,75.81999969482422,31.81999969482422,13.095134735107422
2020-05-19,2.4230000972747803,103.5142822265625,75.60009765625,32.5,13.147515296936035
2020-05-20,2.4674999713897705,101.46300506591795,76.0,33.4900016784668,13.383227348327637
2020-05-21,2.45199990272522,100.66034698486328,75.77999877929688,33.91999816894531,13.147515296936035
2020-05-22,2.4089999198913574,98.2523422241211,75.625,33.25,12.946722984313965
2020-05-26,2.438499927520752,99.08475494384766,76.11000061035156,34.349998474121094,13.435606956481934
2020-05-27,2.4024999141693115,97.95508575439452,75.81999969482422,32.810001373291016,13.514179229736328
2020-05-28,2.4130001068115234,100.27388763427734,76.12999725341797,33.709999084472656,13.522909164428713
2020-05-29,2.426500082015991,101.99815368652344,75.95999908447266,35.4900016784668,13.575288772583008
2020-06-01,2.4744999408721924,102.88999938964844,75.51319885253906,35.439998626708984,14.072905540466309
2020-06-02,2.494499921798706,102.77107238769533,75.7300033569336,36.810001373291016,14.40464687347412
2020-06-03,2.496500015258789,102.74134826660156,75.06580352783203,37.290000915527344,14.649090766906738
2020-06-04,2.493000030517578,101.90894317626952,75.54499816894531,37.40999984741211,14.736388206481934
2020-06-05,2.556999921798706,102.86026000976562,75.49089813232422,39.54999923706055,15.12924575805664
2020-06-08,2.569999933242798,102.8008041381836,75.5177001953125,38.18999862670898,15.268925666809082
2020-06-09,2.6005001068115234,103.27645874023438,75.625,38.93999862670898,15.10305404663086
2020-06-10,2.657000064849853,102.29544067382812,75.50980377197266,39.59999847412109,15.27765655517578
2020-06-11,2.5864999294281006,102.65218353271484,75.875,36.34000015258789,13.968141555786133
2020-06-12,2.6015000343322754,103.84129333496094,76.38999938964844,36.2599983215332,14.387189865112305
2020-06-15,2.56850004196167,103.84129333496094,75.95680236816406,37.119998931884766,14.36972713470459
2020-06-16,2.565999984741211,104.70342254638672,75.97799682617188,38.380001068115234,14.54432773590088
2020-06-17,2.5920000076293945,103.57373046875,76.65499877929688,37.959999084472656,14.45702838897705
2020-06-18,2.5910000801086426,106.10064697265624,76.55000305175781,38.84000015258789,14.378458023071287
2020-06-19,2.615000009536743,105.8628387451172,76.40039825439453,39.75,14.4832181930542
2020-06-22,2.6554999351501465,111.68958282470705,76.2520980834961,40.459999084472656,14.814960479736328
2020-06-23,2.6600000858306885,111.7490463256836,75.78980255126953,40.369998931884766,15.234004974365234
2020-06-24,2.650500059127808,111.15447998046876,75.60780334472656,38.0099983215332,14.806229591369627
2020-06-25,2.6624999046325684,112.7598114013672,75.97000122070312,38.720001220703125,15.085594177246094
2020-06-26,2.671999931335449,118.28929138183594,75.53980255126953,38.4900016784668,14.88480281829834
2020-06-29,2.679500102996826,115.13809204101562,75.61979675292969,39.70000076293945,15.0259428024292
2020-06-30,2.713500022888184,116.5055923461914,75.69999694824219,39.27000045776367,15.464273452758787
2020-07-01,2.7170000076293945,117.87310791015624,75.75,39.81999969482422,15.516875267028809
2020-07-02,2.7335000038146973,116.80288696289062,75.45490264892578,40.650001525878906,15.648375511169434
2020-07-06,2.7660000324249268,115.52456665039062,74.6792984008789,40.630001068115234,16.437362670898438
2020-07-07,2.7874999046325684,116.77315521240234,74.60759735107422,40.619998931884766,16.297101974487305
2020-07-08,2.814500093460083,113.47329711914062,75.125,40.900001525878906,16.717897415161133
2020-07-09,2.828000068664551,114.5732421875,74.93990325927734,39.619998931884766,16.92829704284668
2020-07-10,2.88700008392334,112.49226379394533,75.33999633789062,40.54999923706055,16.954593658447266
2020-07-13,2.941999912261963,115.9705047607422,75.15850067138672,40.09999847412109,17.26142692565918
2020-07-14,2.9159998893737797,113.91924285888672,75.44999694824219,40.290000915527344,17.33155632019043
2020-07-15,2.870500087738037,111.3031234741211,75.57499694824219,41.20000076293945,17.366622924804688
2020-07-16,2.885999917984009,111.95714569091795,75.1249008178711,40.75,16.998428344726562
2020-07-17,2.887500047683716,111.7490463256836,75.17449951171875,40.59000015258789,17.26142692565918
2020-07-20,2.8984999656677246,111.6598663330078,74.89730072021484,40.810001373291016,17.603321075439453
2020-07-21,2.940999984741211,108.68701171875,74.98999786376953,41.959999084472656,17.6734561920166
2020-07-22,2.908499956130981,117.27853393554688,74.7699966430664,41.900001525878906,17.822490692138672
2020-07-23,2.924499988555908,123.31340789794922,74.81999969482422,41.06999969482422,17.78742218017578
2020-07-24,2.881999969482422,119.0325164794922,74.80729675292969,41.290000915527344,17.559490203857422
2020-07-27,2.888000011444092,122.95667266845705,74.75980377197266,41.59999847412109,18.059186935424805
2020-07-28,2.9049999713897705,125.33492279052734,75.0,41.040000915527344,17.892621994018555
2020-07-29,2.9054999351501465,123.87822723388672,75.08999633789062,41.27000045776367,17.971521377563477
2020-07-30,2.9045000076293945,124.8592529296875,74.8311996459961,39.91999816894531,17.463058471679688
2020-07-31,2.858999967575073,124.88902282714844,74.98999786376953,40.27000045776367,17.3841609954834
2020-08-03,2.907999992370605,122.09454345703124,74.91780090332031,41.0099983215332,17.64715576171875
2020-08-04,2.88949990272522,122.54045104980467,75.33000183105469,41.70000076293945,17.88385581970215
2020-08-05,2.9114999771118164,130.06175231933594,75.25,42.18999862670898,18.611480712890625
2020-08-06,2.9054999351501465,139.7234649658203,74.8822021484375,41.95000076293945,18.95337677001953
2020-08-07,2.7904999256134038,150.39596557617188,74.8998031616211,41.220001220703125,18.462448120117188
2020-08-10,2.8585000038146973,144.5692138671875,75.0248031616211,41.93999862670898,18.567649841308597
2020-08-11,2.871999979019165,146.7393798828125,75.0999984741211,41.61000061035156,18.3835506439209
2020-08-12,2.88700008392334,137.67222595214844,74.9000015258789,42.66999816894531,18.40984916687012
2020-08-13,2.803999900817871,142.33958435058594,74.77210235595703,42.2400016784668,18.339717864990234
2020-08-14,2.8559999465942383,137.2560272216797,75.02999877929688,42.0099983215332,18.252050399780277
2020-08-17,2.8980000019073486,136.69117736816406,74.90280151367188,42.88999938964844,18.865711212158203
2020-08-18,2.970999956130981,139.09918212890625,75.0,42.88999938964844,18.93584632873535
2020-08-19,3.0190000534057617,137.73165893554688,74.79499816894531,42.93000030517578,19.26897430419922
2020-08-20,2.970000028610229,132.7670440673828,74.966796875,42.58000183105469,19.03227424621582
2020-08-21,2.9135000705718994,134.69937133789062,74.9999008178711,42.34000015258789,18.664081573486328
2020-08-24,2.922499895095825,135.59121704101562,74.92179870605469,42.619998931884766,18.60271644592285
2020-08-25,2.930999994277954,134.28318786621094,74.4000015258789,43.34999847412109,18.304651260375977
2020-08-26,2.9595000743865967,134.3723602294922,74.45249938964844,43.38999938964844,18.71668243408203
2020-08-27,2.9649999141693115,141.0017852783203,74.24009704589844,43.040000915527344,18.48874855041504
2020-08-28,2.994999885559082,135.97769165039062,73.77449798583984,42.970001220703125,19.155012130737305
2020-08-31,3.0409998893737797,134.72906494140625,73.12830352783203,42.61000061035156,19.47060775756836
2020-09-01,3.009500026702881,135.1453094482422,73.66999816894531,42.7599983215332,19.85633659362793
2020-09-02,3.003000020980835,136.30471801757812,73.2699966430664,41.5099983215332,19.81250762939453
2020-09-03,2.9579999446868896,133.62916564941406,73.24849700927734,41.369998931884766,19.023513793945312
2020-09-04,3.046499967575073,131.78598022460938,73.4478988647461,39.77000045776367,19.49690818786621
2020-09-08,3.012500047683716,125.98896026611328,73.6500015258789,36.7599983215332,18.804346084594727
2020-09-09,3.039999961853028,128.5455780029297,73.78679656982422,38.04999923706055,19.514440536499023
2020-09-10,2.986999988555908,131.54815673828125,73.55000305175781,37.29999923706055,18.95337677001953
2020-09-11,3.0339999198913574,141.32882690429688,73.52729797363281,37.33000183105469,19.36540985107422
2020-09-14,3.066499948501587,133.15347290039062,73.47859954833984,37.2599983215332,19.540740966796875
2020-09-15,3.062999963760376,131.6076202392578,73.61499786376953,38.27999877929688,19.61087417602539
2020-09-16,3.058000087738037,130.35902404785156,73.80000305175781,40.15999984741211,19.79497528076172
2020-09-17,3.066499948501587,128.39694213867188,73.55069732666016,40.970001220703125,19.83880615234375
2020-09-18,3.1135001182556152,126.9105224609375,73.58360290527344,41.11000061035156,19.847570419311523
2020-09-21,3.0295000076293945,122.48099517822266,73.53479766845703,39.310001373291016,19.005979537963867
2020-09-22,3.059000015258789,123.78905487060548,73.57980346679688,39.59999847412109,18.742979049682617
2020-09-23,2.993499994277954,126.37541961669922,73.50299835205078,39.93000030517578,17.848787307739258
2020-09-24,2.969000101089477,122.03507232666016,73.77839660644531,40.310001373291016,17.91015625
2020-09-25,2.9730000495910645,124.35387420654295,73.68240356445312,40.25,17.927690505981445
2020-09-28,2.989500045776367,124.77009582519533,73.69930267333984,40.59999847412109,18.041650772094727
2020-09-29,2.9835000038146973,126.16731262207033,73.9749984741211,39.290000915527344,17.91015625
2020-09-30,3.0285000801086426,124.82953643798828,73.84500122070312,40.220001220703125,18.164384841918945
2020-10-01,2.8635001182556152,123.81878662109376,73.70500183105469,38.720001220703125,18.059186935424805
2020-10-02,2.9784998893737797,123.81878662109376,73.21700286865234,37.04999923706055,18.155616760253903
2020-10-05,2.9649999141693115,127.0888900756836,73.32240295410156,39.220001220703125,18.40984916687012
2020-10-06,2.9655001163482666,131.6373291015625,73.1082992553711,40.66999816894531,17.971521377563477
2020-10-07,3.0344998836517334,125.30518341064452,73.81500244140625,39.95000076293945,18.3835506439209
2020-10-08,3.0420000553131104,121.88642120361328,73.5425033569336,41.18999862670898,18.55011749267578
2020-10-09,3.0794999599456787,124.02689361572266,73.28050231933594,40.59999847412109,18.84817886352539
2020-10-12,3.061000108718872,117.78389739990234,73.01480102539062,39.43000030517578,18.690380096435547
2020-10-13,3.0425000190734863,122.54045104980467,73.35079956054688,40.20000076293945,18.462448120117188
2020-10-14,3.047499895095825,126.70244598388672,73.62000274658203,41.040000915527344,18.63778305053711
2020-10-15,3.0829999446868896,123.37286376953124,73.29620361328125,40.959999084472656,18.567649841308597
2020-10-16,3.065000057220459,125.89978790283205,73.37100219726562,40.880001068115234,18.585182189941406
2020-10-19,3.0810000896453857,131.34007263183594,73.44380187988281,40.83000183105469,18.567649841308597
2020-10-20,3.1435000896453857,132.49948120117188,73.57499694824219,41.459999084472656,19.146244049072266
2020-10-21,3.194499969482422,138.59381103515625,73.64749908447266,40.02999877929688,19.61087417602539
2020-10-22,3.150000095367432,141.86392211914062,73.6812973022461,40.63999938964844,19.549510955810547
2020-10-23,3.125499963760376,142.48822021484375,73.72000122070312,39.84999847412109,19.6722412109375
2020-10-26,3.088500022888184,140.67478942871094,73.8228988647461,38.560001373291016,19.20760726928711
2020-10-27,3.0899999141693115,140.28274536132812,73.94850158691406,39.56999969482422,19.198843002319336
2020-10-28,3.056999921798706,137.3751678466797,73.80500030517578,37.38999938964844,18.576417922973636
2020-10-29,3.052000045776367,133.61817932128906,74.44000244140625,36.16999816894531,18.82187843322754
2020-10-30,3.0434999465942383,132.83412170410156,74.26399993896484,35.790000915527344,18.84817886352539
2020-11-02,3.073499917984009,132.6054229736328,74.55049896240234,36.810001373291016,19.04104423522949
2020-11-03,3.086999893188477,138.81265258789062,74.45680236816406,37.65999984741211,19.70730781555176
2020-11-04,3.1010000705718994,139.79270935058594,74.65560150146484,39.150001525878906,19.453075408935547
2020-11-05,3.1045000553131104,140.7401123046875,74.37999725341797,38.790000915527344,20.02290153503418
2020-11-06,3.1489999294281006,146.78399658203125,74.12000274658203,37.13999938964844,20.513830184936523
2020-11-09,3.15149998664856,147.99276733398438,73.97979736328125,40.290000915527344,20.882030487060547
2020-11-10,3.150500059127808,141.9488983154297,73.95320129394531,41.36000061035156,20.69793128967285
2020-11-11,3.128999948501587,146.6532745361328,74.28160095214844,41.45000076293945,20.610265731811523
2020-11-12,3.1429998874664307,149.49554443359375,74.56999969482422,41.119998931884766,20.619029998779297
2020-11-13,3.17549991607666,148.9401397705078,74.86499786376953,40.130001068115234,20.987228393554688
2020-11-16,3.220000028610229,148.9401397705078,74.48770141601562,41.34000015258789,21.793758392333984
2020-11-17,3.196500062942505,146.457275390625,74.41809844970703,41.43000030517578,21.820053100585938
2020-11-18,3.197999954223633,148.48280334472656,74.47969818115234,41.81999969482422,21.80252265930176
2020-11-19,3.2035000324249268,146.35926818847656,74.41999816894531,41.7400016784668,21.662256240844727
2020-11-20,3.2934999465942383,144.75848388671875,74.09960174560547,42.150001525878906,22.205785751342773
2020-11-23,3.259500026702881,143.64772033691406,74.16239929199219,43.060001373291016,22.495080947875977
2020-11-24,3.299999952316284,145.50987243652344,74.24490356445312,44.90999984741211,23.240243911743164
2020-11-25,3.312000036239624,143.3536834716797,73.96080017089844,45.709999084472656,23.0561466217041
2020-11-27,3.399499893188477,150.0836181640625,74.04879760742188,45.52999877929688,23.617210388183597
2020-11-30,3.4205000400543213,150.0836181640625,73.94090270996094,45.34000015258789,23.617210388183597
2020-12-01,3.4679999351501465,148.7114715576172,74.02519989013672,44.54999923706055,24.108137130737305
2020-12-02,3.4749999046325684,151.7497100830078,73.65499877929688,45.27999877929688,24.36237144470215
2020-12-03,3.4790000915527344,155.5720672607422,73.66259765625,45.63999938964844,24.774396896362305
2020-12-04,3.513999938964844,157.59756469726562,73.86489868164062,46.2599983215332,25.537094116210938
2020-12-07,3.508500099182129,156.8135223388672,73.79029846191406,45.7599983215332,25.10752487182617
2020-12-08,3.49399995803833,155.18003845214844,74.0199966430664,45.59999847412109,24.993562698364254
2020-12-09,3.507999897003174,158.8717041015625,73.72640228271484,45.52000045776367,24.90589714050293
2020-12-10,3.570499897003174,156.6174774169922,73.93499755859375,46.77999877929688,25.379291534423828
2020-12-11,3.5239999294281006,157.59756469726562,73.72669982910156,46.56999969482422,24.897130966186523
2020-12-14,3.5220000743865967,158.47967529296875,73.73799896240234,46.9900016784668,24.791934967041016
2020-12-15,3.5380001068115234,158.93701171875,73.86000061035156,47.619998931884766,25.29162979125977
2020-12-16,3.553999900817871,158.21826171875,73.75980377197266,47.81999969482422,25.44066047668457
2020-12-17,3.5969998836517334,158.15293884277344,73.6166000366211,48.36000061035156,26.212120056152344
2020-12-18,3.628499984741211,157.9569549560547,73.52980041503906,49.09999847412109,26.09815788269043
2020-12-21,3.572999954223633,153.2198486328125,73.60359954833984,47.7400016784668,26.03678703308105
2020-12-22,3.5179998874664307,151.84776306152344,73.935302734375,47.02000045776367,25.361759185791016
2020-12-23,3.552000045776367,156.8135223388672,74.2699966430664,48.119998931884766,26.133220672607425
2020-12-24,3.559999942779541,157.89158630371094,73.83979797363281,48.22999954223633,26.23841857910156
2020-12-28,3.569999933242798,157.9896240234375,73.68900299072266,47.619998931884766,26.554018020629883
2020-12-29,3.552999973297119,156.58482360839844,73.5448989868164,48.0,26.466352462768555
2020-12-30,3.5429999828338623,156.29080200195312,73.45359802246094,48.400001525878906,27.00069046020508
2020-12-31,3.513999938964844,156.1927947998047,73.13400268554688,48.52000045776367,26.903221130371094
2021-01-04,3.552999973297119,159.45974731445312,73.09200286865234,47.619998931884766,28.188121795654297
2021-01-05,3.640500068664551,167.8557891845703,73.31999969482422,49.93000030517578,28.81728172302246
2021-01-06,3.650000095367432,179.7474822998047,73.37480163574219,50.630001068115234,29.33124351501465
2021-01-07,3.695499897003174,201.342041015625,73.36000061035156,50.83000183105469,30.48322486877441
2021-01-08,3.673500061035156,198.6304626464844,73.44599914550781,52.2400016784668,30.04015350341797
2021-01-11,3.563999891281128,190.95309448242188,73.37339782714844,52.25,28.897035598754883
2021-01-12,3.6050000190734863,189.90768432617188,73.51349639892578,53.209999084472656,29.455303192138672
2021-01-13,3.617000102996826,186.47740173339844,73.16500091552734,52.90999984741211,28.9945125579834
2021-01-14,3.6679999828338623,182.78575134277344,73.1698989868164,53.56999969482422,29.242626190185547
2021-01-15,3.6029999256134033,179.159423828125,73.08760070800781,52.36000061035156,28.37421226501465
2021-01-19,3.635999917984009,195.2328338623047,73.1886978149414,52.97999954223633,28.737529754638672
2021-01-20,3.6475000381469727,193.6646728515625,73.19190216064453,53.2400016784668,29.242626190185547
2021-01-21,3.6554999351501465,185.0399475097656,72.91089630126953,53.130001068115234,29.28693580627441
2021-01-22,3.635499954223633,180.10684204101562,72.95490264892578,52.27000045776367,28.710947036743164
2021-01-25,3.640500068664551,175.14108276367188,72.99590301513672,52.77000045776367,28.17926406860352
2021-01-26,3.628000020980835,175.14108276367188,72.97000122070312,52.61000061035156,27.72732925415039
2021-01-27,3.571500062942505,172.49484252929688,72.91999816894531,52.84999847412109,26.37153434753418
2021-01-28,3.5829999446868896,172.03749084472656,73.03710174560547,52.34000015258789,27.257673263549805
2021-01-29,3.573499917984009,179.518798828125,72.93879699707031,52.20000076293945,26.318363189697266
2021-02-01,3.562000036239624,188.666259765625,72.90660095214844,53.54999923706055,27.92228126525879
2021-02-02,3.5390000343322754,191.05113220214844,73.11979675292969,54.7599983215332,27.60326766967773
2021-02-03,3.5785000324249268,188.9602813720703,72.91629791259766,55.68999862670898,27.833663940429688
2021-02-04,3.565999984741211,192.5866241455078,72.85800170898438,56.22999954223633,27.709606170654297
2021-02-05,3.638999938964844,191.60650634765625,72.9457015991211,56.84999847412109,28.32104110717773
2021-02-08,3.678999900817871,194.2527008056641,72.78479766845703,57.970001220703125,29.278074264526367
2021-02-09,3.733500003814697,194.15472412109372,72.92990112304688,58.36000061035156,29.623674392700195
2021-02-10,3.785500049591065,195.1021270751953,72.85489654541016,58.68000030517578,30.18193817138672
2021-02-11,3.787499904632568,194.0240631103516,72.80729675292969,58.2400016784668,30.270553588867188
2021-02-12,3.802000045776367,196.08224487304688,72.70950317382812,59.470001220703125,30.270553588867188
2021-02-16,3.848000049591065,199.08782958984372,72.63870239257812,60.04999923706055,32.11372375488281
2021-02-17,3.8359999656677246,199.6758575439453,72.93499755859375,61.13999938964844,32.627689361572266
2021-02-18,3.9165000915527344,196.376220703125,72.79730224609375,60.52000045776367,32.92897415161133
2021-02-19,4.090000152587891,196.3435821533203,72.60540008544922,59.2400016784668,34.86075973510742
2021-02-22,4.152500152587891,198.98980712890625,72.5530014038086,61.4900016784668,35.74689865112305
2021-02-23,4.1875,198.89178466796875,72.44400024414062,61.66999816894531,35.87982177734375
2021-02-24,4.301000118255615,199.38185119628903,72.37699890136719,63.220001220703125,35.622840881347656
2021-02-25,4.265999794006348,198.9244842529297,72.4000015258789,63.52999877929688,34.07209014892578
2021-02-26,4.0945000648498535,194.3834381103516,73.1509017944336,61.5,32.769466400146484
2021-03-01,4.119500160217285,196.11489868164065,73.59590148925781,60.63999938964844,33.58470916748047
2021-03-02,4.231500148773193,206.0137481689453,73.30940246582031,59.75,33.566993713378906
2021-03-03,4.152999877929688,207.81057739257807,73.27749633789062,61.27999877929688,33.682186126708984
2021-03-04,3.990999937057495,212.93968200683597,72.88069915771484,63.83000183105469,31.33392143249512
2021-03-05,4.086999893188477,203.4982452392578,73.13179779052734,66.08999633789062,32.24664306640625
2021-03-08,4.103499889373779,202.0280914306641,73.1333999633789,65.05000305175781,32.08713912963867
2021-03-09,4.019499778747559,194.4814300537109,73.33000183105469,64.01000213623047,32.175758361816406
2021-03-10,4.041999816894531,199.577880859375,72.7759017944336,64.44000244140625,32.25550842285156
2021-03-11,4.14300012588501,199.577880859375,72.70600128173828,66.0199966430664,33.98347854614258
2021-03-12,4.145500183105469,197.291015625,72.63899993896484,65.61000061035156,33.73535919189453
2021-03-15,4.146500110626221,196.5069580078125,72.68299865722656,65.38999938964844,33.58470916748047
2021-03-16,4.078999996185303,198.43441772460935,72.51529693603516,64.80000305175781,32.90239334106445
2021-03-17,4.127999782562256,192.81527709960935,72.5156021118164,64.5999984741211,33.274566650390625
2021-03-18,4.117000102996826,187.0981292724609,72.29560089111328,60.0,32.57451248168945
2021-03-19,4.123499870300293,185.1379547119141,72.6688003540039,61.41999816894531,32.08713912963867
2021-03-22,4.14900016784668,181.8056488037109,72.40499877929688,61.54999923706055,32.30867385864258
2021-03-23,4.0879998207092285,176.709228515625,72.38050079345703,57.7599983215332,30.58070373535156
2021-03-24,4.071499824523926,173.18092346191406,72.61219787597656,61.18000030517578,30.093324661254883
2021-03-25,3.984999895095825,174.25900268554688,72.64559936523438,58.560001373291016,29.88951301574707
2021-03-26,4.078499794006348,181.6749725341797,72.61280059814453,60.970001220703125,31.227582931518555
2021-03-29,4.043000221252441,181.6749725341797,72.44719696044922,61.560001373291016,31.07693290710449
2021-03-30,3.983000040054321,171.35142517089844,72.74189758300781,60.54999923706055,31.31619644165039
2021-03-31,4.002999782562256,178.31002807617188,73.44529724121094,59.15999984741211,31.511154174804688
2021-04-01,4.003499984741211,183.1124267578125,73.20349884033203,61.45000076293945,32.264366149902344
2021-04-05,4.14900016784668,194.22007751464844,73.3759994506836,58.650001525878906,33.18595504760742
2021-04-06,4.126500129699707,196.89895629882807,73.27950286865234,59.33000183105469,33.41634750366211
2021-04-07,4.064000129699707,200.9173126220703,73.48999786376953,59.77000045776367,33.07075881958008
2021-04-08,4.103499889373779,208.4966583251953,74.40149688720703,59.59999847412109,33.558135986328125
2021-04-09,4.05049991607666,201.7994079589844,74.54450225830078,59.31999969482422,33.21253967285156
2021-04-12,4.03000020980835,192.19454956054688,74.72949981689453,59.70000076293945,31.971942901611328
2021-04-13,4.043000221252441,190.75711059570312,74.99099731445312,60.18000030517578,32.60110092163086
2021-04-14,4.139999866485596,190.75711059570312,75.18150329589844,63.150001525878906,33.95689392089844
2021-04-15,4.230500221252441,190.6264190673828,75.0261001586914,63.459999084472656,35.259525299072266
2021-04-16,4.179999828338623,190.8551177978516,74.72740173339844,63.130001068115234,35.2152214050293
2021-04-19,4.25,184.8439178466797,74.56320190429688,63.380001068115234,35.03799057006836
2021-04-20,4.223999977111816,185.8240203857422,74.8781967163086,62.43999862670898,33.97461700439453
2021-04-21,4.286499977111816,185.8240203857422,75.44920349121094,61.34999847412109,34.53289031982422
2021-04-22,4.2804999351501465,197.48699951171875,75.42949676513672,61.43000030517578,33.93917465209961
2021-04-23,4.3429999351501465,195.72283935546875,75.0916976928711,62.13999938964844,34.754425048828125
2021-04-26,4.447999954223633,198.7284393310547,74.86810302734375,61.90999984741211,35.98616027832031
2021-04-27,4.743000030517578,208.26800537109372,74.81490325927734,62.93999862670898,35.897544860839844
2021-04-28,4.537000179290772,201.3746795654297,74.57499694824219,63.86000061035156,36.01274108886719
2021-04-29,4.493000030517578,200.7212829589844,74.31179809570312,65.01000213623047,35.950714111328125
2021-04-30,4.479000091552734,199.3491668701172,74.10579681396484,63.58000183105469,34.967098236083984
2021-05-03,4.543000221252441,194.51409912109372,74.09480285644531,64.48999786376953,35.445613861083984
2021-05-04,4.535999774932861,189.74432373046875,73.8375015258789,65.69000244140625,35.897544860839844
2021-05-05,4.539000034332275,188.20887756347656,73.77890014648438,65.62999725341797,37.2621955871582
2021-05-06,4.61899995803833,193.72999572753903,73.79940032958984,64.70999908447266,37.92679977416992
2021-05-07,4.765999794006348,202.4527740478516,73.61519622802734,64.9000015258789,39.28260040283203
2021-05-10,4.733500003814697,207.67987060546875,73.29029846191406,64.91999816894531,39.87631607055664
2021-05-11,4.778500080108643,204.57632446289065,73.5,65.27999877929688,39.87631607055664
2021-05-12,4.752500057220459,207.1898498535156,73.3750991821289,66.08000183105469,38.25467300415039
2021-05-13,4.70550012588501,207.1898498535156,73.68160247802734,63.81999969482422,37.12928009033203
2021-05-14,4.664000034332275,203.7268829345703,73.44490051269531,65.37000274658203,37.20903396606445
2021-05-17,4.721499919891357,206.24241638183597,73.27890014648438,66.2699966430664,37.625518798828125
2021-05-18,4.735499858856201,225.74610900878903,73.26969909667969,65.48999786376953,37.98883056640625
2021-05-19,4.589499950408936,227.15089416503903,73.1281967163086,63.36000061035156,36.05705261230469
2021-05-20,4.581999778747559,225.1580352783203,73.222900390625,62.04999923706055,35.87095260620117
2021-05-21,4.495999813079834,225.12538146972656,73.02189636230469,63.58000183105469,35.42789077758789
2021-05-24,4.541500091552734,215.25924682617188,72.90979766845703,66.05000305175781,35.41016387939453
2021-05-25,4.521999835968018,217.77476501464844,72.83660125732422,66.06999969482422,34.87848663330078
2021-05-26,4.5329999923706055,212.9069976806641,72.80490112304688,66.20999908447266,35.3481330871582
2021-05-27,4.666500091552734,214.8018341064453,72.67250061035156,66.8499984741211,36.65962219238281
2021-05-28,4.682499885559082,213.42971801757807,72.68299865722656,66.31999969482422,36.544429779052734
2021-06-01,4.662000179290772,214.0177764892578,72.48719787597656,67.72000122070312,37.15586471557617
2021-06-02,4.599999904632568,211.9596099853516,72.8550033569336,68.83000183105469,36.70392990112305
2021-06-03,4.471499919891357,212.1556396484375,72.96510314941406,68.80999755859375,35.72031784057617
2021-06-04,4.537499904632568,218.0361328125,73.04419708251953,69.62000274658203,36.34061050415039
2021-06-07,4.534999847412109,222.05447387695312,72.90969848632812,69.2300033569336,35.52536392211914
2021-06-08,4.563000202178955,221.2377014160156,72.80940246582031,70.05000305175781,35.383583068847656
2021-06-09,4.536499977111816,220.87831115722656,72.97530364990234,69.95999908447266,35.2152214050293
2021-06-10,4.489999771118164,222.1524658203125,72.98529815673828,70.29000091552734,35.144325256347656
2021-06-11,4.541500091552734,224.79867553710935,73.01229858398438,70.91000366210938,35.48106002807617
2021-06-14,4.5320000648498535,221.8910980224609,73.23159790039062,70.87999725341797,35.01140594482422
2021-06-15,4.340000152587891,222.1198272705078,73.18080139160156,72.12000274658203,33.4517936706543
2021-06-16,4.392499923706055,218.3627777099609,73.3447036743164,72.1500015258789,32.503623962402344
2021-06-17,4.184500217437744,218.3301239013672,73.8240966796875,71.04000091552734,30.92629623413086
2021-06-18,4.162499904632568,214.89984130859372,74.25389862060547,71.63999938964844,30.722484588623047
2021-06-21,4.1875,216.76199340820312,74.1438980102539,73.66000366210938,31.85674476623535
2021-06-22,4.234499931335449,217.51336669921875,74.13520050048828,73.05999755859375,32.29981231689453
2021-06-23,4.330999851226807,216.5659942626953,74.33219909667969,73.08000183105469,32.92011642456055
2021-06-24,4.311500072479248,219.5716094970703,74.24690246582031,73.30000305175781,33.088478088378906
2021-06-25,4.298999786376953,221.85842895507807,74.19029998779297,74.05000305175781,33.44293594360352
2021-06-28,4.277999877929688,221.62974548339844,74.21299743652344,72.91000366210938,32.990997314453125
2021-06-29,4.276500225067139,222.21783447265625,74.285400390625,72.9800033569336,32.813899993896484
2021-06-30,4.296500205993652,221.69509887695312,74.28759765625,73.47000122070312,33.06309509277344
2021-07-01,4.242000102996826,222.1198272705078,74.37100219726562,75.2300033569336,32.91179275512695
2021-07-02,4.2820000648498535,221.82579040527344,74.54499816894531,75.16000366210938,33.11648941040039
2021-07-06,4.257999897003174,219.1142120361328,74.31780242919922,73.37000274658203,32.24430084228516
2021-07-07,4.328999996185303,217.9381256103516,74.76290130615234,72.19999694824219,32.929595947265625
2021-07-08,4.271500110626221,216.5659942626953,74.8218994140625,72.94000244140625,32.19981002807617
2021-07-09,4.352499961853027,216.89268493652344,74.72139739990234,74.55999755859375,33.463584899902344
2021-07-12,4.322999954223633,219.3429107666016,74.4905014038086,74.0999984741211,33.463584899902344
2021-07-13,4.314499855041504,218.7875213623047,74.54170227050781,75.25,32.974098205566406
2021-07-14,4.276999950408936,219.0161895751953,74.65910339355469,73.12999725341797,32.50239944458008
2021-07-15,4.333000183105469,226.8568878173828,74.46910095214844,71.6500015258789,32.65370559692383
2021-07-16,4.332499980926514,224.83140563964844,74.53700256347656,71.80999755859375,31.327617645263672
2021-07-19,4.2104997634887695,222.1198272705078,74.63179779052734,66.41999816894531,30.00152969360352
2021-07-20,4.273499965667725,217.5787353515625,74.99340057373047,67.41999816894531,30.3397274017334
2021-07-21,4.28249979019165,217.5787353515625,74.5270004272461,70.30000305175781,31.60350799560547
2021-07-22,4.3480000495910645,213.69107055664065,74.44020080566406,71.91000366210938,31.80821228027344
2021-07-23,4.406499862670898,214.67112731933597,74.4520034790039,72.06999969482422,32.10190963745117
2021-07-26,4.589000225067139,213.3316802978516,74.44889831542969,71.91000366210938,32.99189758300781
2021-07-27,4.546000003814697,209.3787078857422,74.28949737548828,71.6500015258789,32.92070007324219
2021-07-28,4.479000091552734,206.6344451904297,74.5022964477539,72.38999938964844,33.258888244628906
2021-07-29,4.519999980926514,211.4042053222656,74.38999938964844,73.62000274658203,34.22897720336914
2021-07-30,4.480500221252441,209.41136169433597,74.25199890136719,73.94999694824219,33.68608474731445
2021-08-02,4.432000160217285,212.0249481201172,74.37909698486328,71.26000213623047,33.748382568359375
2021-08-03,4.382999897003174,209.90139770507807,74.33200073242188,70.55999755859375,33.67718505859375
2021-08-04,4.329999923706055,208.85597229003903,74.21440124511719,68.1500015258789,33.169891357421875
2021-08-05,4.3454999923706055,208.725341796875,74.18399810791016,69.08999633789062,33.10758972167969
2021-08-06,4.3454999923706055,208.0392608642578,74.08200073242188,68.27999877929688,33.13429260253906
2021-08-09,4.287000179290772,207.51654052734372,74.49140167236328,66.4800033569336,32.80499649047852
2021-08-10,4.351500034332275,202.1260986328125,74.46620178222656,68.29000091552734,33.37458801269531
2021-08-11,4.363999843597412,206.5691375732422,74.43550109863281,69.25,33.997581481933594
2021-08-12,4.355999946594238,208.95399475097656,74.10299682617188,69.08999633789062,33.68608474731445
2021-08-13,4.38700008392334,209.67269897460935,74.26010131835938,68.44000244140625,34.14887619018555
2021-08-16,4.322000026702881,216.17398071289065,74.216796875,67.29000091552734,33.18769073486328
2021-08-17,4.199999809265137,207.54920959472656,74.13500213623047,66.58999633789062,31.71920585632324
2021-08-18,4.116000175476074,209.90139770507807,74.364501953125,65.45999908447266,31.09621810913086
2021-08-19,4.03849983215332,209.90139770507807,74.2697982788086,63.68999862670898,29.574338912963867
2021-08-20,4.134500026702881,201.309326171875,74.4292984008789,62.31999969482422,29.5654354095459
2021-08-23,4.234499931335449,202.7141265869141,74.30149841308594,65.63999938964844,30.775819778442383
2021-08-24,4.255000114440918,206.6344451904297,74.10590362548828,67.54000091552734,31.51451110839844
2021-08-25,4.264999866485596,206.50379943847656,74.1447982788086,68.36000061035156,31.65690422058105
2021-08-26,4.245999813079834,206.0137481689453,74.0999984741211,67.41999816894531,31.327617645263672
2021-08-27,4.316500186920166,207.90858459472656,74.15599822998047,68.73999786376953,32.635894775390625
2021-08-30,4.361000061035156,211.7309417724609,73.49659729003906,69.20999908447266,32.885093688964844
2021-08-31,4.360000133514404,210.22813415527344,73.41120147705078,68.5,32.85839080810547
2021-09-01,4.263000011444092,210.88150024414065,72.99669647216797,68.58999633789062,32.644798278808594
2021-09-02,4.289999961853027,212.4822998046875,72.98509979248047,69.98999786376953,33.0363883972168
2021-09-03,4.325500011444092,212.3842620849609,73.0542984008789,69.29000091552734,33.57928466796875
2021-09-07,4.277500152587891,214.9325256347656,73.11000061035156,68.3499984741211,33.267791748046875
2021-09-08,4.23199987411499,215.5859375,73.3904037475586,69.30000305175781,32.19981002807617
2021-09-09,4.2835001945495605,215.25924682617188,73.78900146484375,68.13999938964844,32.50239944458008
2021-09-10,4.447999954223633,215.25924682617188,73.53800201416016,69.72000122070312,33.11648941040039
2021-09-13,4.363500118255615,219.1468811035156,73.52429962158203,70.44999694824219,33.44579315185547
2021-09-14,4.317999839782715,217.5787353515625,73.54080200195312,70.45999908447266,33.00968933105469
2021-09-15,4.403500080108643,218.52615356445312,73.65080261230469,72.61000061035156,33.69499206542969
2021-09-16,4.278500080108643,218.8201904296875,73.43800354003906,72.61000061035156,32.297698974609375
2021-09-17,4.245500087738037,218.7222137451172,73.56490325927734,71.97000122070312,31.265316009521484
2021-09-20,4.117000102996826,211.2081756591797,73.69609832763672,70.29000091552734,29.7701358795166
2021-09-21,4.127999782562256,208.169921875,73.65899658203125,70.55999755859375,29.80573081970215
2021-09-22,4.252500057220459,207.6472320556641,73.7927017211914,72.2300033569336,30.54442405700684
2021-09-23,4.230999946594238,210.7507781982422,73.8749008178711,73.30000305175781,31.06061553955078
2021-09-24,4.287499904632568,210.7834930419922,73.83999633789062,73.9800033569336,30.7313175201416
2021-09-27,4.293499946594238,210.22813415527344,73.81289672851562,75.44999694824219,30.90931701660156
2021-09-28,4.244999885559082,210.1954498291016,73.82530212402344,75.29000091552734,30.402029037475582
2021-09-29,4.199999809265137,210.29345703125,74.16329956054688,74.83000183105469,29.823532104492188
2021-09-30,4.090000152587891,203.59620666503903,74.3219985961914,75.02999877929688,30.437623977661133
2021-10-01,4.19350004196167,200.03526306152344,74.25440216064453,75.87999725341797,30.775819778442383
2021-10-04,4.246500015258789,202.38743591308597,74.152099609375,77.62000274658203,30.669017791748047
2021-10-05,4.202000141143799,203.8902130126953,74.57279968261719,78.93000030517578,30.95381736755371
2021-10-06,4.1570000648498535,205.5890655517578,74.56320190429688,77.43000030517578,30.464326858520508
2021-10-07,4.250999927520752,204.80499267578125,74.76000213623047,78.30000305175781,31.51451110839844
2021-10-08,4.2829999923706055,206.11175537109372,74.83000183105469,79.3499984741211,31.51451110839844
2021-10-11,4.374499797821045,206.1444396972656,75.30580139160156,80.5199966430664,32.27989959716797
2021-10-12,4.328999996185303,208.26800537109372,75.40260314941406,80.63999938964844,32.55579376220703
2021-10-13,4.520500183105469,217.480712890625,75.48390197753906,80.44000244140625,33.34788513183594
2021-10-14,4.631499767303467,226.53016662597656,75.3062973022461,81.30999755859375,34.41587448120117
2021-10-15,4.734000205993652,226.53016662597656,74.99500274658203,82.27999877929688,35.3770637512207
2021-10-18,4.730500221252441,253.2864990234375,75.00589752197266,82.44000244140625,35.68855285644531
2021-10-19,4.714000225067139,241.29676818847656,75.2354965209961,82.95999908447266,35.563961029052734
2021-10-20,4.75600004196167,235.15489196777344,75.12010192871094,83.87000274658203,35.59956359863281
2021-10-21,4.58650016784668,223.49192810058597,74.80919647216797,82.5,34.42477798461914
2021-10-22,4.526000022888184,210.6201629638672,74.86540222167969,83.76000213623047,34.042076110839844
2021-10-25,4.551499843597412,211.0448455810547,74.99369812011719,83.76000213623047,34.7985725402832
2021-10-26,4.486499786376953,211.175537109375,75.08989715576172,84.6500015258789,34.380279541015625
2021-10-27,4.38700008392334,211.6002197265625,74.88890075683594,82.66000366210938,33.169891357421875
2021-10-28,4.4375,207.54920959472656,75.05000305175781,82.80999755859375,33.356788635253906
2021-10-29,4.375500202178955,203.43284606933597,74.79720306396484,83.56999969482422,33.21439743041992
2021-11-01,4.401999950408936,206.11175537109372,74.92829895019531,84.05000305175781,33.392391204833984
2021-11-02,4.374000072479248,205.6870574951172,74.82990264892578,83.91000366210938,32.52909851074219
2021-11-03,4.326000213623047,206.3077850341797,74.71199798583984,80.86000061035156,32.28880310058594
2021-11-04,4.326000213623047,208.1372528076172,74.43550109863281,78.80999755859375,32.11970138549805
2021-11-05,4.348999977111816,208.1372528076172,74.47810363769531,81.2699966430664,32.11970138549805
2021-11-08,4.40500020980835,209.5094146728516,74.19110107421875,81.93000030517578,33.02749252319336
2021-11-09,4.380000114440918,207.12451171875,73.91850280761719,84.1500015258789,32.42230224609375
2021-11-10,4.328000068664551,206.6344451904297,74.17479705810547,81.33999633789062,31.60350799560547
2021-11-11,4.4045000076293945,208.75799560546875,74.40489959716797,81.58999633789062,33.0363883972168
2021-11-12,4.45550012588501,211.7309417724609,74.32209777832031,80.79000091552734,33.60598373413086
2021-11-15,4.4070000648498535,214.6058654785156,74.33999633789062,80.87999725341797,32.680397033691406
2021-11-16,4.358500003814697,215.3245391845703,74.43509674072266,80.76000213623047,32.31550216674805
2021-11-17,4.2729997634887695,217.3500518798828,74.45860290527344,78.36000061035156,31.977310180664062
2021-11-18,4.309999942779541,211.0121917724609,74.25980377197266,79.01000213623047,32.057403564453125
2021-11-19,4.4085001945495605,211.0121917724609,74.17440032958984,76.0999984741211,32.039608001708984
2021-11-22,4.395500183105469,208.3005828857422,74.30259704589844,76.75,32.19090270996094
2021-11-23,4.423500061035156,213.46240234375,74.42980194091797,78.5,32.44010162353516
2021-11-24,4.458000183105469,215.78189086914065,74.4469985961914,78.38999938964844,32.44010162353516
2021-11-26,4.281499862670898,215.8145751953125,74.50579833984375,68.1500015258789,30.962722778320312
2021-11-29,4.336999893188477,215.5205535888672,74.98159790039062,69.94999694824219,31.61240768432617
2021-11-30,4.277999877929688,217.6114501953125,75.05490112304688,66.18000030517578,31.60350799560547
2021-12-01,4.247499942779541,217.31739807128903,75.0509033203125,65.56999969482422,31.16741371154785
2021-12-02,4.298999786376953,217.77476501464844,75.01789855957031,66.5,31.665809631347656
2021-12-03,4.266499996185303,227.15089416503903,74.9834976196289,66.26000213623047,31.274213790893555
2021-12-06,4.336999893188477,228.03294372558597,75.23400115966797,69.48999786376953,31.81710624694824
2021-12-07,4.3379998207092285,231.03854370117188,75.39129638671875,72.05000305175781,32.689292907714844
2021-12-08,4.390999794006348,236.3636779785156,75.40859985351562,72.36000061035156,33.00968933105469
2021-12-09,4.329999923706055,239.92465209960935,75.38330078125,70.94000244140625,32.787193298339844
2021-12-10,4.2829999923706055,238.78128051757807,75.59919738769531,71.66999816894531,32.52909851074219
2021-12-13,4.28000020980835,240.41473388671875,75.70999908447266,71.29000091552734,32.51129913330078
2021-12-14,4.254000186920166,232.61729431152344,75.82689666748047,70.7300033569336,32.14640426635742
2021-12-15,4.179500102996826,228.77008056640625,76.04720306396484,70.87000274658203,31.772600173950195
2021-12-16,4.30049991607666,222.44972229003903,76.2114028930664,72.37999725341797,32.057403564453125
2021-12-17,4.290999889373779,215.3049468994141,76.1675033569336,70.86000061035156,31.83490562438965
2021-12-20,4.288000106811523,213.5874481201172,76.00599670410156,68.2300033569336,30.936016082763672
2021-12-21,4.3379998207092285,214.9271240234375,75.75869750976562,71.12000274658203,31.82600212097168
2021-12-22,4.389500141143799,214.4462127685547,75.6864013671875,72.76000213623047,32.44010162353516
2021-12-23,4.38700008392334,216.4385223388672,75.45850372314453,73.79000091552734,32.73379898071289
2021-12-27,4.465000152587891,216.7132873535156,75.31500244140625,75.56999969482422,32.99189758300781
2021-12-28,4.420000076293945,217.77816772460935,74.98030090332031,75.9800033569336,32.85839080810547
2021-12-29,4.401999950408936,216.88507080078125,74.74500274658203,76.55999755859375,33.000789642333984
2021-12-30,4.384500026702881,216.85073852539065,74.57029724121094,76.98999786376953,32.96031951904297
2021-12-31,4.454999923706055,217.6407470703125,74.43119812011719,75.20999908447266,33.19414520263672
2022-01-03,4.414500236511231,219.56434631347656,74.51380157470703,76.08000183105469,33.068241119384766
2022-01-04,4.466000080108643,227.08692932128903,74.4032974243164,76.98999786376953,33.6438102722168
2022-01-05,4.4045000076293945,228.04876708984372,74.53489685058594,77.8499984741211,33.19414520263672
2022-01-06,4.3480000495910645,227.705322265625,74.43009948730469,79.45999908447266,33.014278411865234
2022-01-07,4.402999877929688,228.77008056640625,74.41929626464844,78.9000015258789,33.77871322631836
2022-01-10,4.3445000648498535,227.01828002929688,74.2699966430664,78.2300033569336,33.706764221191406
2022-01-11,4.420499801635742,224.4763946533203,74.05699920654297,81.22000122070312,34.65105438232422
2022-01-12,4.564000129699707,227.1900329589844,73.81529998779297,82.63999938964844,36.52165985107422
2022-01-13,4.533999919891357,227.6708984375,73.79910278320312,82.12000274658203,36.08998107910156
2022-01-14,4.411499977111816,226.70909118652344,73.97229766845703,83.81999969482422,35.72126007080078
2022-01-18,4.375999927520752,223.8237152099609,74.25509643554688,85.43000030517578,36.018035888671875
2022-01-19,4.462500095367432,222.7245330810547,74.61969757080078,86.95999908447266,36.68354034423828
2022-01-20,4.576499938964844,221.3505401611328,74.44920349121094,86.9000015258789,36.37776184082031
2022-01-21,4.512499809265137,223.9611053466797,74.45220184326172,85.13999938964844,35.22662734985352
2022-01-24,4.402999877929688,217.468994140625,74.41320037841797,83.30999755859375,34.38125991821289
2022-01-25,4.442999839782715,214.514892578125,74.6447982788086,85.5999984741211,34.47119140625
2022-01-26,4.504499912261963,214.514892578125,74.77999877929688,87.3499984741211,34.38125991821289
2022-01-27,4.413000106811523,214.9958038330078,74.8949966430664,86.61000061035156,33.913604736328125
2022-01-28,4.302999973297119,216.6446075439453,75.20929718017578,86.81999969482422,33.239112854003906
2022-01-31,4.317999839782715,216.7132873535156,75.03900146484375,88.1500015258789,33.6438102722168
2022-02-01,4.428999900817871,218.46514892578125,74.55580139160156,88.19999694824219,34.29133224487305
2022-02-02,4.491000175476074,220.14825439453125,74.74549865722656,88.26000213623047,34.57011032104492
2022-02-03,4.46649980545044,222.1062469482422,74.82240295410156,90.2699966430664,34.19240188598633
2022-02-04,4.483500003814697,226.4686584472656,74.6438980102539,92.30999755859376,34.417232513427734
2022-02-07,4.46150016784668,229.491455078125,74.64219665527344,91.31999969482422,34.821929931640625
2022-02-08,4.459499835968018,224.85423278808597,74.6583023071289,89.36000061035156,35.6223258972168
2022-02-09,4.600500106811523,227.87701416015625,74.69519805908203,89.66000366210938,36.863407135009766
2022-02-10,4.65749979019165,227.9456787109375,74.80889892578125,89.87999725341797,37.05226135253906
2022-02-11,4.505000114440918,224.68243408203125,75.53839874267578,93.0999984741211,36.674537658691406
2022-02-14,4.507500171661377,215.51109313964844,75.34100341796875,95.45999908447266,36.91736602783203
2022-02-15,4.531499862670898,216.4728546142578,75.6854019165039,92.06999969482422,37.079246520996094
2022-02-16,4.540500164031982,218.1216583251953,75.17479705810547,93.66000366210938,37.42098236083984
2022-02-17,4.525000095367432,217.468994140625,75.04199981689453,91.76000213623048,36.91736602783203
2022-02-18,4.519499778747559,217.94992065429688,75.06300354003906,91.06999969482422,36.746490478515625
2022-02-22,4.510000228881836,212.4195556640625,74.51699829101562,92.3499984741211,36.70152282714844
2022-02-23,4.481500148773193,214.9958038330078,74.62300109863281,92.0999984741211,36.46769714355469
2022-02-24,4.453999996185303,205.20611572265625,74.63300323486328,92.80999755859376,36.18891143798828
2022-02-25,4.4720001220703125,213.2096405029297,75.4083023071289,91.58999633789062,37.67279052734375
2022-02-28,4.444499969482422,214.308837890625,75.06800079345703,95.72000122070312,38.311309814453125
2022-03-01,4.58650016784668,214.308837890625,75.28479766845703,103.41000366210938,38.3203125
2022-03-02,4.6554999351501465,241.65126037597656,75.80120086669922,110.5999984741211,39.44446563720703
2022-03-03,4.771500110626221,233.85385131835935,75.63099670410156,107.66999816894533,40.36178588867188
2022-03-04,4.928999900817871,220.7321929931641,75.8917007446289,115.68000030517578,40.02003479003906
2022-03-07,4.7220001220703125,219.4613037109375,76.41799926757812,119.4000015258789,38.77896881103516
2022-03-08,4.700500011444092,221.4879150390625,77.08080291748047,123.6999969482422,38.3203125
2022-03-09,4.564000129699707,217.7438201904297,76.91449737548828,108.6999969482422,38.55413436889648
2022-03-10,4.643499851226807,214.96144104003903,76.13490295410156,106.0199966430664,39.399505615234375
2022-03-11,4.616000175476074,215.13319396972656,76.310302734375,109.33000183105467,38.59910202026367
2022-03-14,4.512499809265137,212.8661193847656,76.75370025634766,103.01000213623048,36.90837097167969
2022-03-15,4.501500129699707,209.87765502929688,76.49009704589844,96.44000244140624,36.32380294799805
2022-03-16,4.5879998207092285,212.93478393554688,76.26589965820312,95.04000091552734,38.07748794555664
2022-03-17,4.690499782562256,213.00347900390625,76.02420043945312,102.9800033569336,38.958831787109375
2022-03-18,4.730500221252441,213.00347900390625,75.98159790039062,104.6999969482422,39.48942947387695
2022-03-21,4.701499938964844,213.93093872070312,75.94640350341797,112.12000274658205,40.44272613525391
2022-03-22,4.689000129699707,215.03013610839844,76.30709838867188,111.76000213623048,40.6315803527832
2022-03-23,4.762499809265137,213.6561584472656,76.10189819335938,114.93000030517578,41.07224655151367
2022-03-24,4.729000091552734,213.6904754638672,76.55239868164062,112.33999633789062,41.530906677246094
2022-03-25,4.685999870300293,213.5186920166016,76.32350158691406,113.9000015258789,41.79171371459961
2022-03-28,4.714000225067139,212.96913146972656,76.27850341796875,105.95999908447266,41.38701248168945
2022-03-29,4.71649980545044,212.8661193847656,76.03410339355469,104.23999786376952,40.93735122680664
2022-03-30,4.739500045776367,213.7935943603516,75.66670227050781,107.81999969482422,41.29708099365234
2022-03-31,4.743000030517578,213.0721740722656,75.82779693603516,100.27999877929688,40.9283561706543
2022-04-01,4.682499885559082,220.28567504882807,75.9092025756836,99.2699966430664,41.99855422973633
2022-04-04,4.776500225067139,223.3085021972656,75.99479675292969,103.27999877929688,42.13345336914063
2022-04-05,4.790999889373779,228.66705322265625,75.47799682617188,101.95999908447266,40.9283561706543
2022-04-06,4.733500003814697,229.0448760986328,75.45069885253906,96.2300033569336,40.127960205078125
2022-04-07,4.695000171661377,231.79286193847656,75.94509887695312,96.02999877929688,40.52366256713867
2022-04-08,4.71999979019165,232.72032165527344,75.91320037841797,98.26000213623048,40.86540603637695
2022-04-11,4.628499984741211,239.45286560058597,75.91729736328125,94.29000091552734,40.02903366088867
2022-04-12,4.703999996185303,233.8195343017578,75.83699798583984,100.5999984741211,40.17292022705078
2022-04-13,4.706999778747559,242.1322021484375,76.1498031616211,104.25,41.557891845703125
2022-04-14,4.7170000076293945,242.1322021484375,76.12169647216797,106.9499969482422,41.46795272827149
2022-04-18,4.796000003814697,236.3614044189453,76.3313980102539,108.20999908447266,41.84566879272461
2022-04-19,4.714000225067139,234.57525634765625,76.28019714355469,102.55999755859376,41.6747932434082
2022-04-20,4.649499893188477,238.6972198486328,76.44539642333984,102.75,40.95534133911133
2022-04-21,4.703499794006348,240.31163024902344,76.27619934082031,103.79000091552734,38.77896881103516
2022-04-22,4.582499980926514,237.2544860839844,76.28520202636719,102.06999969482422,36.87239837646485
2022-04-25,4.448999881744385,221.7970733642578,76.4635009765625,98.54000091552734,36.17991638183594
2022-04-26,4.440000057220459,221.8657989501953,76.52780151367188,101.6999969482422,34.71400451660156
2022-04-27,4.454500198364258,218.56820678710935,76.79409790039062,102.0199966430664,36.098968505859375
2022-04-28,4.41349983215332,220.90396118164065,76.47219848632812,105.36000061035156,36.422733306884766
2022-04-29,4.394999980926514,221.14442443847656,76.58899688720703,104.69000244140624,36.0090446472168
2022-05-02,4.255499839782715,222.1406097412109,76.52310180664062,105.16999816894533,35.53239822387695
2022-05-03,4.270999908447266,222.1406097412109,76.52410125732422,102.41000366210938,35.91910552978516
2022-05-04,4.328499794006348,216.9881134033203,76.46730041503906,107.80999755859376,36.692527770996094
2022-05-05,4.284999847412109,213.6561584472656,76.00160217285156,108.26000213623048,34.794952392578125
2022-05-06,4.261499881744385,209.3967742919922,76.54180145263672,109.7699966430664,34.15642547607422
2022-05-09,4.192999839782715,212.3164825439453,76.9574966430664,103.08999633789062,32.10595703125
2022-05-10,4.1545000076293945,206.75184631347656,77.3655014038086,99.76000213623048,31.65630340576172
2022-05-11,4.212500095367432,202.9733428955078,77.27140045166016,105.70999908447266,31.935089111328125
2022-05-12,4.105000019073486,196.5842437744141,77.41840362548828,106.12999725341795,30.900861740112305
2022-05-13,4.180500030517578,195.4850616455078,77.44380187988281,110.48999786376952,31.890121459960938
2022-05-16,4.196499824523926,193.90499877929688,77.48629760742188,114.1999969482422,32.4656982421875
2022-05-17,4.239500045776367,201.8397979736328,77.8053970336914,112.4000015258789,34.00354766845703
2022-05-18,4.182000160217285,199.9162139892578,77.37239837646484,109.58999633789062,32.93334197998047
2022-05-19,4.284999847412109,196.1033935546875,77.81999969482422,112.20999908447266,34.38125991821289
2022-05-20,4.281000137329102,201.7367706298828,77.42109680175781,113.2300033569336,34.33629608154297
2022-05-23,4.347499847412109,205.5839385986328,77.81839752197266,110.29000091552734,35.22662734985352
2022-05-24,4.325500011444092,202.9390106201172,77.52680206298828,109.7699966430664,34.911865234375
2022-05-25,4.276999950408936,209.190673828125,77.47879791259766,110.33000183105467,34.81293487548828
2022-05-26,4.255000114440918,205.54962158203125,77.49729919433594,114.08999633789062,35.11871337890625
2022-05-27,4.303999900817871,203.5572967529297,77.63020324707031,115.06999969482422,35.70326614379883
2022-05-31,4.295000076293945,206.75184631347656,77.5208969116211,114.66999816894533,35.55937957763672
2022-06-01,4.329999923706055,212.96913146972656,77.5989990234375,115.26000213623048,35.54138946533203
2022-06-02,4.553999900817871,210.0837860107422,77.58409881591797,116.87000274658205,37.187156677246094
2022-06-03,4.477499961853027,205.89309692382807,77.3604965209961,118.87000274658205,36.63857650756836
2022-06-06,4.439499855041504,205.7900238037109,77.69419860839844,118.5,37.09722900390625
2022-06-07,4.439499855041504,207.3357696533203,77.82099914550781,119.41000366210938,37.48393630981445
2022-06-08,4.458499908447266,204.51907348632807,77.67060089111328,122.11000061035156,36.64756393432617
2022-06-09,4.388999938964844,200.9123687744141,77.72429656982422,121.51000213623048,35.415489196777344
2022-06-10,4.301000118255615,198.98878479003903,77.8187026977539,120.66999816894533,34.588104248046875
2022-06-13,4.21649980545044,192.7370758056641,78.17759704589844,120.93000030517578,32.762474060058594
2022-06-14,4.161499977111816,190.4699859619141,78.16059875488281,118.93000030517578,32.30381393432617
2022-06-15,4.167500019073486,192.9775390625,77.9854965209961,115.30999755859376,32.834415435791016
2022-06-16,4.111999988555908,188.95860290527344,77.90019989013672,117.58999633789062,31.4764347076416
2022-06-17,4.017499923706055,182.63824462890625,77.97769927978516,109.55999755859376,31.05374526977539
2022-06-21,4.043000221252441,181.05810546875,77.93399810791016,110.6500015258789,31.278579711914062
2022-06-22,3.951499938964844,170.10052490234375,78.13490295410156,106.19000244140624,29.59684181213379
2022-06-23,3.758500099182129,171.98977661132812,78.19309997558594,104.2699966430664,27.80718231201172
2022-06-24,3.759999990463257,169.37918090820312,78.14240264892578,107.62000274658205,28.922348022460938
2022-06-27,3.7790000438690186,169.0700225830078,78.2522964477539,109.56999969482422,29.48892593383789
2022-06-28,3.783999919891357,172.57371520996094,78.44110107421875,111.76000213623048,29.32704734802246
2022-06-29,3.7790000438690186,174.15380859375,79.07319641113281,109.77999877929688,28.57115364074707
2022-06-30,3.714499950408936,171.30276489257812,78.89830017089844,105.76000213623048,27.936647415161133
2022-07-01,3.61899995803833,170.066162109375,78.96299743652344,108.43000030517578,27.394100189208984
2022-07-05,3.424999952316284,170.7875518798828,78.93949890136719,99.5,25.968759536743164
2022-07-06,3.4179999828338623,169.7227020263672,79.36840057373047,98.52999877929688,25.950368881225582
2022-07-07,3.5820000171661377,176.21481323242188,79.04389953613281,102.7300033569336,27.52284049987793
2022-07-08,3.532000064849853,180.7146453857422,79.22160339355469,104.79000091552734,27.081445693969727
2022-07-11,3.4375,186.4510498046875,79.3313980102539,104.08999633789062,25.858413696289062
2022-07-12,3.296499967575073,183.9435272216797,79.47779846191406,95.83999633789062,25.28827667236328
2022-07-13,3.325500011444092,186.622802734375,79.47640228271484,96.3000030517578,25.32505989074707
2022-07-14,3.2105000019073486,194.90110778808597,79.80750274658203,95.77999877929688,24.387094497680664
2022-07-15,3.234499931335449,196.03466796875,79.87830352783203,97.58999633789062,24.745729446411133
2022-07-18,3.3480000495910645,201.5650177001953,79.72049713134766,102.5999984741211,25.59173583984375
2022-07-19,3.2915000915527344,205.17173767089844,80.0302963256836,104.22000122070312,26.12508583068848
2022-07-20,3.3294999599456787,206.0585021972656,79.85590362548828,102.26000213623048,25.968759536743164
2022-07-21,3.302000045776367,209.12515258789065,80.00340270996094,96.3499984741211,25.98715209960937
2022-07-22,3.3485000133514404,204.8761444091797,79.7759017944336,94.6999969482422,25.692890167236328
2022-07-25,3.3510000705718994,201.7725372314453,79.87680053710938,96.6999969482422,26.005542755126957
2022-07-26,3.382499933242798,196.48898315429688,79.72250366210938,94.9800033569336,25.8032341003418
2022-07-27,3.429500102996826,194.30908203125,79.84120178222656,97.26000213623048,26.5756778717041
2022-07-28,3.4749999046325684,195.45445251464844,79.84739685058594,96.41999816894533,26.860746383666992
2022-07-29,3.5840001106262207,199.2970428466797,79.57150268554688,98.62000274658205,28.03779983520508
2022-08-01,3.552000045776367,201.292236328125,79.1948013305664,93.88999938964844,27.42168617248535
2022-08-02,3.524499893188477,200.36851501464844,78.95570373535156,94.41999816894533,26.548093795776367
2022-08-03,3.469500064849853,199.07534790039065,78.60449981689453,90.66000366210938,26.428544998168945
2022-08-04,3.4830000400543213,200.36851501464844,79.11830139160156,88.54000091552734,26.66763687133789
2022-08-05,3.552999973297119,200.9227294921875,79.15489959716797,89.01000213623047,27.200986862182617
2022-08-08,3.587500095367432,200.55323791503903,79.41059875488281,90.76000213623048,28.24930191040039
2022-08-09,3.5924999713897705,200.55323791503903,79.60189819335938,90.5,27.9642333984375
2022-08-10,3.6554999351501465,201.51390075683597,79.57839965820312,91.93000030517578,29.11370277404785
2022-08-11,3.7105000019073486,201.6616973876953,79.0978012084961,94.33999633789062,29.233247756958008
2022-08-12,3.6760001182556152,202.2528839111328,79.61399841308594,92.08999633789062,29.610271453857425
2022-08-15,3.628999948501587,202.2528839111328,79.62760162353516,89.41000366210938,28.61713218688965
2022-08-16,3.6364998817443848,216.6625518798828,79.55290222167969,86.52999877929688,29.012548446655277
2022-08-17,3.5980000495910645,211.04644775390625,79.14600372314453,88.11000061035156,28.460803985595703
2022-08-18,3.6465001106262207,209.0143280029297,79.35970306396484,90.5,28.85622215270996
2022-08-19,3.683500051498413,206.9082946777344,79.7667007446289,90.7699966430664,28.166542053222656
2022-08-22,3.670500040054321,206.31712341308597,79.91790008544922,90.2300033569336,27.7987117767334
2022-08-23,3.704499959945679,208.75567626953125,79.88379669189453,93.73999786376952,29.141286849975582
2022-08-24,3.660500049591065,208.7187347412109,79.85449981689453,94.88999938964844,29.040138244628903
2022-08-25,3.7105000019073486,208.0906219482422,79.79679870605469,92.5199966430664,29.9321231842041
2022-08-26,3.7114999294281006,210.71389770507807,79.88289642333984,93.05999755859376,29.297616958618164
2022-08-29,3.626499891281128,210.38140869140625,79.95909881591797,97.01000213623048,28.85622215270996
2022-08-30,3.5450000762939453,210.6030731201172,79.96790313720703,91.63999938964844,27.660778045654297
2022-08-31,3.5185000896453857,210.6030731201172,79.68229675292969,89.55000305175781,27.44927406311035
2022-09-01,3.414499998092652,210.1227569580078,79.54879760742188,86.61000061035156,26.400959014892575
2022-09-02,3.421499967575073,210.89865112304688,79.716796875,86.87000274658203,26.71361541748047
2022-09-06,3.469000101089477,212.08099365234372,79.78299713134766,86.87999725341797,26.92511940002441
2022-09-07,3.437999963760376,212.5243988037109,79.89510345458984,81.94000244140625,26.96190071105957
2022-09-08,3.5360000133514404,213.30030822753903,79.6498031616211,83.54000091552734,27.78951644897461
2022-09-09,3.5810000896453857,213.96534729003903,79.706298828125,86.79000091552734,28.87461471557617
2022-09-12,3.625499963760376,213.89149475097656,79.65579986572266,87.77999877929688,29.44474983215332
2022-09-13,3.5810000896453857,213.15252685546875,79.35530090332031,87.30999755859375,28.27688980102539
2022-09-14,3.5455000400543213,214.1131591796875,79.60240173339844,88.4800033569336,28.129756927490234
2022-09-15,3.5234999656677246,214.8521270751953,79.45369720458984,85.0999984741211,27.633188247680664
2022-09-16,3.561000108718872,207.8689422607422,79.8490982055664,85.11000061035156,27.486059188842773
2022-09-19,3.557499885559082,203.5090789794922,79.68949890136719,85.7300033569336,28.019407272338867
2022-09-20,3.5480000972747803,206.0215301513672,79.7074966430664,84.44999694824219,27.320533752441406
2022-09-21,3.51200008392334,207.7580718994141,79.76270294189453,82.94000244140625,26.78718376159668
2022-09-22,3.498500108718872,208.6448516845703,80.05069732666016,83.48999786376953,26.84235572814941
2022-09-23,3.371500015258789,205.7259521484375,81.06220245361328,78.73999786376953,25.29747009277344
2022-09-26,3.313499927520752,201.32916259765625,81.25479888916016,76.70999908447266,24.73653030395508
2022-09-27,3.322999954223633,202.4745635986328,81.61579895019531,78.5,25.03079605102539
2022-09-28,3.381999969482422,196.63677978515625,81.72460174560547,82.1500015258789,26.106698989868164
2022-09-29,3.440000057220459,197.92996215820312,81.42870330810547,81.2300033569336,26.06071662902832
2022-09-30,3.441999912261963,197.4496307373047,81.48059844970703,79.48999786376953,25.98715209960937
2022-10-03,3.4579999446868896,196.59982299804688,81.52130126953125,83.62999725341797,27.17340087890625
2022-10-04,3.5179998874664307,201.2552947998047,81.49500274658203,86.5199966430664,28.001020431518555
2022-10-05,3.532500028610229,201.2552947998047,81.46549987792969,87.76000213623047,27.761926651000977
2022-10-06,3.4749999046325684,210.27053833007807,81.6488037109375,88.44999694824219,27.219379425048828
2022-10-07,3.4124999046325684,212.67214965820312,82.3489990234375,92.63999938964844,26.44693946838379
2022-10-10,3.4535000324249268,214.1131591796875,82.8322982788086,91.12999725341795,26.44693946838379
2022-10-11,3.4779999256134038,212.00711059570312,82.42070007324219,89.3499984741211,25.968759536743164
2022-10-12,3.444499969482422,213.89149475097656,82.2739028930664,87.2699966430664,26.106698989868164
2022-10-13,3.4674999713897705,213.66976928710935,82.19999694824219,89.11000061035156,26.64924430847168
2022-10-14,3.450500011444092,210.71389770507807,82.19210052490234,85.61000061035156,25.78484916687012
2022-10-17,3.4554998874664307,204.61752319335935,82.41280364990234,85.45999908447266,26.35498046875
2022-10-18,3.406500101089477,207.3147125244141,82.1947021484375,82.81999969482422,26.069913864135746
2022-10-19,3.3605000972747803,207.9797821044922,82.2863998413086,85.55000305175781,25.748062133789062
2022-10-20,3.450999975204468,205.6890411376953,82.99700164794922,85.9800033569336,25.738866806030277
2022-10-21,3.5230000019073486,207.7580718994141,82.82569885253906,85.05000305175781,26.869945526123047
2022-10-24,3.4795000553131104,209.30987548828125,82.54129791259766,84.58000183105469,25.8859977722168
2022-10-25,3.450500011444092,210.0119171142578,82.7614974975586,85.31999969482422,26.52970314025879
2022-10-26,3.629499912261963,210.0119171142578,82.44529724121094,87.91000366210938,27.71595001220703
2022-10-27,3.625499963760376,209.93801879882807,82.04959869384766,89.08000183105469,27.38490104675293
2022-10-28,3.4660000801086426,209.49462890625,82.44249725341797,87.9000015258789,26.81476783752441
2022-10-31,3.4135000705718994,209.64244079589844,82.23919677734375,86.52999877929688,26.36417579650879
2022-11-01,3.509500026702881,209.56854248046875,82.72899627685547,88.37000274658203,27.660778045654297
2022-11-02,3.505500078201294,213.0047149658203,82.68450164794922,90.0,26.704421997070312
2022-11-03,3.4565000534057617,211.2312164306641,82.88839721679688,88.16999816894531,26.84235572814941
2022-11-04,3.714499950408936,213.4850311279297,82.68180084228516,92.61000061035156,29.47233390808105
2022-11-07,3.629499912261963,214.8890380859375,81.9749984741211,91.79000091552734,29.306812286376957
2022-11-08,3.705499887466431,214.8890380859375,81.82599639892578,88.91000366210938,30.217191696166992
2022-11-09,3.741499900817871,215.8866424560547,81.40519714355469,85.83000183105469,29.15968132019043
2022-11-10,3.796000003814697,216.4039306640625,81.34380340576172,86.47000122070312,31.136762619018555
2022-11-11,3.950999975204468,219.13804626464844,80.48290252685547,88.95999908447266,32.479339599609375
2022-11-14,3.8550000190734863,228.59671020507807,80.49700164794922,85.87000274658203,32.02875518798828
2022-11-15,3.839499950408936,232.25450134277344,80.99199676513672,86.91999816894531,32.304622650146484
2022-11-16,3.788000106811523,235.7646026611328,81.07140350341797,85.58999633789062,31.80805778503418
2022-11-17,3.689500093460083,239.60720825195312,81.49530029296875,81.63999938964844,31.02641868591309
2022-11-18,3.631999969482422,238.97906494140625,81.52490234375,80.08000183105469,30.76893615722656
2022-11-21,3.571500062942505,239.7919006347656,81.5198974609375,79.7300033569336,30.64939308166504
2022-11-22,3.614500045776367,236.13409423828125,81.72769927978516,80.94999694824219,31.58735466003418
2022-11-23,3.617500066757202,233.8041839599609,81.71499633789062,77.94000244140625,31.909204483032227
2022-11-25,3.626499891281128,230.73651123046875,81.65540313720703,76.27999877929688,31.890817642211918
2022-11-28,3.61050009727478,233.8430633544922,81.6697006225586,77.23999786376953,31.072399139404297
2022-11-29,3.630000114440918,235.43511962890625,81.65029907226562,78.19999694824219,32.074729919433594
2022-11-30,3.7295000553131104,238.6192779541016,81.63089752197266,80.55000305175781,33.27936935424805
2022-12-01,3.813999891281128,238.4252014160156,81.3052978515625,81.22000122070312,33.83111953735352
2022-12-02,3.848000049591065,237.18251037597656,81.16220092773438,79.9800033569336,33.969051361083984
2022-12-05,3.7894999980926514,243.90042114257807,81.42250061035156,76.93000030517578,33.26097869873047
2022-12-06,3.811500072479248,244.677001953125,81.89900207519531,74.25,33.16902542114258
2022-12-07,3.8554999828338623,244.677001953125,82.37220001220703,72.01000213623047,33.04948043823242
2022-12-08,3.880500078201294,246.3467559814453,82.25350189208984,71.45999908447266,33.757545471191406
2022-12-09,3.875999927520752,246.15261840820312,82.2791976928711,71.0199966430664,33.61041259765625
2022-12-12,3.798500061035156,246.3079071044922,82.41300201416016,73.16999816894531,33.408111572265625
2022-12-13,3.839499950408936,246.3467559814453,82.64469909667969,75.38999938964844,33.95985412597656
2022-12-14,3.875,247.12339782714844,82.40249633789062,77.27999877929688,34.024227142333984
2022-12-15,3.763000011444092,247.7835235595703,82.50800323486328,76.11000061035156,32.74601745605469
2022-12-16,3.7614998817443848,248.24951171875,82.85790252685547,74.29000091552734,32.84716796875
2022-12-19,3.7829999923706055,251.6278533935547,82.72599792480469,75.19000244140625,32.562103271484375
2022-12-20,3.797499895095825,255.12266540527344,82.58190155029297,76.08999633789062,32.902339935302734
2022-12-21,3.805999994277954,251.12306213378903,82.63690185546875,78.29000091552734,33.78513717651367
2022-12-22,3.751499891281128,248.6766662597656,82.87860107421875,77.48999786376953,32.58049392700195
2022-12-23,3.802999973297119,243.20138549804688,82.8749008178711,79.55999755859375,33.13224029541016
2022-12-27,3.8334999084472656,249.7639312744141,82.90290069580078,79.52999877929688,33.54604721069336
2022-12-28,3.8320000171661377,251.8219757080078,82.7761001586914,78.95999908447266,33.15062713623047
2022-12-29,3.821000099182129,253.33642578125,82.85199737548828,78.4000015258789,33.489994049072266
2022-12-30,3.805500030517578,249.84161376953125,82.83509826660156,80.26000213623047,32.94143295288086
2023-01-03,3.766000032424927,257.56903076171875,82.70600128173828,76.93000030517578,33.24825668334961
2023-01-04,3.739500045776367,257.87969970703125,82.78569793701172,72.83999633789062,33.67594528198242
2023-01-05,3.818000078201294,262.2676696777344,82.66649627685547,73.66999816894531,34.187313079833984
2023-01-06,3.908499956130981,258.4621887207031,82.64520263671875,73.7699966430664,35.66563415527344
2023-01-09,4.018499851226807,263.0443115234375,82.27339935302734,74.62999725341797,36.44664001464844
2023-01-10,4.066999912261963,266.9273986816406,82.18009948730469,75.12000274658203,37.21833038330078
2023-01-11,4.1545000076293945,263.5879211425781,81.63739776611328,77.41000366210938,37.37639617919922
2023-01-12,4.185999870300293,268.01470947265625,81.63179779052734,78.38999938964844,38.15739822387695
2023-01-13,4.207499980926514,271.5872497558594,81.1156005859375,79.86000061035156,38.18528747558594
2023-01-17,4.215000152587891,269.91748046875,81.65260314941406,80.18000030517578,37.2927131652832
2023-01-18,4.228499889373779,280.6349792480469,81.52549743652344,79.4800033569336,37.49726486206055
2023-01-19,4.226500034332275,293.2164001464844,81.43599700927734,80.33000183105469,37.83197784423828
2023-01-20,4.248499870300293,274.15008544921875,81.23979949951172,81.30999755859375,38.38053512573242
2023-01-23,4.254000186920166,268.8690185546875,80.97599792480469,81.62000274658203,38.371238708496094
2023-01-24,4.245500087738037,275.6645202636719,81.48799896240234,80.12999725341797,38.5850830078125
2023-01-25,4.239999771118164,278.03326416015625,81.60189819335938,80.1500015258789,38.771034240722656
2023-01-26,4.267000198364258,278.03326416015625,81.50270080566406,81.01000213623047,38.798927307128906
2023-01-27,4.223999977111816,268.9855041503906,81.44509887695312,79.68000030517578,38.52000427246094
2023-01-30,4.203499794006348,266.2823486328125,81.50800323486328,77.9000015258789,37.77619171142578
2023-01-31,4.228499889373779,268.58209228515625,81.57990264892578,78.87000274658203,38.38983154296875
2023-02-01,4.111000061035156,268.21893310546875,81.76840209960938,76.41000366210938,38.95698928833008
2023-02-02,4.093999862670898,277.3774108886719,81.71029663085938,75.87999725341797,37.63672637939453
2023-02-03,4.063000202178955,279.3947448730469,82.0458984375,73.38999938964844,36.976600646972656
2023-02-06,4.043499946594238,273.100830078125,82.22599792480469,74.11000061035156,36.13051223754883
2023-02-07,4.088500022888184,267.9364929199219,82.75499725341797,77.13999938964844,37.06027603149414
2023-02-08,4.043499946594238,265.4350891113281,82.74189758300781,78.47000122070312,36.64188766479492
2023-02-09,4.105500221252441,264.06329345703125,82.65950012207031,78.05999755859375,36.52101135253906
2023-02-10,4.027500152587891,266.1613464355469,82.533203125,79.72000122070312,35.74931335449219
2023-02-13,4.086999893188477,263.01434326171875,82.51300048828125,80.13999938964844,36.177001953125
2023-02-14,4.110000133514404,263.216064453125,82.59739685058594,79.05999755859375,36.725563049316406
2023-02-15,4.052000045776367,260.4322509765625,82.86759948730469,78.58999633789062,36.36295700073242
2023-02-16,4.165500164031982,262.0863952636719,82.73770141601562,78.48999786376953,36.595401763916016
2023-02-17,4.113999843597412,261.4005432128906,82.69529724121094,76.33999633789062,36.43733215332031
2023-02-21,4.234499931335449,259.5849914550781,82.69750213623047,76.16000366210938,36.57679748535156
2023-02-22,4.202499866485596,254.90480041503903,82.86119842529297,73.94999694824219,35.72141647338867
2023-02-23,4.072999954223633,254.78379821777344,82.83529663085938,75.38999938964844,35.20075607299805
2023-02-24,3.954999923706055,258.1728210449219,82.6178970336914,76.31999969482422,34.14082717895508
2023-02-27,4.008999824523926,249.01437377929688,82.91799926757812,75.68000030517578,34.8939323425293
2023-02-28,4.097499847412109,245.30252075195312,82.6520004272461,77.05000305175781,35.21005630493164
2023-03-01,4.168000221252441,251.39474487304688,82.6353988647461,77.69000244140625,36.79994201660156
2023-03-02,4.084000110626221,252.1613006591797,82.4198989868164,78.16000366210938,36.48381805419922
2023-03-03,4.078000068664551,251.55612182617188,82.35569763183594,79.68000030517578,37.534454345703125
2023-03-06,4.100500106811523,251.717529296875,81.7125015258789,80.45999908447266,36.595401763916016
2023-03-07,3.986500024795532,251.717529296875,81.85440063476562,77.58000183105469,34.8939323425293
2023-03-08,4.041500091552734,250.1036834716797,82.07460021972656,76.66000366210938,35.30303192138672
2023-03-09,4.054500102996826,251.47540283203125,81.9645004272461,75.72000122070312,33.917686462402344
2023-03-10,4.045499801635742,245.6252899169922,82.01840209960938,76.68000030517578,33.50858688354492
2023-03-13,4.069499969482422,242.43801879882807,81.95800018310547,74.80000305175781,33.81541061401367
2023-03-14,4.010499954223633,237.91925048828125,82.41739654541016,71.33000183105469,34.23380279541016
2023-03-15,3.8564999103546143,238.12094116210935,82.30490112304688,67.61000061035156,32.17903518676758
2023-03-16,3.885499954223633,245.98843383789065,82.7156982421875,68.3499984741211,32.54164123535156
2023-03-17,3.9135000705718994,251.8385162353516,82.622802734375,66.73999786376953,32.746185302734375
2023-03-20,3.975500106811523,250.6281890869141,82.53299713134766,67.63999938964844,33.87120056152344
2023-03-21,4.018499851226807,250.6281890869141,82.52909851074219,69.33000183105469,34.066444396972656
2023-03-22,4.06850004196167,256.3976135253906,82.677001953125,70.9000015258789,33.889793395996094
2023-03-23,4.145999908447266,258.4149169921875,82.52580261230469,69.95999908447266,34.02925109863281
2023-03-24,4.101500034332275,260.71466064453125,82.26529693603516,69.26000213623047,33.936279296875
2023-03-27,4.104499816894531,265.55615234375,82.33879852294922,72.80999755859375,34.16871643066406
2023-03-28,4.111999988555908,265.3140563964844,82.21489715576172,73.19999694824219,34.77306365966797
2023-03-29,4.114999771118164,261.9844665527344,82.16429901123047,72.97000122070312,35.35881042480469
2023-03-30,4.090499877929688,261.9844665527344,82.25540161132812,74.37000274658203,36.084022521972656
2023-03-31,4.104499816894531,257.0339660644531,82.10050201416016,75.66999816894531,35.99104690551758
2023-04-03,4.059500217437744,261.28350830078125,82.18479919433594,80.41999816894531,36.558204650878906
2023-04-04,3.983500003814697,261.28350830078125,82.14089965820312,80.70999908447266,35.98175430297852
2023-04-05,3.997999906539917,267.8550720214844,82.11479949951172,80.61000061035156,35.69352722167969
2023-04-06,4.026000022888184,272.7617492675781,81.94999694824219,80.69999694824219,35.92596435546875
2023-04-10,3.986500024795532,274.0760803222656,81.88480377197266,79.73999786376953,35.8980712890625
2023-04-11,4.024499893188477,273.4189453125,81.98390197753906,81.52999877929688,37.16254806518555
2023-04-12,4.084499835968018,274.4703674316406,82.07009887695312,83.26000213623047,37.5158576965332
2023-04-13,4.124000072479248,280.1219177246094,81.96060180664062,82.16000366210938,38.75244140625
2023-04-14,4.107500076293945,280.1219177246094,81.68070220947266,82.5199966430664,38.66876602172852
2023-04-17,4.065999984741211,279.3771057128906,81.84480285644531,80.83000183105469,38.56648635864258
2023-04-18,4.089499950408936,283.27618408203125,82.00370025634766,80.86000061035156,39.36608505249024
2023-04-19,4.072000026702881,284.28387451171875,82.10790252685547,79.16000366210938,38.81752395629883
2023-04-20,4.021999835968018,287.0000305175781,82.34010314941406,77.29000091552734,38.33405303955078
2023-04-21,3.9800000190734863,284.415283203125,82.14089965820312,77.87000274658203,37.3577995300293
2023-04-24,3.953000068664551,279.026611328125,82.05480194091797,78.76000213623047,37.21833038330078
2023-04-25,3.845999956130981,277.62469482421875,81.85230255126953,77.06999969482422,35.87018203735352
2023-04-26,3.849999904632568,274.42657470703125,81.9916000366211,74.30000305175781,36.177001953125
2023-04-27,3.864500045776367,271.8855895996094,81.76689910888672,74.76000213623047,36.725563049316406
2023-04-28,3.869999885559082,275.4342041015625,81.76509857177734,76.77999877929688,36.71626281738281
2023-05-01,3.9170000553131104,275.4342041015625,81.74479675292969,75.66000366210938,36.725563049316406
2023-05-02,3.848000049591065,276.178955078125,81.77469635009766,71.66000366210938,36.2327880859375
2023-05-03,3.8315000534057617,275.4342041015625,81.77870178222656,68.5999984741211,36.19559860229492
2023-05-04,3.849999904632568,273.9446716308594,81.77999877929688,68.55999755859375,36.03753662109375
2023-05-05,3.871500015258789,272.93701171875,81.71610260009766,71.33999633789062,37.27412033081055
2023-05-08,3.9179999828338623,274.6455993652344,81.72979736328125,73.16000366210938,37.63672637939453
2023-05-09,3.888999938964844,275.3027648925781,81.78710174560547,73.70999908447266,37.43217849731445
2023-05-10,3.828000068664551,275.3903503417969,82.1050033569336,72.55999755859375,36.41873550415039
2023-05-11,3.697499990463257,274.8647155761719,81.9198989868164,70.87000274658203,34.41975402832031
2023-05-12,3.7165000438690186,271.9294128417969,82.10030364990234,70.04000091552734,34.51272964477539
2023-05-15,3.737499952316284,271.3598937988281,82.20030212402344,71.11000061035156,35.572654724121094
2023-05-16,3.6545000076293945,272.1046142578125,82.2667007446289,70.86000061035156,34.819549560546875
2023-05-17,3.743000030517578,273.68182373046875,82.2959976196289,72.83000183105469,35.00550079345703
2023-05-18,3.68149995803833,271.8855895996094,82.45030212402344,71.86000061035156,34.410457611083984
2023-05-19,3.722500085830689,270.1769714355469,82.72509765625,71.55000305175781,34.41975402832031
2023-05-22,3.674000024795532,270.4836730957031,82.90480041503906,71.98999786376953,34.34537124633789
2023-05-23,3.641499996185303,269.4760131835937,82.82499694824219,72.91000366210938,33.44350814819336
2023-05-24,3.553499937057495,268.5998229980469,82.8906021118164,74.33999633789062,32.634613037109375
2023-05-25,3.5804998874664307,267.1540832519531,82.71369934082031,71.83000183105469,32.44865798950195
2023-05-26,3.673500061035156,267.7674560546875,82.74210357666016,72.66999816894531,33.11808776855469
2023-05-30,3.6579999923706055,268.6874389648437,82.57969665527344,69.45999908447266,32.56952667236328
2023-05-31,3.63100004196167,268.1178894042969,82.68389892578125,68.08999633789062,32.16972732543945
2023-06-01,3.7065000534057617,267.8112487792969,82.66680145263672,70.0999984741211,33.28544235229492
2023-06-02,3.722500085830689,268.5559997558594,82.27670288085938,71.73999786376953,34.707984924316406
2023-06-05,3.762500047683716,268.906494140625,82.40979766845703,72.1500015258789,34.224510192871094
2023-06-06,3.766999959945679,269.0378723144531,82.51119995117188,71.73999786376953,34.763763427734375
2023-06-07,3.754499912261963,267.6360168457031,82.51719665527344,72.52999877929688,34.50343322753906
2023-06-08,3.796499967575073,266.540771484375,82.61810302734375,71.29000091552734,35.03339767456055
2023-06-09,3.7890000343322754,263.34259033203125,82.48829650878906,70.16999816894531,34.95901107788086
2023-06-12,3.750499963760376,261.9407043457031,82.4448013305664,67.12000274658203,34.74517059326172
2023-06-13,3.828500032424927,266.2341003417969,82.33719635009766,69.41999816894531,35.63774490356445
2023-06-14,3.865999937057495,264.7445373535156,82.29039764404297,68.2699966430664,36.51171875
2023-06-15,3.8965001106262207,266.2778625488281,82.04499816894531,70.62000274658203,36.92081451416016
2023-06-16,3.884500026702881,266.8035888671875,81.9126968383789,71.77999877929688,36.78135299682617
2023-06-20,3.878499984741211,269.9579467773437,81.98139953613281,70.5,35.75860595703125
2023-06-21,3.91100001335144,269.7826538085937,81.9917984008789,72.52999877929688,35.92596435546875
2023-06-22,3.888499975204468,272.236083984375,81.94149780273438,69.51000213623047,35.74931335449219
2023-06-23,3.805999994277954,270.2646484375,81.91929626464844,69.16000366210938,34.763763427734375
2023-06-26,3.786499977111816,268.994140625,81.98480224609375,69.37000274658203,35.321624755859375
2023-06-27,3.7815001010894775,267.46075439453125,82.00650024414062,67.69999694824219,35.41460037231445
2023-06-28,3.7204999923706055,268.906494140625,81.99839782714844,69.55999755859375,34.85674285888672
2023-06-29,3.677500009536743,268.906494140625,82.02649688720703,69.86000061035156,34.88030242919922
2023-06-30,3.740999937057495,269.30078125,82.07540130615234,70.63999938964844,35.48347091674805
2023-07-03,3.7790000438690186,271.2283935546875,82.09629821777344,69.79000091552734,36.01124954223633
2023-07-05,3.753499984741211,272.93701171875,82.0071029663086,71.79000091552734,35.521175384521484
2023-07-06,3.7200000286102295,294.36016845703125,82.39409637451172,71.80000305175781,34.371376037597656
2023-07-07,3.766999959945679,298.4345397949219,82.76840209960938,73.86000061035156,35.15361404418945
2023-07-10,3.7715001106262207,287.2629699707031,82.61530303955078,72.98999786376953,35.558868408203125
2023-07-11,3.753499984741211,289.97918701171875,82.52529907226562,74.83000183105469,35.92642974853516
2023-07-12,3.8420000076293945,291.4686584472656,82.39990234375,75.75,37.23644256591797
2023-07-13,3.929500102996826,289.7601013183594,82.00180053710938,76.88999938964844,38.23544692993164
2023-07-14,3.921999931335449,294.1015930175781,82.03079986572266,75.41999816894531,37.56630325317383
2023-07-17,3.8320000171661377,289.98388671875,82.07679748535156,74.1500015258789,37.12334442138672
2023-07-18,3.815999984741211,286.7165832519531,82.06159973144531,75.75,37.34954071044922
2023-07-19,3.799499988555908,289.3572692871094,82.07540130615234,75.3499984741211,37.1893196105957
2023-07-20,3.817500114440918,289.2677917480469,82.06169891357422,75.62999725341797,37.12334442138672
2023-07-21,3.802999973297119,284.7920227050781,82.0823974609375,77.06999969482422,36.7369384765625
2023-07-24,3.8405001163482666,283.3597717285156,81.99030303955078,78.73999786376953,37.04795455932617
2023-07-25,3.901999950408936,284.7024841308594,81.81420135498047,79.62999725341797,38.74436950683594
2023-07-26,3.890500068664551,286.3137512207031,81.95010375976562,78.77999877929688,38.348541259765625
2023-07-27,3.8635001182556152,286.8060913085937,81.97550201416016,80.08999633789062,38.03753280639648
2023-07-28,3.9170000553131104,286.58233642578125,82.3749008178711,80.58000183105469,38.63127899169922
2023-07-31,3.994499921798706,288.1935729980469,82.25279998779297,81.80000305175781,39.3475456237793
2023-08-01,3.8935000896453857,288.462158203125,82.2332992553711,81.37000274658203,38.48991012573242
2023-08-02,3.827500104904175,287.3431701660156,82.30729675292969,79.48999786376953,37.377811431884766
2023-08-03,3.875999927520752,284.7472839355469,82.7332992553711,81.55000305175781,37.77365112304688
2023-08-04,3.8450000286102295,284.8367919921875,82.7843017578125,82.81999969482422,37.73594665527344
2023-08-07,3.812999963760376,283.538818359375,82.69529724121094,81.94000244140625,37.67939758300781
2023-08-08,3.747999906539917,285.95574951171875,82.74829864501953,82.91999816894531,37.132774353027344
2023-08-09,3.767499923706055,286.9851379394531,82.84500122070312,84.4000015258789,36.925437927246094
2023-08-10,3.750999927520752,285.37384033203125,82.86630249023438,82.81999969482422,36.63327407836914
2023-08-11,3.714499950408936,283.3597717285156,82.79989624023438,83.19000244140625,36.2374382019043
2023-08-14,3.724499940872192,283.3597717285156,82.89730072021484,82.51000213623047,35.690818786621094
2023-08-15,3.661499977111816,283.3597717285156,83.2333984375,80.98999786376953,34.43735122680664
2023-08-16,3.65149998664856,281.25616455078125,83.19419860839844,79.37999725341797,34.06036376953125
2023-08-17,3.685499906539917,281.0771179199219,83.23699951171875,80.38999938964844,34.14518356323242
2023-08-18,3.6989998817443848,281.5694580078125,83.09829711914062,81.25,33.900150299072266
2023-08-21,3.711999893188477,282.06182861328125,83.16729736328125,80.72000122070312,34.371376037597656
2023-08-22,3.750499963760376,283.135986328125,83.1135025024414,80.3499984741211,34.644683837890625
2023-08-23,3.803499937057495,281.1666564941406,83.07330322265625,78.88999938964844,35.16303634643555
2023-08-24,3.767499923706055,282.9570007324219,82.5447006225586,79.05000305175781,34.31482696533203
2023-08-25,3.759999990463257,281.47998046875,82.64140319824219,79.83000183105469,34.333683013916016
2023-08-28,3.753999948501587,283.0464782714844,82.66429901123047,80.0999984741211,34.80490493774414
2023-08-29,3.7929999828338623,282.33038330078125,82.69149780273438,81.16000366210938,35.74736022949219
2023-08-30,3.785000085830689,286.4032897949219,82.49469757080078,81.62999725341797,35.73793411254883
2023-08-31,3.7725000381469727,284.7920227050781,82.70040130615234,83.62999725341797,35.681392669677734
2023-09-01,3.8125,286.17950439453125,82.68240356445312,85.55000305175781,36.096073150634766
2023-09-05,3.811000108718872,290.0286560058594,82.7345962524414,86.69000244140625,35.728511810302734
2023-09-06,3.748500108718872,287.7460021972656,83.08609771728516,87.54000091552734,35.624839782714844
2023-09-07,3.7260000705718994,287.253662109375,83.25740051269531,86.87000274658203,34.86145782470703
2023-09-08,3.680500030517578,286.6270751953125,83.24150085449219,87.51000213623047,34.55986404418945
2023-09-11,3.7699999809265137,286.4032897949219,83.03130340576172,87.29000091552734,35.54002380371094
2023-09-12,3.752000093460083,282.1513671875,82.94329833984375,88.83999633789062,35.05937194824219
2023-09-13,3.75600004196167,281.8380432128906,82.84300231933594,88.5199966430664,34.823753356933594
2023-09-14,3.7825000286102295,287.5222473144531,82.93679809570312,90.16000366210938,35.94527816772461
2023-09-15,3.763499975204468,287.790771484375,83.0282974243164,90.7699966430664,36.096073150634766
2023-09-18,3.741499900817871,284.7920227050781,83.08580017089844,91.4800033569336,35.73793411254883
2023-09-19,3.71399998664856,284.7920227050781,83.25489807128906,91.1999969482422,35.36095428466797
2023-09-20,3.746500015258789,282.5093688964844,83.19499969482422,90.27999877929688,35.247859954833984
2023-09-21,3.6665000915527344,280.5400695800781,83.08699798583984,89.62999725341797,34.39965057373047
2023-09-22,3.6654999256134033,280.8981018066406,82.89129638671875,90.02999877929688,34.35253143310547
2023-09-25,3.649499893188477,280.4505310058594,82.97480010986328,89.68000030517578,34.23000717163086
2023-09-26,3.625,278.79449462890625,83.0282974243164,90.38999938964844,33.55143737792969
2023-09-27,3.627000093460083,278.39166259765625,83.29869842529297,93.68000030517578,33.36294937133789
2023-09-28,3.694499969482422,266.7099914550781,83.22270202636719,91.70999908447266,34.069793701171875
2023-09-29,3.7260000705718994,276.2880859375,83.19300079345703,90.79000091552734,34.31482696533203
2023-10-02,3.631999969482422,276.2880859375,83.03479766845703,88.81999969482422,33.10848617553711
2023-10-03,3.615499973297119,274.81109619140625,83.3593978881836,89.2300033569336,32.38278579711914
2023-10-04,3.5840001106262207,275.84051513671875,83.22979736328125,84.22000122070312,32.043514251708984
2023-10-05,3.546999931335449,272.5732116699219,83.44979858398438,82.30999755859375,32.090633392333984
2023-10-06,3.624500036239624,273.5131225585937,83.22489929199219,82.79000091552734,33.1179084777832
2023-10-09,3.642499923706055,279.1078186035156,83.12460327148438,86.37999725341797,33.24042892456055
2023-10-10,3.631999969482422,283.8073425292969,83.27030181884766,85.97000122070312,33.86244583129883
2023-10-11,3.614000082015991,284.0311279296875,83.25029754638672,83.48999786376953,33.67395782470703
2023-10-12,3.594000101089477,284.3891906738281,83.21800231933594,82.91000366210938,32.85402297973633
2023-10-13,3.5799999237060547,285.19482421875,83.26239776611328,87.69000244140625,32.7597770690918
2023-10-16,3.586999893188477,288.1488342285156,83.28230285644531,86.66000366210938,33.36294937133789
2023-10-17,3.575500011444092,287.5222473144531,83.19950103759766,86.66000366210938,33.35352325439453
2023-10-18,3.5820000171661377,280.40576171875,83.26429748535156,88.31999969482422,32.505313873291016
2023-10-19,3.5915000438690186,281.4351806640625,83.26860046386719,89.37000274658203,32.23199844360352
2023-10-20,3.5420000553131104,276.2433166503906,83.12229919433594,88.75,31.487462997436523
2023-10-23,3.572999954223633,271.6332702636719,83.15979766845703,85.48999786376953,31.355518341064453
2023-10-24,3.609999895095825,271.6332702636719,83.02940368652344,83.73999786376953,31.70422744750977
2023-10-25,3.572000026702881,268.2764892578125,82.98780059814453,85.38999938964844,31.261268615722656
2023-10-26,3.56850004196167,263.8007507324219,83.1709976196289,83.20999908447266,31.421485900878903
2023-10-27,3.634000062942505,264.785400390625,83.28250122070312,85.54000091552734,31.77962303161621
2023-10-30,3.649499893188477,262.1446838378906,83.41339874267578,82.30999755859375,31.412065505981445
2023-10-31,3.641499996185303,264.5616149902344,83.29650115966797,81.0199966430664,30.959678649902344
2023-11-01,3.6449999809265137,261.8314208984375,83.2771987915039,80.44000244140625,30.780616760253903
2023-11-02,3.6670000553131104,263.44268798828125,85.19400024414062,82.45999908447266,31.657106399536133
2023-11-03,3.674499988555908,267.73944091796875,83.24729919433594,80.51000213623047,32.081207275390625
2023-11-06,3.7095000743865967,265.0091552734375,83.15850067138672,80.81999969482422,31.845598220825195
2023-11-07,3.670000076293945,262.0552062988281,83.2228012084961,77.37000274658203,30.931415557861328
2023-11-08,3.628000020980835,265.859619140625,83.23269653320312,75.33000183105469,30.10205078125
2023-11-09,3.634999990463257,265.50152587890625,83.21769714355469,75.73999786376953,30.205718994140625
2023-11-10,3.5834999084472656,270.15631103515625,83.31939697265625,77.16999816894531,30.25284194946289
2023-11-13,3.662499904632568,269.6640014648437,83.29889678955078,78.26000213623047,30.413061141967773
2023-11-14,3.682499885559082,269.6640014648437,83.19760131835938,78.26000213623047,31.63825035095215
2023-11-15,3.7174999713897705,272.3941955566406,82.98159790039062,76.66000366210938,32.14717483520508
2023-11-16,3.704499959945679,271.72283935546875,83.18620300292969,72.9000015258789,31.657106399536133
2023-11-17,3.737499952316284,275.34820556640625,83.12030029296875,75.88999938964844,32.081207275390625
2023-11-20,3.8125,273.1103210449219,83.29149627685547,77.5999984741211,32.53358459472656
2023-11-21,3.814500093460083,271.99139404296875,83.32219696044922,77.7699966430664,32.65610885620117
2023-11-22,3.766499996185303,268.1422119140625,83.345703125,77.0999984741211,32.458187103271484
2023-11-23,3.7790000438690186,269.75347900390625,83.54830169677734,77.0999984741211,32.458187103271484
2023-11-24,3.796499967575073,269.440185546875,83.34400177001953,75.54000091552734,32.505313873291016
2023-11-27,3.762500047683716,269.440185546875,83.31449890136719,74.86000061035156,32.01524353027344
2023-11-28,3.8010001182556152,269.2611694335937,83.364501953125,76.41000366210938,32.70322799682617
2023-11-29,3.78600001335144,268.3212585449219,83.41809844970703,77.86000061035156,32.420494079589844
2023-11-30,3.828999996185303,267.8736877441406,83.3302993774414,75.95999908447266,32.401641845703125
2023-12-01,3.908999919891357,268.6792907714844,83.35269927978516,74.06999969482422,33.81532287597656
2023-12-04,3.820499897003174,284.5682067871094,83.21859741210938,73.04000091552734,33.0707893371582
2023-12-05,3.7725000381469727,290.9237670898437,83.41709899902344,72.31999969482422,32.354522705078125
2023-12-06,3.7165000438690186,291.505615234375,83.31590270996094,69.37999725341797,32.420494079589844
2023-12-07,3.784499883651733,290.1629333496094,83.28959655761719,69.33999633789062,32.81632614135742
2023-12-08,3.819999933242798,288.8201904296875,83.35489654541016,71.2300033569336,33.28754806518555
2023-12-11,3.7799999713897705,291.2370910644531,83.43009948730469,71.31999969482422,32.9388427734375
2023-12-12,3.78600001335144,290.83428955078125,83.34349822998047,68.61000061035156,32.66553497314453
2023-12-13,3.78600001335144,291.371337890625,83.39600372314453,69.47000122070312,33.88130187988281
2023-12-14,3.888499975204468,291.0066223144531,83.2853012084961,71.58000183105469,35.021671295166016
2023-12-15,3.884999990463257,288.4986877441406,83.29660034179688,71.43000030517578,35.021671295166016
2023-12-18,3.848000049591065,287.5411376953125,83.04170227050781,72.47000122070312,34.983970642089844
2023-12-19,3.8959999084472656,284.4860534667969,83.11119842529297,73.44000244140625,35.86045837402344
2023-12-20,3.90149998664856,279.88067626953125,83.09159851074219,74.22000122070312,35.15361404418945
2023-12-21,3.908499956130981,279.515869140625,83.26719665527344,73.88999938964844,35.97355270385742
2023-12-22,3.8954999446868896,282.61651611328125,83.13159942626953,73.55999755859375,35.90757369995117
2023-12-26,3.8954999446868896,284.258056640625,83.17230224609375,75.56999969482422,36.25629425048828
2023-12-27,3.94350004196167,284.4860534667969,83.18280029296875,74.11000061035156,36.60499954223633
2023-12-28,3.913000106811523,285.0788269042969,83.26719665527344,71.7699966430664,35.98712158203125
2023-12-29,3.880500078201294,290.04901123046875,82.302001953125,71.6500015258789,35.70151138305664
2024-01-02,3.86899995803833,289.36505126953125,83.20259857177734,70.37999725341797,35.425418853759766
2024-01-03,3.847500085830689,290.73297119140625,83.25700378417969,72.69999694824219,35.187408447265625
2024-01-04,3.8310000896453857,290.2314147949219,83.31809997558594,72.19000244140625,35.11124801635742
2024-01-05,3.794500112533569,290.4593811035156,83.2406005859375,73.80999755859375,35.11124801635742
2024-01-08,3.799499988555908,287.67791748046875,83.19110107421875,70.7699966430664,35.34925842285156
2024-01-09,3.748500108718872,286.1731872558594,83.05069732666016,72.23999786376953,34.701866149902344
2024-01-10,3.7809998989105225,289.3194274902344,83.131103515625,71.37000274658203,34.739952087402344
2024-01-11,3.77649998664856,289.36505126953125,83.02559661865234,72.0199966430664,34.80659484863281
2024-01-12,3.740000009536743,288.5442810058594,83.07610321044922,72.68000030517578,35.09220504760742
2024-01-16,3.766499996185303,292.3745422363281,82.8593978881836,72.4000015258789,34.02592086791992
2024-01-17,3.732500076293945,288.0883178710937,83.08899688720703,72.55999755859375,33.2166862487793
2024-01-18,3.744999885559082,284.5772705078125,83.17759704589844,74.08000183105469,33.2262077331543
2024-01-19,3.786999940872192,287.404296875,83.16059875488281,73.41000366210938,33.597503662109375
2024-01-22,3.763999938964844,287.404296875,83.12470245361328,75.19000244140625,32.816829681396484
2024-01-23,3.7904999256134033,283.3460998535156,83.09510040283203,74.37000274658203,33.568939208984375
2024-01-24,3.882499933242798,283.8476867675781,83.22139739990234,75.08999633789062,34.60666275024414
2024-01-25,3.865499973297119,285.62603759765625,83.09760284423828,77.36000061035156,34.920833587646484
2024-01-26,3.850500106811523,285.62603759765625,83.14610290527344,78.01000213623047,34.739952087402344
2024-01-29,3.872999906539917,286.3555603027344,83.12129974365234,76.77999877929688,35.03508377075195
2024-01-30,3.9065001010894775,290.04901123046875,83.1530990600586,77.81999969482422,34.958919525146484
2024-01-31,3.902499914169312,289.3194274902344,83.10970306396484,75.8499984741211,34.4543342590332
2024-02-01,3.8524999618530273,289.3194274902344,83.05359649658203,73.81999969482422,34.949398040771484
2024-02-02,3.821500062942505,290.1858215332031,82.92759704589844,72.27999877929688,34.083045959472656
2024-02-05,3.7720000743865967,287.7235107421875,82.99929809570312,72.77999877929688,33.41661071777344
2024-02-06,3.7825000286102295,288.0883178710937,83.10369873046875,73.30999755859375,33.94976043701172
2024-02-07,3.737499952316284,288.0883178710937,83.07060241699219,73.86000061035156,33.559417724609375
2024-02-08,3.705499887466431,286.6747741699219,83.01260375976562,76.22000122070312,33.35948944091797
2024-02-09,3.686000108718872,285.0788269042969,82.98529815673828,76.83999633789062,32.95011520385742
2024-02-12,3.7284998893737793,281.15740966796875,83.0145034790039,76.91999816894531,33.50230026245117
2024-02-13,3.71399998664856,281.24859619140625,82.99019622802734,77.87000274658203,32.50265884399414
2024-02-14,3.700500011444092,282.9356994628906,83.07460021972656,76.63999938964844,33.140525817871094
2024-02-15,3.756500005722046,287.17633056640625,83.04309844970703,78.02999877929688,33.549903869628906
2024-02-16,3.838000059127808,285.58038330078125,83.00959777832031,79.19000244140625,34.31153106689453
2024-02-20,3.866499900817871,283.7109069824219,83.02100372314453,78.18000030517578,34.20680618286133
2024-02-21,3.874500036239624,281.8869934082031,82.8291015625,77.91000366210938,34.24488830566406
2024-02-22,3.8975000381469727,282.9356994628906,82.93840026855469,78.61000061035156,34.26393127441406
2024-02-23,3.881999969482422,283.3005065917969,82.87229919433594,76.48999786376953,34.692344665527344
2024-02-26,3.8239998817443848,282.9356994628906,82.88179779052734,77.58000183105469,34.178245544433594
2024-02-27,3.8310000896453857,282.3885192871094,82.85199737548828,78.87000274658203,34.5019416809082
2024-02-28,3.827500104904175,281.7957458496094,82.94819641113281,78.54000091552734,33.84503173828125
2024-02-29,3.8345000743865967,279.47027587890625,82.91190338134766,78.26000213623047,34.2544059753418
2024-03-01,3.8550000190734863,281.5677490234375,82.910400390625,79.97000122070312,34.701866149902344
2024-03-04,3.8519999980926514,284.71405029296875,82.84609985351562,78.73999786376953,34.82563781738281
2024-03-05,3.8440001010894775,281.0205993652344,82.9104995727539,78.1500015258789,34.2544059753418
2024-03-06,3.870500087738037,280.473388671875,82.88480377197266,79.12999725341797,35.53014373779297
2024-03-07,3.919500112533569,283.5740966796875,82.81909942626953,78.93000030517578,36.196571350097656
2024-03-08,3.884999990463257,283.5740966796875,82.7522964477539,78.01000213623047,36.215614318847656
2024-03-11,3.922499895095825,281.24859619140625,82.7520980834961,77.93000030517578,36.46315002441406
2024-03-12,3.924999952316284,281.294189453125,82.7782974243164,77.55999755859375,36.282257080078125
2024-03-13,4.052499771118164,275.2296447753906,82.83509826660156,79.72000122070312,38.471946716308594
2024-03-14,4.037000179290772,277.4183654785156,82.83110046386719,81.26000213623047,38.63379669189453
2024-03-15,4.112500190734863,263.9213256835937,82.9655990600586,81.04000091552734,39.59535598754883
2024-03-18,4.114500045776367,269.438720703125,82.88890075683594,82.72000122070312,39.10029220581055
2024-03-19,4.058499813079834,267.5691833496094,82.86360168457031,83.47000122070312,38.54811096191406
2024-03-20,4.03849983215332,266.0188903808594,83.04239654541016,81.68000030517578,39.785762786865234
2024-03-21,4.046500205993652,268.025146484375,83.05460357666016,81.06999969482422,39.7667236328125
2024-03-22,3.996000051498413,269.9402770996094,83.22660064697266,80.62999725341797,39.30974197387695
2024-03-25,4.006999969482422,269.9402770996094,83.59359741210938,81.94999694824219,39.12885284423828
2024-03-26,3.996000051498413,268.9371337890625,83.41739654541016,81.62000274658203,38.748043060302734
2024-03-27,3.992500066757202,267.8427734375,83.34549713134766,81.3499984741211,39.42398452758789
2024-03-28,4.003499984741211,266.5660400390625,83.36499786376953,83.16999816894531,40.39507293701172
2024-04-01,4.046000003814697,279.1966857910156,83.36479949951172,83.70999908447266,40.68067932128906
2024-04-02,4.070000171661377,287.8603210449219,83.40969848632812,85.1500015258789,41.19478225708008
2024-04-03,4.192999839782715,299.4422302246094,83.35030364990234,85.43000030517578,42.24202728271485
2024-04-04,4.246500015258789,308.1058349609375,83.37329864501953,86.58999633789062,42.43243789672852
2024-04-05,4.239500045776367,310.0209655761719,83.47779846191406,86.91000366210938,42.49908065795898
2024-04-08,4.276999950408936,314.0791931152344,83.29679870605469,86.43000030517578,43.317832946777344
2024-04-09,4.285999774932861,363.3250427246094,83.26959991455078,85.2300033569336,44.48883819580078
2024-04-10,4.2820000648498535,365.9696960449219,83.22429656982422,86.20999908447266,44.09850692749024
2024-04-11,4.251999855041504,365.9696960449219,83.4126968383789,85.0199966430664,44.0413818359375
2024-04-12,4.257500171661377,393.92132568359375,83.34929656982422,85.66000366210938,43.298789978027344
2024-04-15,4.379000186920166,371.3959045410156,83.61109924316406,85.41000366210938,43.61296463012695
2024-04-16,4.305500030517578,367.2920837402344,83.50599670410156,85.36000061035156,42.984622955322266
2024-04-17,4.34250020980835,367.2920837402344,83.6675033569336,82.69000244140625,43.203590393066406
2024-04-18,4.440499782562256,369.2984008789063,83.5958023071289,82.7300033569336,43.993778228759766
2024-04-19,4.501999855041504,363.5986328125,83.54499816894531,83.13999938964844,43.774810791015625
2024-04-22,4.500500202178955,373.6301879882813,83.38529968261719,82.8499984741211,43.0607795715332
2024-04-23,4.490499973297119,368.8880004882813,83.38619995117188,83.36000061035156,42.27059173583984
2024-04-24,4.4670000076293945,373.53900146484375,83.2833023071289,82.80999755859375,42.46099853515625
2024-04-25,4.570499897003174,375.2716979980469,83.3405990600586,83.56999969482422,43.774810791015625
2024-04-26,4.568999767303467,384.4825134277344,83.30180358886719,83.8499984741211,45.2409553527832
2024-04-29,4.658999919891357,386.8992004394531,83.40229797363281,82.62999725341797,45.71697235107422
2024-04-30,4.564499855041504,389.3615112304688,83.45110321044922,81.93000030517578,43.57488250732422
2024-05-01,4.552499771118164,389.3615112304688,83.49839782714844,79.0,43.38447570800781
2024-05-02,4.49399995803833,394.05810546875,83.40640258789062,78.94999694824219,43.508243560791016
2024-05-03,4.573500156402588,428.7126159667969,83.40630340576172,78.11000061035156,44.40316009521485
2024-05-06,4.634500026702881,423.3776245117188,83.37999725341797,78.4800033569336,45.07910537719727
2024-05-07,4.625500202178955,406.5519409179688,83.4728012084961,78.37999725341797,45.136226654052734
2024-05-08,4.561999797821045,430.30853271484375,83.46990203857422,78.98999786376953,44.55548477172852
2024-05-09,4.607500076293945,415.9907531738281,83.46430206298828,79.26000213623047,45.612247467041016
2024-05-10,4.69350004196167,479.2351989746094,83.45939636230469,78.26000213623047,45.67889022827149
2024-05-13,4.804500102996826,528.1162719726562,83.5248031616211,79.12000274658203,45.97402572631836
2024-05-14,4.953499794006348,510.606689453125,83.50550079345703,78.0199966430664,47.32592391967773
2024-05-15,4.9695000648498535,520.7742309570312,83.52420043945312,78.62999725341797,47.297359466552734
2024-05-16,4.892000198364258,541.6200561523438,83.40509796142578,79.2300033569336,46.99271011352539
2024-05-17,5.057000160217285,548.0270385742188,83.47010040283203,80.05999755859375,49.1919174194336
2024-05-20,5.087500095367432,548.0270385742188,83.30039978027344,79.80000305175781,50.19156646728516
2024-05-21,5.11899995803833,688.330078125,83.31500244140625,79.26000213623047,49.22999954223633
2024-05-22,4.867499828338623,717.114990234375,83.31680297851562,77.56999969482422,45.954986572265625
2024-05-23,4.816500186920166,687.9586791992188,83.26709747314453,76.87000274658203,45.46944046020508
2024-05-24,4.778500080108643,689.5836791992188,83.2863998413086,77.72000122070312,46.32627868652344
2024-05-28,4.875500202178955,665.116455078125,83.14569854736328,79.83000183105469,47.66865539550781
2024-05-29,4.805500030517578,660.93798828125,83.20649719238281,79.2300033569336,46.39292526245117
2024-05-30,4.671999931335449,618.8749389648438,83.3656005859375,77.91000366210938,46.05970764160156
2024-05-31,4.610000133514404,638.1422729492188,83.3208999633789,76.98999786376953,45.87881851196289
2024-06-03,4.677000045776367,646.6384887695312,83.45079803466797,74.22000122070312,45.45992660522461
2024-06-04,4.547999858856201,593.6649780273438,83.09339904785156,73.25,43.279747009277344
2024-06-05,4.619500160217285,628.4853515625,83.62940216064453,74.06999969482422,44.28891372680664
2024-06-06,4.690999984741211,638.6530151367188,83.38079833984375,75.55000305175781,45.107669830322266
2024-06-07,4.494500160217285,638.9779663085938,83.47309875488281,75.52999877929688,43.279747009277344
2024-06-10,4.55649995803833,621.7999267578125,83.52760314941406,77.73999786376953,43.94617462158203
2024-06-11,4.5229997634887695,646.7777099609375,83.52980041503906,77.9000015258789,42.89893341064453
2024-06-12,4.581500053405762,639.07080078125,83.5968017578125,78.5,43.02269744873047
2024-06-13,4.507500171661377,624.3533935546875,83.5343017578125,78.62000274658203,42.28011322021485
2024-06-14,4.551000118255615,614.6036987304688,83.52210235595703,78.44999694824219,42.19442367553711
2024-06-17,4.521500110626221,614.6036987304688,83.55180358886719,80.33000183105469,41.8421745300293
2024-06-18,4.561999797821045,599.607666015625,83.51010131835938,81.56999969482422,42.47052001953125
2024-06-20,4.618000030517578,601.279052734375,83.41950225830078,82.16999816894531,43.82241439819336
2024-06-21,4.49399995803833,617.0642700195312,83.60160064697266,80.7300033569336,43.05126190185547
2024-06-24,4.526999950408936,612.3751220703125,83.5625,81.62999725341797,44.069942474365234
2024-06-25,4.38100004196167,616.4607543945312,83.46040344238281,80.83000183105469,43.28927230834961
2024-06-26,4.367499828338623,603.553955078125,83.41459655761719,80.9000015258789,43.60344696044922
2024-06-27,4.328499794006348,625.1426391601562,83.58039855957031,81.73999786376953,43.05793762207031
2024-06-28,4.390500068664551,621.7999267578125,83.45089721679688,81.54000091552734,43.09614944458008
2024-07-01,4.426499843597412,609.8215942382812,83.36750030517578,83.37999725341797,43.44007873535156
2024-07-02,4.429500102996826,605.8753662109375,83.44129943847656,82.80999755859375,43.60248947143555
2024-07-03,4.540999889373779,625.0498046875,83.4791030883789,83.87999725341797,45.11195755004883
2024-07-05,4.6585001945495605,643.6207275390625,83.49340057373047,83.16000366210938,45.90489959716797
2024-07-08,4.622000217437744,637.120849609375,83.47209930419922,82.33000183105469,45.006866455078125
2024-07-09,4.578000068664551,625.0498046875,83.45760345458984,81.41000366210938,45.10239791870117
2024-07-10,4.607500076293945,612.0966186523438,83.49299621582031,82.0999984741211,45.34123992919922
2024-07-11,4.508500099182129,623.6105346679688,83.49590301513672,82.62000274658203,45.15972137451172
2024-07-12,4.598499774932861,617.1572265625,83.51850128173828,82.20999908447266,45.82846832275391
2024-07-15,4.52899980545044,612.5608520507812,83.52030181884766,81.91000366210938,44.98775863647461
2024-07-16,4.443999767303467,614.789306640625,83.58760070800781,80.76000213623047,44.500526428222656
2024-07-17,4.39900016784668,614.789306640625,83.52960205078125,82.8499984741211,43.134368896484375
2024-07-18,4.265999794006348,601.60400390625,83.57209777832031,82.81999969482422,41.462493896484375
2024-07-19,4.218999862670898,595.8934936523438,83.67430114746094,80.12999725341797,41.37650680541992
2024-07-22,4.180500030517578,586.8401489257812,83.73030090332031,79.77999877929688,41.0039176940918
2024-07-23,4.145999908447266,577.9725341796875,83.67130279541016,76.95999908447266,40.698204040527344
2024-07-24,4.098999977111816,589.0222778320312,83.70680236816406,77.58999633789062,40.18230819702149
2024-07-25,4.112500190734863,567.7586059570312,83.74299621582031,78.27999877929688,40.07722473144531
2024-07-26,4.104499816894531,560.376708984375,83.73760223388672,77.16000366210938,40.67910003662109
2024-07-29,4.061999797821045,588.418701171875,83.72779846191406,75.80999755859375,40.37337875366211
2024-07-30,4.063000202178955,595.6613159179688,83.75050354003906,74.7300033569336,40.06766891479492
2024-07-31,4.159999847412109,600.6289672851562,83.73899841308594,77.91000366210938,41.78731536865234
2024-08-01,4.066500186920166,601.325439453125,83.7177963256836,76.30999755859375,39.83838272094727
2024-08-02,4.084000110626221,605.225341796875,83.743896484375,73.5199966430664,39.34159851074219
2024-08-05,3.983999967575073,573.0513305664062,83.73529815673828,72.94000244140625,37.85123825073242
2024-08-06,4.011499881744385,565.205078125,84.00260162353516,73.19999694824219,37.92766571044922
2024-08-07,3.9375,552.8089599609375,83.93489837646484,75.2300033569336,36.98186492919922
2024-08-08,3.944999933242798,557.0803833007812,83.94239807128906,76.19000244140625,37.96588516235352
2024-08-09,3.9800000190734863,551.5554809570312,83.98899841308594,76.83999633789062,38.25249099731445
2024-08-12,4.054999828338623,570.3121337890625,83.94979858398438,80.05999755859375,38.84481048583984
2024-08-13,4.035999774932861,538.5558471679688,83.88999938964844,78.3499984741211,38.88302993774414
2024-08-14,4.025000095367432,530.8953857421875,83.88200378417969,76.9800033569336,38.73017120361328
2024-08-15,4.138999938964844,530.8953857421875,83.97149658203125,78.16000366210938,40.163204193115234
2024-08-16,4.127500057220459,482.7503662109375,83.94830322265625,76.6500015258789,40.41159439086914
2024-08-19,4.166500091552734,460.2795715332031,83.88980102539062,74.37000274658203,41.109004974365234
2024-08-20,4.149499893188477,475.971923828125,83.87860107421875,74.04000091552734,40.72686767578125
2024-08-21,4.18149995803833,474.3470153808594,83.77940368652344,71.93000030517578,41.55802536010742
2024-08-22,4.140999794006348,481.5896911621094,83.88860321044922,73.01000213623047,40.698204040527344
2024-08-23,4.194499969482422,477.0862121582031,83.94059753417969,74.83000183105469,42.00704574584961
2024-08-26,4.21150016784668,490.3643798828125,83.81379699707031,77.41999816894531,42.19811630249024
2024-08-27,4.230500221252441,494.3106689453125,83.88369750976562,75.52999877929688,42.35097503662109
2024-08-28,4.144999980926514,492.28857421875,83.92160034179688,74.5199966430664,40.87972259521485
2024-08-29,4.147500038146973,478.0856323242188,83.94149780273438,75.91000366210938,40.860618591308594
2024-08-30,4.144999980926514,482.1780090332031,83.89510345458984,73.55000305175781,41.40517044067383
2024-09-03,4.0320000648498535,474.2821350097656,83.92729949951172,70.33999633789062,38.29071044921875
2024-09-04,4.019499778747559,467.8787536621094,83.95030212402344,69.19999694824219,38.26204299926758
2024-09-05,4.077499866485596,477.3153381347656,83.98249816894531,69.1500015258789,38.05186462402344
2024-09-06,4.014500141143799,468.7935485839844,83.98359680175781,67.66999816894531,36.857669830322266
2024-09-09,4.084499835968018,462.29388427734375,83.98259735107422,68.70999908447266,37.392669677734375
2024-09-10,4.040500164031982,468.8416748046875,83.98090362548828,65.75,37.23025894165039
2024-09-11,4.083000183105469,458.8755493164063,83.98200225830078,67.30999755859375,37.94678115844727
2024-09-12,4.132999897003174,471.6341247558594,83.99259948730469,68.97000122070312,39.074100494384766
2024-09-13,4.175000190734863,478.1819458007813,83.93479919433594,68.6500015258789,39.50400924682617
2024-09-16,4.2129998207092285,478.0375061035156,83.88480377197266,70.08999633789062,39.93392181396485
2024-09-17,4.213500022888184,472.6933288574219,83.88400268554688,71.19000244140625,40.06766891479492
2024-09-18,4.23799991607666,467.01214599609375,83.77059936523438,70.91000366210938,40.27784729003906
2024-09-19,4.285999774932861,471.297119140625,83.69170379638672,71.94999694824219,41.720436096191406
2024-09-20,4.281499862670898,482.1298828125,83.61470031738281,71.91999816894531,41.462493896484375
2024-09-23,4.289000034332275,485.2111511230469,83.48709869384766,70.37000274658203,41.739540100097656
2024-09-24,4.429500102996826,488.7739562988281,83.55960083007812,71.55999755859375,44.71070098876953
2024-09-25,4.427999973297119,492.2404479980469,83.56759643554688,69.69000244140625,43.917762756347656
2024-09-26,4.580999851226807,497.8253173828125,83.62409973144531,67.66999816894531,46.2392807006836
2024-09-27,4.540999889373779,503.6509094238281,83.61710357666016,68.18000030517578,45.91445541381836
2024-09-30,4.495999813079834,503.121337890625,83.71640014648438,68.16999816894531,45.15972137451172
2024-10-01,4.5355000495910645,500.6177673339844,83.82730102539062,69.83000183105469,45.943115234375
2024-10-02,4.5960001945495605,500.6177673339844,83.87210083007812,70.0999984741211,46.40168762207031
2024-10-03,4.501999855041504,503.5065307617188,83.91960144042969,73.70999908447266,44.62471771240234
2024-10-04,4.522500038146973,498.0660400390625,84.0093994140625,74.37999725341797,45.62784194946289
2024-10-07,4.519000053405762,477.02642822265625,84.02780151367188,77.13999938964844,45.77115249633789
2024-10-08,4.412000179290772,491.8552551269531,83.96410369873047,73.56999969482422,43.69802474975586
2024-10-09,4.355000019073486,486.7037048339844,83.91459655761719,73.23999786376953,43.56427383422852
2024-10-10,4.385000228881836,489.9294128417969,83.94219970703125,75.8499984741211,44.20436096191406
2024-10-11,4.451499938964844,485.451904296875,83.94599914550781,75.55999755859375,44.75846862792969
2024-10-14,4.363500118255615,500.9066467285156,84.16829681396484,73.83000183105469,44.080169677734375
2024-10-15,4.30049991607666,495.32177734375,84.04850006103516,70.58000183105469,43.22990417480469
2024-10-16,4.331500053405762,491.4700927734375,84.05619812011719,70.38999938964844,43.82221984863281
2024-10-17,4.286499977111816,489.3516845703125,84.03929901123047,70.66999816894531,42.99106216430664
2024-10-18,4.3460001945495605,487.7147216796875,84.05380249023438,69.22000122070312,43.76490020751953
2024-10-21,4.322999954223633,483.1409301757813,84.0687026977539,70.55999755859375,43.2203483581543
2024-10-22,4.3480000495910645,494.5513916015625,84.07350158691406,72.08999633789062,43.80311584472656
2024-10-23,4.304500102996826,504.2768249511719,84.08399963378906,70.7699966430664,42.962398529052734
2024-10-24,4.319499969482422,519.4908447265625,84.06759643554688,70.19000244140625,42.89552307128906
2024-10-25,4.339499950408936,491.1330871582031,84.08180236816406,71.77999877929688,42.99106216430664
2024-10-28,4.331999778747559,507.117431640625,84.10199737548828,67.37999725341797,43.16302108764648
2024-10-29,4.332499980926514,529.745849609375,84.10279846191406,67.20999908447266,43.01972198486328
2024-10-30,4.327499866485596,539.61572265625,84.08930206298828,68.61000061035156,42.50382614135742
2024-10-31,4.313499927520752,532.6827392578125,84.08910369873047,69.26000213623047,41.739540100097656
2024-11-01,4.347499847412109,537.54541015625,84.09149932861328,69.48999786376953,42.25543975830078
2024-11-04,4.4070000648498535,523.63134765625,84.13359832763672,71.47000122070312,42.52293395996094
2024-11-05,4.450500011444092,538.8935546875,84.15249633789062,71.98999786376953,43.61204528808594
2024-11-06,4.222499847412109,494.0699462890625,84.11630249023438,71.69000244140625,41.89239883422852
2024-11-07,4.409999847412109,488.7739562988281,84.2511978149414,72.36000061035156,44.38588333129883
2024-11-08,4.286499977111816,487.4740295410156,84.306396484375,70.37999725341797,42.15034484863281
2024-11-11,4.210999965667725,487.32958984375,84.38289642333984,68.04000091552734,41.35740280151367
2024-11-12,4.119500160217285,482.1298828125,84.39649963378906,68.12000274658203,40.0581169128418
2024-11-13,4.065999984741211,467.6862182617188,84.39530181884766,68.43000030517578,39.04543685913086
2024-11-14,4.072999954223633,476.978271484375,84.4229965209961,68.69999694824219,39.53266906738281
2024-11-15,4.051000118255615,476.978271484375,84.47380065917969,67.0199966430664,39.265167236328125
2024-11-18,4.107999801635742,477.9411926269531,84.47750091552734,69.16000366210938,40.29695129394531
2024-11-19,4.130000114440918,473.8969421386719,84.39849853515625,69.38999938964844,40.98481369018555
2024-11-20,4.143499851226807,473.8969421386719,84.39759826660156,68.87000274658203,40.63132858276367
2024-11-21,4.11299991607666,468.986083984375,84.38310241699219,70.0999984741211,40.87972259521485
2024-11-22,4.073999881744385,471.1045227050781,84.48829650878906,71.23999786376953,40.68864822387695
2024-11-25,4.09149980545044,480.0114440917969,84.43599700927734,68.94000244140625,40.574005126953125
2024-11-26,4.039000034332275,476.1116638183594,84.37750244140625,68.7699966430664,39.99124526977539
2024-11-27,4.066999912261963,481.4076843261719,84.33910369873047,68.72000122070312,40.29695129394531
2024-11-29,4.08050012588501,485.8852233886719,84.47160339355469,68.0,40.72686767578125
2024-12-02,4.075500011444092,484.20013427734375,84.55699920654297,68.0999984741211,40.44981002807617
2024-12-03,4.145999908447266,488.3406372070313,84.73709869384766,69.94000244140625,40.83195495605469
2024-12-04,4.142000198364258,488.1480712890625,84.68309783935547,68.54000091552734,40.60266876220703
2024-12-05,4.135000228881836,482.0335693359375,84.70700073242188,68.30000305175781,40.84150695800781
2024-12-06,4.138500213623047,491.0849609375,84.68379974365234,67.19999694824219,40.10588073730469
2024-12-09,4.223499774932861,487.7147216796875,84.66600036621094,68.37000274658203,41.61534881591797
2024-12-10,4.223499774932861,479.96331787109375,84.84729766845703,68.58999633789062,41.23320007324219
2024-12-11,4.214000225067139,490.2664794921875,84.8740005493164,70.29000091552734,41.261863708496094
2024-12-12,4.195000171661377,482.9483337402344,84.85710144042969,70.0199966430664,39.98168182373047
2024-12-13,4.14900016784668,481.7928466796875,84.83920288085938,71.29000091552734,39.11231231689453
2024-12-16,4.143499851226807,479.770751953125,84.802001953125,70.70999908447266,38.43400573730469
2024-12-17,4.09149980545044,472.4526062011719,84.91729736328125,70.08000183105469,37.984989166259766
2024-12-18,4.099999904632568,467.3491516113281,84.91539764404297,70.58000183105469,36.50418472290039
2024-12-19,4.020500183105469,461.5716857910156,85.16549682617188,69.91000366210938,36.59016799926758
2024-12-20,4.040999889373779,451.4129638671875,85.27940368652344,69.45999908447266,37.17293548583984
2024-12-23,4.0229997634887695,446.6947021484375,84.94499969482422,69.23999786376953,37.555084228515625
2024-12-24,4.049499988555908,446.2132263183594,85.0988998413086,70.0999984741211,37.56463241577149
2024-12-26,4.072000026702881,436.439697265625,85.41339874267578,69.62000274658203,37.69837951660156
2024-12-27,4.0625,437.8359375,85.26090240478516,70.5999984741211,37.47865295410156
2024-12-30,4.045499801635742,416.3630065917969,85.38600158691406,70.98999786376953,36.96537399291992
2024-12-31,3.986000061035156,427.5327453613281,85.7865982055664,71.72000122070312,36.97506332397461
2025-01-02,3.9885001182556152,435.7174987792969,85.78569793701172,73.12999725341797,37.3043327331543
2025-01-03,4.039500236511231,451.75,85.80400085449219,73.95999908447266,37.730445861816406
2025-01-06,4.126999855041504,430.2289123535156,85.75900268554688,73.55999755859375,38.3115119934082
2025-01-07,4.1605000495910645,431.91400146484375,85.68070220947266,74.25,37.94350051879883
2025-01-08,4.227499961853027,427.3401794433594,85.80650329589844,73.31999969482422,38.19529724121094
2025-01-09,4.2795000076293945,421.4664306640625,85.90750122070312,73.91999816894531,38.19529724121094
2025-01-10,4.274499893188477,417.27777099609375,85.91999816894531,76.56999969482422,37.933815002441406
2025-01-13,4.295499801635742,403.8451232910156,86.18800354003906,78.81999969482422,37.83697509765625
2025-01-14,4.310500144958496,419.8776245117188,86.65059661865234,77.5,38.03066253662109
2025-01-15,4.359499931335449,425.6550903320313,86.535400390625,80.04000091552734,38.46646118164063
2025-01-16,4.4105000495910645,438.5099487304688,86.43099975585938,78.68000030517578,38.379302978515625
2025-01-17,4.337500095367432,439.90618896484375,86.6061019897461,77.87999725341797,38.57299041748047
2025-01-21,4.310999870300293,443.90228271484375,86.21109771728516,75.88999938964844,39.06689453125
2025-01-22,4.271500110626221,451.9425659179688,86.45189666748047,75.44000244140625,37.97255325317383
2025-01-23,4.299499988555908,456.5164184570313,86.47270202636719,74.62000274658203,38.20498275756836
2025-01-24,4.289999961853027,449.2463989257813,86.44020080566406,74.66000366210938,38.67951583862305
2025-01-27,4.203499794006348,434.1286926269531,86.2030029296875,73.16999816894531,37.86602783203125
2025-01-28,4.2204999923706055,417.1333618164063,86.46839904785156,73.7699966430664,36.79105758666992
2025-01-29,4.257500171661377,422.044189453125,86.58460235595703,72.62000274658203,37.32369995117188
2025-01-30,4.288000106811523,424.9810485839844,86.6406021118164,72.7300033569336,37.85634231567383
2025-01-31,4.26200008392334,433.4546813964844,86.64700317382812,72.52999877929688,36.97506332397461
2025-02-03,4.294000148773193,416.5074157714844,86.55400085449219,73.16000366210938,36.82979583740234
2025-02-04,4.34250020980835,420.6961059570313,86.94339752197266,72.69999694824219,38.01129150390625
2025-02-05,4.434500217437744,450.1130676269531,87.13009643554688,71.02999877929688,38.36961364746094
2025-02-06,4.453499794006348,426.47357177734375,87.33409881591797,70.61000061035156,39.17342376708984
2025-02-07,4.581500053405762,424.0181579589844,87.58830261230469,71.0,39.870697021484375
2025-02-10,4.700500011444092,419.492431640625,87.51309967041016,72.31999969482422,40.45176315307617
2025-02-11,4.5945000648498535,401.38970947265625,87.49009704589844,73.31999969482422,39.212162017822266
2025-02-12,4.697999954223633,404.7599182128906,86.81120300292969,71.37000274658203,39.57048034667969
2025-02-13,4.769000053405762,396.5270080566406,86.8740005493164,71.29000091552734,40.75197982788086
2025-02-14,4.656499862670898,401.100830078125,86.75409698486328,70.73999786376953,40.35491943359375
2025-02-18,4.585000038146973,393.8789978027344,86.85479736328125,71.8499984741211,40.06438446044922
2025-02-19,4.557000160217285,398.1158142089844,86.88719940185547,72.25,38.86352157592773
2025-02-20,4.607999801635742,407.1671752929688,86.872802734375,72.56999969482422,39.8222770690918
2025-02-21,4.559999942779541,410.8262634277344,86.45120239257812,70.4000015258789,38.03066253662109
2025-02-24,4.517000198364258,400.2342224121094,86.52940368652344,70.69999694824219,37.94350051879883
2025-02-25,4.486000061035156,392.1457824707031,86.69010162353516,68.93000030517578,37.89508438110352
2025-02-26,4.541999816894531,392.1457824707031,87.0811996459961,68.62000274658203,38.15655899047852
2025-02-27,4.579999923706055,396.4788513183594,87.16220092773438,70.3499984741211,37.46896743774414
2025-02-28,4.514500141143799,376.3058471679688,87.3270034790039,69.76000213623047,37.01380157470703
2025-03-03,4.576499938964844,373.0801086425781,87.46399688720703,68.37000274658203,36.558631896972656
2025-03-04,4.527500152587891,380.7834167480469,87.32959747314453,68.26000213623047,36.529579162597656
2025-03-05,4.766499996185303,395.9974365234375,87.21700286865234,66.30999755859375,39.30900192260742
2025-03-06,4.77899980545044,410.2966613769531,86.88929748535156,66.36000061035156,38.85383605957031
2025-03-07,4.683000087738037,413.4261169433594,87.12879943847656,67.04000091552734,38.68920516967773
2025-03-10,4.639500141143799,410.6336975097656,87.07379913330078,66.02999877929688,37.39149475097656
2025-03-11,4.739999771118164,411.5484313964844,87.3551025390625,66.25,38.07908248901367
2025-03-12,4.821000099182129,411.7891540527344,87.20010375976562,67.68000030517578,38.33088302612305
2025-03-13,4.898499965667725,414.052001953125,87.3405990600586,66.55000305175781,38.92162322998047
2025-03-14,4.869500160217285,414.052001953125,86.9220962524414,67.18000030517578,40.01596832275391
2025-03-17,4.933499813079834,419.2035827636719,86.93900299072266,67.58000183105469,40.83913803100586
2025-03-18,4.993000030517578,419.2035827636719,86.91639709472656,66.9000015258789,41.303993225097656
2025-03-19,5.076000213623047,437.4026184082031,86.57610321044922,67.16000366210938,41.77852249145508
2025-03-20,5.085000038146973,439.42474365234375,86.33709716796875,68.26000213623047,41.265254974365234
2025-03-21,5.087500095367432,429.84375,86.33609771728516,68.27999877929688,40.42271041870117
2025-03-24,5.064000129699707,436.4878234863281,85.98699951171875,69.11000061035156,41.14904022216797
2025-03-25,5.183000087738037,427.9660949707031,85.53209686279297,69.0,41.95284652709961
2025-03-26,5.216000080108643,425.7995300292969,85.59040069580078,69.6500015258789,40.75197982788086
2025-03-27,5.097499847412109,431.2881164550781,86.09539794921875,69.91999816894531,39.928802490234375
2025-03-28,5.112500190734863,444.7688903808594,85.69490051269531,69.36000061035156,38.74730682373047
2025-03-31,5.019999980926514,444.7688903808594,85.53880310058594,71.4800033569336,37.83697509765625
2025-04-01,5.019000053405762,436.9211730957031,85.46810150146484,71.19999694824219,38.09845352172852
2025-04-02,5.023499965667725,443.7096557617188,85.61009979248047,71.70999908447266,37.86602783203125
2025-04-03,4.810999870300293,442.1208801269531,85.65119934082031,66.94999694824219,35.25123596191406
2025-04-04,4.384500026702881,411.1151428222656,85.28289794921875,61.9900016784668,31.638952255249023
2025-04-07,4.169000148773193,391.664306640625,85.529296875,60.70000076293945,31.29031562805176
2025-04-08,4.127500057220459,396.7677612304688,86.0270004272461,59.58000183105469,30.254085540771484
2025-04-09,4.17549991607666,385.7424011230469,86.435302734375,62.34999847412109,33.84700012207031
2025-04-10,4.321000099182129,385.7424011230469,86.20929718017578,60.06999969482422,32.36528396606445
2025-04-11,4.507500171661377,395.8048095703125,86.2603988647461,61.5,34.399009704589844
2025-04-14,4.610499858856201,395.8048095703125,86.19300079345703,61.52999877929688,35.19313430786133
2025-04-15,4.611000061035156,417.8073425292969,86.0447998046875,61.33000183105469,35.057552337646484
2025-04-16,4.673999786376953,421.7552795410156,85.72669982910156,62.470001220703125,35.057552337646484
2025-04-17,4.731500148773193,423.3922424316406,85.62049865722656,64.68000030517578,35.20281219482422
2025-04-21,4.7210001945495605,435.66937255859375,85.62049865722656,63.08000183105469,35.18345260620117
2025-04-22,4.870500087738037,429.2178649902344,85.15889739990234,64.30999755859375,36.1131477355957
2025-04-23,4.8354997634887695,432.39544677734375,85.2323989868164,62.27000045776367,36.955692291259766
2025-04-24,4.849999904632568,442.3134765625,85.4999008178711,62.790000915527344,38.28245544433594
2025-04-25,4.8354997634887695,428.4956970214844,85.2573013305664,63.02000045776367,37.95318222045898
2025-04-28,4.8379998207092285,435.7174987792969,85.38490295410156,62.04999923706055,37.85634231567383
2025-04-29,4.822999954223633,428.9290161132813,85.1603012084961,60.41999816894531,37.74980926513672
2025-04-30,4.559999942779541,422.9108276367188,85.1707992553711,58.209999084472656,36.61674118041992
2025-05-01,4.580999851226807,422.9108276367188,84.53119659423828,59.2400016784668,36.868534088134766
2025-05-02,4.627500057220459,412.7039489746094,84.69670104980469,58.290000915527344,37.65297317504883
2025-05-05,4.65500020980835,412.3669128417969,84.52629852294922,57.130001068115234,37.34307098388672
2025-05-06,4.735000133514404,398.1158142089844,84.2208023071289,59.09000015258789,38.16624069213867
2025-05-07,4.616499900817871,407.0227661132813,84.79319763183594,58.06999969482422,37.3043327331543
2025-05-08,4.560999870300293,394.1678771972656,84.81719970703125,59.90999984741211,37.60454940795898
2025-05-09,4.611000061035156,393.2049865722656,86.08219909667969,61.02000045776367,37.92413330078125
2025-05-12,4.578499794006348,418.8184509277344,85.4083023071289,61.95000076293945,38.99909973144531
2025-05-13,4.68149995803833,412.9927978515625,84.9656982421875,63.66999816894531,39.57048034667969
2025-05-14,4.611000061035156,422.6700744628906,85.060302734375,63.150001525878906,39.154052734375
2025-05-15,4.644499778747559,424.4033203125,85.48760223388672,61.619998931884766,38.88289260864258
2025-05-16,4.555500030517578,425.8958129882813,85.44490051269531,62.4900016784668,38.28245544433594
2025-05-19,4.633500099182129,431.5769958496094,85.50029754638672,62.68999862670898,38.66983413696289
2025-05-20,4.619500160217285,419.1554260253906,85.37210083007812,62.560001373291016,38.69888687133789
2025-05-21,4.638000011444092,425.6550903320313,85.53610229492188,61.56999969482422,38.91194152832031
2025-05-22,4.648499965667725,425.9920959472656,85.60030364990234,61.20000076293945,38.94099426269531
2025-05-23,4.80649995803833,430.4696350097656,85.97489929199219,61.52999877929688,40.0837516784668
2025-05-27,4.710000038146973,434.7546081542969,85.158203125,60.88999938964844,40.12249374389648
2025-05-28,4.644000053405762,435.8138427734375,85.3604965209961,61.84000015258789,39.68669509887695
2025-05-29,4.653500080108643,447.51318359375,85.38590240478516,60.93999862670898,39.93849182128906
2025-05-30,4.652500152587891,441.20611572265625,85.36129760742188,60.790000915527344,39.80290603637695
2025-06-02,4.834499835968018,436.3434143066406,85.52429962158203,62.52000045776367,40.59702682495117
2025-06-03,4.809500217437744,451.3648376464844,85.36370086669922,63.40999984741211,40.73261260986328
2025-06-04,4.864500045776367,450.6426696777344,85.70880126953125,62.84999847412109,41.24588394165039
2025-06-05,4.91349983215332,473.3673706054688,85.9041976928711,63.369998931884766,41.95284652709961
2025-06-06,4.829999923706055,483.6223754882813,85.87750244140625,64.58000183105469,41.817264556884766
2025-06-09,4.9095001220703125,505.5285949707031,85.7853012084961,65.29000091552734,42.18527221679688
2025-06-10,4.883999824523926,514.2429809570312,85.75599670410156,64.9800033569336,42.07874298095703
2025-06-11,4.801000118255615,501.24365234375,85.65280151367188,68.1500015258789,41.817264556884766
2025-06-12,4.821499824523926,498.0660400390625,85.46980285644531,68.04000091552734,42.04969024658203
2025-06-13,4.802999973297119,495.1773376464844,85.68840026855469,72.9800033569336,41.536415100097656
2025-06-16,4.826499938964844,493.925537109375,86.24919891357422,71.7699966430664,42.14653778076172
2025-06-17,4.80049991607666,477.6233825683594,86.10420227050781,74.83999633789062,41.623573303222656
2025-06-18,4.84499979019165,444.6753540039063,86.36270141601562,75.13999938964844,41.65262985229492
2025-06-20,4.826000213623047,430.7301635742188,86.58380126953125,74.93000030517578,40.65513610839844
2025-06-23,4.8429999351501465,432.6451721191406,86.5802993774414,68.51000213623047,41.17809295654297
2025-06-24,4.867000102996826,434.9530029296875,86.23300170898438,64.37000274658203,41.74946975708008
2025-06-25,4.913000106811523,434.1673583984375,85.90480041503906,64.91999816894531,41.623573303222656
2025-06-26,5.065499782562256,440.8453369140625,86.006103515625,65.23999786376953,44.15120697021485
2025-06-27,5.06850004196167,443.0549621582031,85.66639709472656,65.5199966430664,43.73248291015625
2025-06-30,5.03000020980835,442.7603759765625,85.4552993774414,65.11000061035156,43.82012176513672
2025-07-01,5.047999858856201,442.2693481445313,85.71399688720703,65.44999694824219,44.23884963989258
2025-07-02,5.14900016784668,439.1758728027344,85.6427993774414,67.44999694824219,45.39764404296875
2025-07-03,5.0970001220703125,437.5554504394531,85.69409942626953,67.0,45.24184036254883
2025-07-04,5.018499851226807,437.113525390625,85.31909942626953,66.5,45.24184036254883
2025-07-07,4.984499931335449,429.64990234375,85.49629974365234,67.93000030517578,44.14147186279297
2025-07-08,5.644999980926514,428.3732299804688,85.89199829101562,68.33000183105469,44.45308303833008
2025-07-09,5.44350004196167,417.3741760253906,85.7073974609375,68.37999725341797,43.73248291015625
2025-07-10,5.547999858856201,415.2136535644531,85.70850372314453,66.56999969482422,44.28753662109375
2025-07-11,5.561999797821045,417.2759704589844,85.73480224609375,68.44999694824219,43.97592926025391
2025-07-14,5.514999866485596,428.5205383300781,85.82129669189453,66.9800033569336,43.742218017578125
2025-07-15,5.546000003814697,429.6007995605469,85.96839904785156,66.5199966430664,43.17742538452149
2025-07-16,5.496500015258789,427.3911743164063,85.99310302734375,66.37999725341797,43.13847732543945
2025-07-17,5.486000061035156,429.257080078125,85.88520050048828,67.54000091552734,42.86581802368164
2025-07-18,5.578000068664551,427.685791015625,86.04650115966797,67.33999633789062,42.7197494506836
2025-07-21,5.610499858856201,436.6716003417969,86.14859771728516,67.19999694824219,43.703269958496094
2025-07-22,5.697000026702881,435.2476501464844,86.19529724121094,66.20999908447266,44.89128112792969
2025-07-23,5.795000076293945,438.8321533203125,86.3427963256836,65.25,45.28079605102539
2025-07-24,5.776999950408936,438.0955810546875,86.39869689941406,66.02999877929688,44.511505126953125
2025-07-25,5.763500213623047,431.31939697265625,86.4302978515625,65.16000366210938,44.03435516357422
2025-07-28,5.59499979019165,424.2976684570313,86.506103515625,66.70999908447266,43.489036560058594
2025-07-29,5.603499889373779,429.55169677734375,86.77760314941406,69.20999908447266,43.03135681152344
2025-07-30,5.570000171661377,424.6905212402344,87.06320190429688,70.0,41.7849235534668
2025-07-31,4.33050012588501,416.4412231445313,87.714599609375,69.26000213623047,41.92124938964844
2025-08-01,4.412499904632568,407.9464416503906,87.4894027709961,67.33000183105469,41.62911987304688
2025-08-04,4.414999961853027,414.0351867675781,87.24530029296875,66.29000091552734,42.31076049804688
2025-08-05,4.363999843597412,413.6423950195313,87.89330291748047,65.16000366210938,42.729488372802734
2025-08-06,4.390999794006348,412.4148254394531,87.72309875488281,64.3499984741211,43.1092643737793
2025-08-07,4.378499984741211,417.0304565429688,87.76249694824219,63.880001068115234,43.96619415283203
2025-08-08,4.45550012588501,413.1513671875,87.43319702148438,63.880001068115234,45.027610778808594
2025-08-11,4.423500061035156,409.9105529785156,87.48829650878906,63.959999084472656,44.30701446533203
2025-08-12,4.508500099182129,415.8520202636719,87.66449737548828,63.16999816894531,45.27105712890625
2025-08-13,4.48199987411499,422.48089599609375,87.59559631347656,62.650001525878906,46.0208625793457
2025-08-14,4.464499950408936,418.99456787109375,87.44999694824219,63.959999084472656,45.28079605102539
2025-08-15,4.478000164031982,418.99456787109375,87.69180297851562,62.79999923706055,45.91375350952149
2025-08-18,4.456999778747559,419.4365234375,87.51280212402344,63.41999816894531,45.44633483886719
2025-08-19,4.408999919891357,420.9586791992188,87.29509735107422,62.34999847412109,44.87180709838867
2025-08-20,4.426000118255615,422.2844848632813,87.0791015625,63.209999084472656,45.05682373046875
2025-08-21,4.43149995803833,423.1192321777344,87.01820373535156,63.52000045776367,45.40738677978516
2025-08-22,4.447500228881836,417.2759704589844,87.29340362548828,63.65999984741211,46.94595718383789
2025-08-25,4.46649980545044,426.900146484375,87.3301010131836,64.80000305175781,46.95569610595703
2025-08-26,4.450500011444092,422.4317626953125,87.60859680175781,63.25,47.54970169067383
2025-08-27,4.414500236511231,422.4317626953125,87.60070037841797,64.1500015258789,47.20887756347656
2025-08-28,4.463500022888184,414.1334228515625,87.65910339355469,64.5999984741211,47.65681838989258
2025-08-29,4.518499851226807,411.7273559570313,87.5916976928711,64.01000213623047,48.504005432128906
2025-09-02,4.569499969482422,432.9888916015625,88.00140380859375,65.58999633789062,48.83509063720703
2025-09-03,4.558499813079834,436.62249755859375,87.99829864501953,63.970001220703125,49.6920166015625
2025-09-04,4.48799991607666,429.6990051269531,88.072998046875,63.47999954223633,48.82535552978516
2025-09-05,4.482500076293945,432.2032470703125,88.19290161132812,61.869998931884766,49.72123336791992
2025-09-08,4.490499973297119,427.7839965820313,88.1863021850586,62.2599983215332,50.07179260253906
2025-09-09,4.500999927520752,425.6725769042969,87.98049926757812,62.630001068115234,50.0815315246582
2025-09-10,4.550000190734863,425.0833435058594,88.21829986572266,63.66999816894531,50.43209457397461
2025-09-11,4.590499877929688,438.2428894042969,88.05339813232422,62.369998931884766,51.61036682128906
2025-09-12,4.588500022888184,454.6432495117188,88.2676010131836,62.68999862670898,51.999881744384766
2025-09-15,4.6554999351501465,451.89349365234375,88.27729797363281,63.29999923706055,52.81785583496094
2025-09-16,4.632999897003174,453.955810546875,88.12349700927734,64.5199966430664,52.32122802734375
2025-09-17,4.571000099182129,451.2060546875,87.88459777832031,64.05000305175781,51.63957977294922
2025-09-18,4.540999889373779,446.6885986328125,87.91069793701172,63.56999969482422,51.29875946044922
2025-09-19,4.568999767303467,444.9208679199219,88.20690155029297,62.68000030517578,52.13621139526367
2025-09-22,4.572999954223633,451.0096435546875,88.09919738769531,62.63999938964844,52.7691650390625
2025-09-23,4.584499835968018,453.2192687988281,88.30439758300781,63.40999984741211,52.70099639892578
2025-09-24,4.752500057220459,444.7735595703125,88.80799865722656,64.98999786376953,54.47328186035156
2025-09-25,4.699999809265137,458.37506103515625,88.77860260009766,64.9800033569336,54.745941162109375
2025-09-26,4.715499877929688,441.0417785644531,88.77310180664062,65.72000122070312,55.49575424194336
2025-09-29,4.841000080108643,457.7858276367188,88.67680358886719,63.45000076293945,57.67702102661133
2025-09-30,4.804999828338623,473.7933654785156,88.70449829101562,62.369998931884766,58.2418098449707
2025-10-01,4.83050012588501,472.7131042480469,88.8406982421875,61.77999877929688,58.94293212890625
2025-10-02,4.8979997634887695,472.7131042480469,88.68299865722656,60.47999954223633,59.18637847900391
2025-10-03,5.058000087738037,482.6809692382813,88.72019958496094,60.880001068115234,60.34518051147461
2025-10-06,4.986999988555908,482.6809692382813,88.73509979248047,61.68999862670898,60.05304336547852
2025-10-07,5.047999858856201,481.1096801757813,88.72109985351562,61.72999954223633,60.09199142456055
2025-10-08,5.046000003814697,481.6989135742188,88.74259948730469,62.54999923706055,62.44853973388672
2025-10-09,5.075500011444092,503.05865478515625,88.7771987915039,61.5099983215332,62.30247497558594
2025-10-10,4.848499774932861,489.3589477539063,88.86540222167969,58.900001525878906,58.87477111816406
2025-10-13,5.100500106811523,496.4788513183594,88.7573013305664,59.4900016784668,62.45827865600586
2025-10-14,4.980500221252441,496.57708740234375,88.66510009765625,58.70000076293945,60.510719299316406
2025-10-15,4.9720001220703125,503.9916076660156,88.78250122070312,58.27000045776367,61.81558609008789
2025-10-16,4.958000183105469,497.6082458496094,87.80950164794922,57.459999084472656,60.97813415527344
2025-10-17,4.93149995803833,491.2739868164063,87.9906997680664,57.540000915527344,59.50772857666016
2025-10-20,4.998000144958496,477.6724853515625,88.0022964477539,57.52000045776367,60.676265716552734
2025-10-21,4.929999828338623,475.1682434082031,87.87999725341797,57.81999969482422,57.74518203735352
2025-10-22,4.960999965667725,475.1682434082031,88.00160217285156,58.5,57.492000579833984
2025-10-23,5.081999778747559,473.4987487792969,87.74030303955078,61.790000915527344,58.63132095336914
2025-10-24,5.093500137329102,477.9671020507813,87.77899932861328,61.5,59.2642822265625
2025-10-27,5.140500068664551,473.6460266113281,87.8290023803711,61.310001373291016,59.4298210144043
2025-10-28,5.140500068664551,462.7452392578125,88.22209930419922,60.150001525878906,60.21858978271485
2025-10-29,5.233500003814697,474.9227294921875,88.22550201416016,60.47999954223633,61.19236755371094
2025-10-30,5.078000068664551,469.0303955078125,88.34559631347656,60.56999969482422,60.48150634765625
2025-10-31,5.065499782562256,467.95013427734375,88.6344985961914,60.97999954223633,60.14068222045898
2025-11-03,5.046999931335449,472.0256652832031,88.77539825439453,61.04999923706055,58.63132095336914
2025-11-04,4.926000118255615,464.8566589355469,88.72339630126953,60.560001373291016,56.41110229492188
2025-11-05,4.9629998207092285,464.8566589355469,88.73200225830078,59.59999847412109,57.74518203735352
2025-11-06,4.945499897003174,458.8170166015625,88.55690002441406,59.43000030517578,58.465782165527344
2025-11-07,4.938000202178955,465.9859924316406,88.6729965209961,59.75,59.274017333984375
2025-11-10,5.086999893188477,475.90478515625,88.65799713134766,60.130001068115234,60.89049530029297
2025-11-11,5.048500061035156,478.7527465820313,88.70709991455078,61.040000915527344,60.374393463134766
2025-11-12,5.089499950408936,473.2532348632813,88.46649932861328,58.4900016784668,61.65978240966797
2025-11-13,5.087500095367432,486.3146057128906,88.59400177001953,58.68999862670898,60.12120819091797
2025-11-14,5.049499988555908,478.3108215332031,88.81610107421875,60.09000015258789,59.54668045043945
2025-11-17,5.0,475.2173461914063,88.68199920654297,59.90999984741211,58.38787460327149
2025-11-18,4.962500095367432,467.4100036621094,88.63590240478516,60.7400016784668,57.19987106323242
2025-11-19,5.007999897003174,467.9992065429688,88.55680084228516,59.43999862670898,58.28076171875
2025-11-20,4.959499835968018,463.67816162109375,88.48719787597656,59.13999938964844,55.92421340942383
2025-11-21,5.008500099182129,450.07666015625,88.69219970703125,58.060001373291016,56.85904312133789
2025-11-24,4.961999893188477,445.8538513183594,89.63400268554688,58.84000015258789,58.43656539916992
2025-11-25,4.999499797821045,454.2995300292969,89.14779663085938,57.95000076293945,59.040313720703125
2025-11-26,5.104499816894531,461.812255859375,89.15059661865234,58.650001525878906,60.62757110595703
2025-11-28,5.185500144958496,476.4940185546875,89.36479949951172,58.54999923706055,62.61408996582031
2025-12-01,5.218999862670898,490.8811645507813,89.3499984741211,59.31999969482422,63.15940475463867
2025-12-02,5.160999774932861,486.7565002441406,89.61270141601562,58.63999938964844,62.95491027832031
2025-12-03,5.308000087738037,495.3494873046875,89.91719818115234,58.95000076293945,65.70097351074219
2025-12-04,5.291500091552734,487.8367614746094,90.17050170898438,59.66999816894531,65.43804931640625
2025-12-05,5.381999969482422,489.1625671386719,89.8364028930664,60.08000183105469,66.22681427001953
2025-12-08,5.364500045776367,481.64984130859375,89.93800354003906,58.880001068115234,65.67176055908203
2025-12-09,5.240499973297119,482.63189697265625,90.12999725341795,58.25,65.14591979980469
2025-12-10,5.2754998207092285,503.4515075683594,89.91690063476562,58.459999084472656,66.66500854492188
2025-12-11,5.427000045776367,513.2720947265625,89.79299926757812,57.59999847412109,67.33692169189453
2025-12-12,5.2835001945495605,551.572265625,90.25299835205078,57.43999862670898,66.35340118408203
2025-12-15,5.338500022888184,557.857421875,90.5770034790039,56.81999969482422,66.95714569091797
2025-12-16,5.287000179290772,557.5137329101562,90.7769012451172,55.27000045776367,66.53842163085938
2025-12-17,5.363500118255615,567.9235229492188,90.94889831542967,55.93999862670898,66.9474105834961
2025-12-18,5.366499900817871,581.5250244140625,90.4136962890625,56.150001525878906,67.33692169189453
2025-12-19,5.439499855041504,578.18603515625,90.25579833984376,56.65999984741211,68.45677185058594
2025-12-22,5.4375,595.6174926757812,89.56999969482422,58.0099983215332,70.64777374267578
2025-12-23,5.47599983215332,598.8582763671875,89.60389709472656,58.380001068115234,72.00133514404297
2025-12-24,5.498499870300293,613.6382446289062,89.50789642333984,58.34999847412109,71.81631469726562
2025-12-26,5.766499996185303,625.4229125976562,90.10590362548828,56.7400016784668,73.72492218017578
2025-12-29,5.490499973297119,607.4512939453125,89.82929992675781,58.08000183105469,71.0665054321289
2025-12-30,5.727499961853027,614.0802001953125,89.9000015258789,57.95000076293945,72.25446319580078
2025-12-31,5.630000114440918,601.4607543945312,89.76940155029297,57.41999816894531,71.54686737060547
2026-01-02,5.639999866485596,617.5173950195312,89.96189880371094,57.31999969482422,72.81256103515625
2026-01-05,5.924499988555908,617.3209228515625,90.00700378417969,58.31999969482422,76.39041137695312
2026-01-06,6.010499954223633,631.560791015625,90.23300170898438,57.130001068115234,77.80559539794922
2026-01-07,5.809000015258789,618.6958618164062,90.16609954833984,55.9900016784668,75.64295196533203
2026-01-08,5.746500015258789,580.150146484375,89.8644027709961,57.7599983215332,75.36389923095703
2026-01-09,5.855500221252441,595.5684204101562,89.90540313720703,59.119998931884766,77.27739715576172
2026-01-12,5.985000133514404,616.9772338867188,90.23600006103516,59.5,79.79882049560547
2026-01-13,5.96999979019165,618.5485229492188,90.13269805908205,61.150001525878906,79.5696029663086
2026-01-14,6.008999824523926,642.461669921875,90.27300262451172,62.02000045776367,82.11096954345703
2026-01-15,5.947999954223633,642.461669921875,90.18319702148438,59.18999862670898,81.76215362548828
2026-01-16,5.78849983215332,626.3068237304688,90.36160278320312,59.43999862670898,80.49645233154297
2026-01-20,5.7729997634887695,668.5352172851562,90.90450286865234,60.34000015258789,81.97144317626953
2026-01-21,5.729499816894531,685.0338134765625,91.11840057373048,60.619998931884766,83.68561553955078
2026-01-22,5.742499828338623,656.259521484375,91.53690338134766,59.36000061035156,81.9515151977539
2026-01-23,5.910999774932861,686.1632080078125,91.55829620361328,61.06999969482422,85.71871185302734
2026-01-26,5.984000205993652,686.1632080078125,91.5009994506836,60.630001068115234,87.78170013427734
2026-01-27,5.828499794006348,714.1517944335938,91.71309661865234,62.38999938964844,90.11376953125
2026-01-28,5.892499923706055,695.4927368164062,91.5343017578125,63.209999084472656,91.66849517822266
2026-01-29,6.17549991607666,702.3671264648438,92.04080200195312,65.41999816894531,93.91087341308594
2026-01-30,5.896999835968018,617.2227783203125,91.78189849853516,65.20999908447266,84.52276611328125
2026-02-02,5.801499843597412,599.1528930664062,91.68699645996094,62.13999938964844,84.91144561767578
2026-02-03,6.0625,616.9772338867188,90.24559783935548,63.209999084472656,90.45262145996094
2026-02-04,5.826000213623047,627.7799072265625,90.4228973388672,65.13999938964844,86.3166732788086
2026-02-05,5.798999786376953,599.84033203125,90.125,63.290000915527344,81.03462219238281
2026-02-06,5.863500118255615,598.0235595703125,90.3147964477539,63.54999923706055,84.3932113647461
2026-02-09,5.945000171661377,617.81201171875,90.58799743652344,64.36000061035156,88.72847747802734
2026-02-10,5.895999908447266,606.6165771484375,90.8227996826172,63.959999084472656,87.93119049072266
2026-02-11,5.948999881744385,617.2718505859375,90.58789825439452,64.62999725341797,89.81478881835938
2026-02-12,5.770999908447266,612.5089111328125,90.73570251464844,62.84000015258789,86.85485076904297
2026-02-13,5.792500019073486,582.21240234375,90.56410217285156,62.88999938964844,87.64217376708984
2026-02-17,5.632999897003174,570.6732788085938,90.78299713134766,62.33000183105469,84.49287414550781
2026-02-18,5.793499946594238,574.7488403320312,90.6261978149414,65.19000244140625,86.36650848388672
2026-02-19,5.730000019073486,573.6194458007812,90.7935028076172,66.43000030517578,85.82833862304688
2026-02-20,5.830999851226807,578.7752075195312,91.04109954833984,66.38999938964844,88.78826904296875
2026-02-23,5.7729997634887695,580.248291015625,90.72660064697266,66.30999755859375,90.54231262207033
2026-02-24,5.922999858856201,586.6316528320312,91.02010345458984,65.62999725341797,93.05377960205078
2026-02-25,5.979499816894531,607.9423217773438,90.91799926757812,65.41999816894531,94.73805236816406
2026-02-26,5.947000026702881,598.8582763671875,90.95099639892578,65.20999908447266,94.13011932373048
2026-02-27,6.004499912261963,592.9659423828125,91.00740051269533,67.0199966430664,95.37588500976562
2026-03-02,5.894499778747559,606.5675048828125,91.07959747314452,71.2300033569336,93.28299713134766
2026-03-03,5.773499965667725,606.5675048828125,91.56340026855467,74.55999755859375,86.72528076171875
2026-03-04,5.855000019073486,580.6411743164062,92.00859832763672,74.66000366210938,87.8614273071289
2026-03-05,5.752999782562256,584.9622192382812,92.1230010986328,81.01000213623047,82.02127838134766
2026-03-06,5.756999969482422,576.320068359375,91.78690338134766,90.9000015258789,79.67922973632812
2026-03-09,5.80049991607666,564.6827392578125,91.93620300292967,94.7699966430664,81.96147155761719
2026-03-10,5.90399980545044,579.364501953125,91.220703125,83.44999694824219,82.77869415283203
2026-03-11,5.8454999923706055,577.056640625,92.16510009765624,87.25,82.01130676269531
2026-03-12,5.82450008392334,572.5391845703125,92.22879791259766,95.7300033569336,79.46994018554688
2026-03-13,5.714499950408936,542.0463256835938,92.38990020751952,98.70999908447266,76.13128662109375
2026-03-16,5.790500164031982,524.2710571289062,92.5635986328125,93.5,78.39360046386719
2026-03-17,5.726500034332275,536.5467529296875,92.28269958496094,96.20999908447266,77.6461410522461
2026-03-18,5.553999900817871,527.9537963867188,92.39129638671876,96.31999969482422,74.67623138427734
2026-03-19,5.433000087738037,497.068115234375,93.24659729003906,96.13999938964844,72.1348648071289
2026-03-20,5.34250020980835,505.5137939453125,93.0822982788086,98.31999969482422,68.8460464477539
2026-03-23,5.439499855041504,478.9000549316406,93.89530181884766,88.12999725341797,73.30091094970703
2026-03-24,5.422500133514404,488.1313781738281,93.2436981201172,92.3499984741211,72.75276947021484
2026-03-25,5.52899980545044,508.410888671875,94.29969787597656,90.31999969482422,75.38382720947266
2026-03-26,5.446499824523926,508.410888671875,94.6937026977539,94.4800033569336,70.64990997314453
2026-03-27,5.4670000076293945,500.5544128417969,94.30950164794922,99.63999938964844,71.36747741699219
2026-03-30,5.47599983215332,493.1398620605469,94.78179931640624,102.87999725341795,70.51039123535156
2026-03-31,5.587500095367432,493.1398620605469,94.35590362548828,101.37999725341795,76.09142303466797
2026-04-01,5.624000072479248,515.0397338867188,93.48429870605467,100.12000274658205,77.88533020019531
2026-04-02,5.563000202178955,506.495849609375,92.6426010131836,111.54000091552734,76.59969329833984
2026-04-06,5.583499908447266,516.6110229492188,92.97100067138672,112.41000366210938,76.46017456054688
2026-04-07,5.54449987411499,529.0831909179688,92.81659698486328,112.9499969482422,76.4801025390625
2026-04-08,5.759500026702881,549.3135375976562,92.86019897460938,94.41000366210938,81.75218200683594
2026-04-09,5.748000144958496,548.478759765625,92.2748031616211,97.87000274658205,81.28377532958984
2026-04-10,5.870500087738037,554.4692993164062,92.46980285644533,96.56999969482422,83.23713684082031
2026-04-13,5.97599983215332,552.4561157226562,94.50879669189452,99.08000183105467,84.58257293701172
2026-04-14,6.070499897003174,552.4561157226562,94.9468002319336,91.27999877929688,86.13728332519531
2026-04-15,6.072000026702881,570.0840454101562,93.16539764404295,91.29000091552734,85.7884750366211
2026-04-16,6.066500186920166,581.8687133789062,93.38680267333984,94.69000244140624,85.91802978515625
2026-04-17,6.103499889373779,581.6723022460938,93.0478973388672,83.8499984741211,86.89471435546875
2026-04-20,6.035999774932861,579.7081909179688,92.60330200195312,89.61000061035156,85.95789337158203
2026-04-21,6.001500129699707,577.9404907226562,93.12359619140624,92.12999725341795,81.19408416748047
2026-04-22,6.119999885559082,593.89892578125,93.622802734375,92.95999908447266,84.61246490478516
2026-04-23,6.075500011444092,581.4758911132812,93.80049896240234,95.8499984741211,82.18072509765625
2026-04-24,6.023499965667725,577.9404907226562,94.11289978027344,94.4000015258789,82.09103393554688
2026-04-27,6.01800012588501,616.7317504882812,94.25029754638672,96.37000274658205,81.42330169677734
2026-04-28,5.914500236511231,605.0452270507812,94.2584991455078,99.93000030517578,78.42350006103516
2026-04-29,5.878499984741211,602.0499877929688,94.64550018310548,106.87999725341795,77.46675109863281
2026-04-30,5.926000118255615,595.9500122070312,94.9166030883789,105.06999969482422,79.34038543701172
2026-05-01,5.932000160217285,595.9500122070312,94.75910186767578,101.94000244140624,78.78227996826172
2026-05-04,5.795000076293945,605.5499877929688,94.90299987792967,106.41999816894533,76.39041137695312
2026-05-05,5.942999839782715,611.25,95.2593994140625,102.2699966430664,77.94512176513672
2026-05-06,6.136499881744385,634.5999755859375,95.18299865722656,95.08000183105467,83.28697204589844
2026-05-07,6.127500057220459,636.5499877929688,94.60800170898438,94.80999755859376,82.3302230834961
2026-05-08,6.249000072479248,635.0999755859375,94.25299835205078,95.41999816894533,85.67884063720703
2026-05-11,6.41349983215332,629.0999755859375,94.42530059814452,98.06999969482422,87.29335021972656
2026-05-12,6.485000133514404,641.9000244140625,95.3914031982422,102.18000030517578,90.46258544921876
2026-05-13,6.635499954223633,667.0999755859375,95.63300323486328,101.0199966430664,91.5987319946289
2026-05-14,6.567500114440918,669.25,95.69580078125,101.16999816894533,89.0772933959961
2026-05-15,6.251500129699707,637.7999877929688,95.70989990234376,105.41999816894533,82.76873779296875
2026-05-18,6.271999835968018,636.5,95.97029876708984,108.66000366210938,81.57279205322266
2026-05-19,6.164999961853027,632.5999755859375,96.27020263671876,107.7699966430664,79.1011962890625
2026-05-20,6.290500164031982,630.4500122070312,96.56580352783205,98.26000213623048,82.03123474121094
2026-05-21,6.256999969482422,628.0499877929688,96.5282974243164,96.3499984741211,82.73883056640625
2026-05-22,6.3420000076293945,632.25,96.17389678955078,96.5999984741211,83.06771087646484
2026-05-26,6.361000061035156,647.4000244140625,95.25279998779295,93.88999938964844,87.21363067626953
2026-05-27,6.304999828338623,648.8499755859375,95.90499877929688,88.68000030517578,85.79843139648438
2026-05-28,6.395999908447266,648.8499755859375,96.04889678955078,88.9000015258789,88.1404800415039
2026-05-29,6.359499931335449,632.9500122070312,96.04820251464844,87.36000061035156,87.84149169921875
2026-06-01,6.52400016784668,626.25,95.00299835205078,92.16000366210938,89.75498962402344
2026-06-02,6.649499893188477,625.0999755859375,95.55139923095705,93.76000213623048,93.34280395507812
2026-06-03,6.480999946594238,610.5499877929688,95.26300048828124,96.0199966430664,89.94434356689453
2026-06-04,6.511000156402588,603.8499755859375,96.16449737548828,93.04000091552734,89.9144515991211
2026-06-05,6.263500213623047,566.7999877929688,95.79029846191406,90.54000091552734,80.36688995361328
2026-06-08,6.329500198364258,556.0,94.95030212402344,91.3000030517578,81.01469421386719
2026-06-09,6.302499771118164,563.6500244140625,95.68830108642578,88.19999694824219,79.86858367919922
2026-06-10,6.249000072479248,547.5499877929688,95.36029815673828,90.02999877929688,77.18769073486328
2026-06-11,6.258999824523926,545.0,95.64450073242188,87.70999908447266,82.87836456298828
2026-06-12,6.430500030517578,559.9000244140625,95.76010131835938,84.87999725341797,85.67884063720703
2026-06-15,6.482500076293945,563.8499755859375,95.11029815673828,80.75,89.5058364868164
2026-06-16,6.488999843597412,564.2999877929688,94.74169921875,76.05000305175781,89.48590850830078
2026-06-17,6.481500148773193,572.5499877929688,94.88860321044922,76.79000091552734,86.46617126464844
2026-06-18,6.374499797821045,571.4500122070312,94.85890197753906,76.5999984741211,85.19050598144531
2026-06-22,6.356500148773193,573.2000122070312,94.3302993774414,74.81999969482422,84.60250091552734
2026-06-23,6.140999794006348,546.7999877929688,94.70059967041016,73.20999908447266,79.21082305908203
2026-06-24,5.942999839782715,541.9500122070312,95.18370056152344,70.33999633789062,75.44361877441406
2026-06-25,6.070499897003174,518.0499877929688,94.4406967163086,71.91999816894531,76.22098541259766
2026-06-26,6.141499996185303,518.0499877929688,94.40039825439452,69.2300033569336,75.9219970703125
2026-06-29,6.097499847412109,525.5,94.36029815673828,70.75,75.73999786376953
2026-06-30,6.192500114440918,533.1500244140625,94.79049682617188,69.5,76.97000122070312
2026-07-01,6.123499870300293,524.4000244140625,94.91799926757812,68.58000183105469,75.29000091552734
2026-07-02,6.114500045776367,528.7000122070312,95.4175033569336,68.69000244140625,76.6500015258789
2026-07-06,6.177999973297119,540.3499755859375,95.2147979736328,68.55000305175781,78.4800033569336
2026-07-07,6.171500205993652,531.0999755859375,95.60350036621094,70.44000244140625,74.62999725341797
2026-07-08,6.054500102996826,530.2999877929688,95.59339904785156,73.5199966430664,73.04000091552734
2026-07-09,6.215000152587891,528.5,95.86180114746094,72.08000183105469,75.4000015258789
2026-07-10,6.233500003814697,536.9500122070312,95.39019775390624,71.41000366210938,76.54000091552734
2026-07-13,6.232999801635742,532.5999755859375,95.3249969482422,78.13999938964844,74.3499984741211
2026-07-14,6.329999923706055,527.9000244140625,96.29889678955078,79.33999633789062,78.72000122070312
2026-07-15,6.293499946594238,527.75,96.42530059814452,79.5999984741211,77.26000213623047
2026-07-16,6.296000003814697,521.9500122070312,96.49859619140624,78.94999694824219,74.68000030517578
2026-07-17,6.21999979019165,518.3499755859375,96.6521987915039,82.48999786376953,73.3499984741211
2026-07-20,6.298999786376953,522.6500244140625,96.28479766845705,83.2300033569336,73.86000061035156
2026-07-21,6.511000156402588,534.4000244140625,96.4896011352539,84.91000366210938,78.23999786376953
2026-07-22,6.451000213623047,535.4000244140625,96.34089660644533,86.83000183105469,79.98999786376953
2026-07-23,6.304999828338623,531.1500244140625,96.55709838867188,92.19000244140624,78.37000274658203
2026-07-24,6.320000171661377,531.9500122070312,96.87689971923828,89.30999755859375,77.72000122070312
2026-07-27,6.339000225067139,529.6500244140625,96.56729888916016,82.61000061035156,77.9000015258789
2026-07-28,6.322000026702881,526.9000244140625,95.77410125732422,79.26000213623047,76.5199966430664
2026-07-29,6.273499965667725,536.7000122070312,95.59870147705078,84.45999908447266,76.13999938964844
2026-07-30,6.444499969482422,535.9000244140625,95.72859954833984,83.58999633789062,79.5
2026-07-31,6.435999870300293,539.2000122070312,95.68479919433594,84.66999816894531,78.86000061035156
2026-08-03,6.513999938964844,547.0,95.4021987915039,80.33999633789062,79.36000061035156
2026-08-04,6.618500232696533,562.9000244140625,95.33159637451172,75.7699966430664,83.98999786376953
2026-08-05,6.703000068664551,596.9500122070312,95.09719848632812,75.22000122070312,86.72000122070312
2026-08-06,6.686999797821045,590.0,95.07730102539062,77.29000091552734,86.08999633789062
2026-08-07,6.570499897003174,603.0,95.31189727783205,78.18000030517578,88.02999877929688
2026-08-10,6.5945000648498535,595.1500244140625,95.21029663085938,82.12999725341797,89.51000213623047
2026-08-11,6.611999988555908,586.6500244140625,95.39669799804688,83.19999694824219,88.58999633789062
2026-08-12,6.5970001220703125,584.5999755859375,95.37989807128906,83.2699966430664,88.30000305175781
2026-08-13,6.59250020980835,578.3499755859375,95.34429931640624,81.25,85.5199966430664
2026-08-14,6.599500179290772,561.9000244140625,95.40119934082033,82.4000015258789,85.69999694824219
2026-08-17,6.604000091552734,567.5,95.45030212402344,84.5,87.33999633789062
2026-08-18,6.482500076293945,558.0,95.69409942626952,84.94000244140625,85.56999969482422
2026-08-19,6.487500190734863,557.0,95.81639862060548,85.83000183105469,88.27999877929688
2026-08-20,6.460000038146973,573.9000244140625,95.49600219726562,87.83000183105469,89.93000030517578
2026-08-21,6.579500198364258,594.9000244140625,95.77220153808594,87.05999755859375,94.58999633789062
2026-08-24,6.598999977111816,604.0,95.70030212402344,85.01000213623047,94.52999877929688
2026-08-25,6.709499835968018,592.5999755859375,95.7230987548828,82.36000061035156,96.31999969482422
2026-08-26,6.5945000648498535,626.5,93.5460968017578,82.2300033569336,95.54000091552734
2026-08-27,6.586999893188477,610.0999755859375,95.4302978515625,83.52999877929688,96.4499969482422
2026-08-28,6.561999797821045,622.0,95.47039794921876,83.4000015258789,94.41999816894533
2026-08-31,6.593500137329102,595.4500122070312,95.38030242919922,85.76000213623047,92.86000061035156
2026-09-01,6.506499767303467,597.0,95.1144027709961,90.22000122070312,89.23999786376953
2026-09-02,6.500999927520752,588.4000244140625,94.9552001953125,91.01000213623048,89.9000015258789
2026-09-03,6.577000141143799,587.9500122070312,94.48770141601562,91.3000030517578,91.25
2026-09-04,6.5970001220703125,601.0,94.49490356445312,91.4800033569336,90.66000366210938
2026-09-08,6.738999843597412,595.5,94.4918975830078,93.02999877929688,94.37999725341795
2026-09-09,6.803500175476074,605.4000244140625,94.822998046875,96.0500030517578,95.2699966430664
2026-09-10,6.4670000076293945,593.5999755859375,95.11180114746094,102.4800033569336,88.61000061035156
2026-09-11,6.4695000648498535,576.4500122070312,95.69450378417967,100.0500030517578,88.52999877929688
