Price,Close,High,Low,Open,Volume
Ticker,COPX,COPX,COPX,COPX,COPX
Date,,,,,
2010-04-20,31.205854415893555,31.673516966408915,31.142082127049765,31.673516966408915,1933
2010-04-21,30.716934204101562,31.24836907062939,30.631905382302012,31.035795664621762,2900
2010-04-22,30.5468692779541,30.58938232720977,30.121719864279385,30.58938232720977,3600
2010-04-23,30.653162002563477,30.653162002563477,30.291787481584564,30.440588595927792,1100
2010-04-26,31.120819091796875,31.801057657330155,30.610643546418217,31.801057657330155,3600
2010-04-27,29.569034576416016,30.61064774198412,29.569034576416012,30.504359691327917,6733
2010-04-28,29.632797241210938,29.930402064573173,29.271422851788795,29.930402064573173,5133
2010-04-29,29.65406036376953,29.887892970102875,29.65406036376953,29.887892970102875,18133
2010-04-30,28.95256996154785,30.142984196605422,28.952569961547848,30.142984196605422,13467
2010-05-03,28.527420043945312,29.01634180991607,28.293590127930095,28.591192330679878,1633
2010-05-04,26.699283599853516,27.99598305925306,26.444194472622897,27.99598305925306,3633
2010-05-05,26.21036720275879,26.52922594075162,25.36007092773744,25.508872032536406,2067
2010-05-06,24.9561824798584,26.189109870481847,24.14840190606699,26.104081047718946,1967
2010-05-07,24.892406463623047,25.487613539967295,24.44600048061058,25.487613539967295,2800
2010-05-10,26.95438003540039,27.039408866525992,26.78431967013138,26.933120800355635,2500
2010-05-11,26.57174301147461,26.869345235754736,26.57174301147461,26.720544123614673,1767
2010-05-12,26.826828002929688,26.933113336628356,26.592995403361915,26.933113336628356,32733
2010-05-13,27.01814079284668,27.46454399282421,26.975625043936923,27.33700215212824,2600
2010-05-14,25.955276489257812,26.46545206117985,25.615158540304062,26.46545206117985,3967
2010-05-17,24.87114715576172,26.274137383681683,24.190911271508913,26.274137383681683,2333
2010-05-18,24.25468635559082,25.48761640332101,24.254686355590824,25.48761640332101,3500
2010-05-19,23.446903228759766,23.68073313264419,22.872952677924495,23.59570432241505,767
2010-05-20,22.192718505859375,22.957985966138764,21.916372823986492,22.957985966138764,2333
2010-05-21,23.531932830810547,23.59570511638255,23.12804258986027,23.12804258986027,1400
2010-05-24,23.446903228759766,23.82953692931661,23.446903228759766,23.78702117269347,1067
2010-05-25,23.128042221069336,23.128042221069336,22.04391608664958,22.21397506162702,5267
2010-05-26,23.914566040039062,24.12713941979153,23.89330951296897,24.042110608493978,967
2010-05-27,25.530122756958008,25.530122756958008,24.786114699087317,24.786114699087317,2433
2010-05-28,24.977436065673828,25.190009449033568,24.7861192097449,25.190009449033568,1600
2010-06-01,24.594799041748047,24.764859347344935,23.38312848705212,23.38312848705212,733
2010-06-02,24.9561824798584,24.9561824798584,24.573548722899034,24.573548722899034,700
2010-06-03,24.53103256225586,25.48761693914394,24.23343033590234,25.48761693914394,8600
2010-06-04,23.043010711669922,23.80827533372392,22.979238434580683,23.80827533372392,2133
2010-06-07,22.2352294921875,23.78701935085857,22.17145856515411,23.78701935085857,8733
2010-06-08,22.830440521240234,22.830440521240234,22.299004354641415,22.532835619220755,1967
2010-06-09,22.936723709106445,23.616962262852965,22.936723709106445,23.574446508550995,8633
2010-06-10,24.25468635559082,24.36097440734974,23.78702379328298,23.78702379328298,1833
2010-06-11,24.233427047729492,24.531029233702117,24.14839823788262,24.531029233702117,3433
2010-06-14,25.083721160888672,25.3388075691309,24.99868965512436,25.27503529131612,800
2010-06-15,25.402587890625,25.402587890625,24.998697570912608,25.381331358961535,4100
2010-06-16,25.466354370117188,25.55138588337869,25.041207615878246,25.19000870956016,3767
2010-06-17,25.019948959350586,25.38132339939145,25.019948959350586,25.19000656536385,1367
2010-06-18,25.211265563964844,26.274135052435195,23.787018935725115,26.274135052435195,1667
2010-06-21,25.636415481567383,26.571740532054317,25.636415481567383,26.571740532054317,4700
2010-06-22,24.977436065673828,25.657671973631878,24.977436065673828,25.42384206284133,1367
2010-06-23,24.82863426208496,26.10407722901719,24.44600056110015,26.10407722901719,3667
2010-06-24,24.82863426208496,24.82863426208496,24.82863426208496,24.82863426208496,0
2010-06-25,24.339710235595703,24.828631930842192,24.12713687823574,24.828631930842192,1267
2010-06-28,24.233427047729492,24.36097161400837,24.233427047729492,24.36097161400837,200
2010-06-29,22.745407104492188,23.850792400621632,22.70289405276757,23.850792400621632,4367
2010-06-30,22.0864315032959,22.766668785845116,22.0864315032959,22.745409554675696,1233
2010-07-01,22.0864315032959,22.128945911108772,21.257393117647307,22.0014013361615,9500
2010-07-02,22.34151840209961,22.34151840209961,22.2139738400035,22.34151840209961,1400
2010-07-06,22.554088592529297,23.00049314544186,22.511574194991987,22.511574194991987,1433
2010-07-07,23.7445011138916,23.7445011138916,22.830435487755956,22.830435487755956,1133
2010-07-08,23.723247528076172,23.829535562026866,23.723247528076172,23.829535562026866,200
2010-07-09,24.72234535217285,24.78611763342678,24.127138294808525,24.127138294808525,5167
2010-07-12,24.80738067626953,24.80738067626953,24.80738067626953,24.80738067626953,67
2010-07-13,25.317550659179688,25.360066411415286,24.679830593746942,24.679830593746942,2567
2010-07-14,24.9561824798584,25.083727065511518,24.9561824798584,25.083727065511518,333
2010-07-15,24.573545455932617,24.7223465517395,24.573545455932617,24.7223465517395,167
2010-07-16,24.148393630981445,24.403480011858054,23.935817592392684,24.403480011858054,2500
2010-07-19,24.148393630981445,24.148393630981445,24.148393630981445,24.148393630981445,0
2010-07-20,25.12623405456543,25.12623405456543,24.743600390055242,24.743600390055242,1800
2010-07-21,25.508869171142578,25.508869171142578,25.3813246090455,25.3813246090455,267
2010-07-22,26.57174301147461,26.656771832266433,26.01905162180153,26.01905162180153,2000
2010-07-23,26.890600204467773,27.16694585548721,26.401678480648417,27.16694585548721,4733
2010-07-26,27.209463119506836,27.655866409900312,27.039402792439894,27.655866409900312,1300
2010-07-27,27.25197410583496,27.698380065367502,26.996884986102078,27.29448986012944,3333
2010-07-28,27.166940689086914,27.273228705273834,27.166940689086914,27.251969480226528,1000
2010-07-29,27.209463119506836,27.613353355396477,27.018146265187976,27.35826421630466,933
2010-07-30,27.464550018310547,27.464550018310547,26.741801049396297,26.741801049396297,800
2010-08-02,28.272335052490234,28.39987963251185,27.910957841423173,27.910957841423173,11467
2010-08-03,28.272335052490234,28.484908451520457,28.187303530464206,28.442392690507447,1200
2010-08-04,28.676225662231445,28.676225662231445,28.421136499157704,28.527421848426794,3300
2010-08-05,28.378623962402344,28.54868432478188,28.378623962402347,28.54868432478188,500
2010-08-06,28.42112922668457,28.56993029939616,28.102267854433478,28.378613476045505,2700
2010-08-09,28.527420043945312,28.825024949712375,28.442391229304985,28.825024949712375,1367
2010-08-10,27.953468322753906,28.038497125702786,27.31574554309504,27.69837921089036,9867
2010-08-11,26.35916519165039,27.060657575932268,26.35916519165039,27.060657575932268,567
2010-08-12,26.231626510620117,26.380427631185842,26.061566156389553,26.061566156389553,1133
2010-08-13,26.252887725830078,26.401688872947865,26.252887725830078,26.401688872947865,633
2010-08-16,26.44419288635254,26.52922168932322,26.35916408338186,26.35916408338186,767
2010-08-17,27.592092514038086,27.592092514038086,27.230718056769966,27.251974582780726,2033
2010-08-18,27.464550018310547,27.634610348242706,27.10317553385342,27.634610348242706,2367
2010-08-19,26.7843074798584,27.46454322530488,26.7843074798584,27.46454322530488,433
2010-08-20,26.401670455932617,26.486701940414314,26.189097150760823,26.486701940414314,1833
2010-08-23,26.44419288635254,26.507965164334777,26.18910377442359,26.401677133358746,667
2010-08-24,25.530122756958008,25.657667304366324,25.232520615016423,25.636410780803846,1400
2010-08-25,25.572641372680664,25.572641372680664,24.93491856417809,25.08372235484005,2767
2010-08-26,25.721445083618164,26.10407880774396,25.657672796263864,25.99779076114769,2233
2010-08-27,26.635509490966797,26.656766015772217,26.1891035489347,26.1891035489347,3700
2010-08-30,26.592992782592773,26.996882957481407,26.592992782592773,26.996882957481407,600
2010-08-31,26.35916519165039,26.78431192739595,26.25287715620549,26.486709752977465,2333
2010-09-01,28.272335052490234,28.336107342501045,27.613355623384344,27.63461215238214,5100
2010-09-02,28.33610725402832,28.378620311891176,28.293591493148053,28.357363782959748,2533
2010-09-03,28.803768157958984,29.080113830271628,28.718736641080277,29.037598071832278,1800
2010-09-07,28.44239044189453,28.80376762439165,28.22981705967004,28.676223054453516,3567
2010-09-08,28.71873664855957,29.058854607111194,28.71873664855957,28.9738257932276,18133
2010-09-09,28.931310653686523,29.271428587737272,28.80376609054036,29.271428587737272,1867
2010-09-10,29.080121994018555,29.101378527697012,28.86754854817995,29.016349689965175,3733
2010-09-13,30.22801399230957,30.22801399230957,29.63280685548842,29.696579145255594,3133
2010-09-14,30.29178237915039,30.610643786902756,29.951664445220224,29.951664445220224,4133
2010-09-15,30.29178237915039,30.33429813452306,30.164237816049447,30.185494342227248,1500
2010-09-16,30.440589904785156,30.440589904785156,30.270532253371627,30.33430454840611,2867
2010-09-17,30.653162002563477,30.75945005739008,30.419332066169478,30.716934294855935,1700
2010-09-20,31.26961898803711,31.26961898803711,30.823213076294376,30.823213076294376,1633
2010-09-21,31.057048797607422,31.31213521290609,30.653155891596327,31.184590653748266,2067
2010-09-22,31.503450393676758,31.77979602296951,31.503450393676758,31.588481897318246,4067
2010-09-23,31.312131881713867,31.69476551848023,30.52561078793859,31.184587336125077,2833
2010-09-24,32.46003341674805,32.50254646408473,30.4830956250898,31.992370974927287,11500
2010-09-27,32.5238037109375,32.757633566105504,32.460031440797756,32.672604773591374,17767
2010-09-28,32.863929748535156,32.90644280384563,32.013633503101424,32.65135636293104,5833
2010-09-29,32.970211029052734,33.097755585309635,32.58758006329896,32.58758006329896,16733
2010-09-30,32.75764083862305,33.31033216719267,32.35375060574261,33.22530335580131,4400
2010-10-01,33.607940673828125,33.65045643560206,32.92770470354993,32.92770470354993,6800
2010-10-04,33.05525207519531,33.56542774444599,32.80016288906113,33.54417121327404,14767
2010-10-05,34.18187713623047,34.22439017737825,33.522897968276475,33.56541100942425,32967
2010-10-06,35.010921478271484,35.074693756859176,34.56451552815763,34.69206008533301,98200
2010-10-07,34.24565887451172,35.202240407189336,33.82050942430837,35.202240407189336,100900
2010-10-08,35.24476623535156,35.287279300409296,34.479498628097886,34.543270928702356,22867
2010-10-11,35.3723030090332,35.92499710187386,35.28727418821829,35.92499710187386,54833
2010-10-12,35.393558502197266,35.43607155660451,34.75583565591663,35.393558502197266,134267
2010-10-13,36.669002532958984,36.90283515090731,35.88247856788522,36.56271448788843,74367
2010-10-14,36.5839729309082,37.17918002384805,36.35014031799527,36.924090883585656,54833
2010-10-15,36.4351692199707,36.860318689125485,35.83996482858501,36.860318689125485,54400
2010-10-18,35.96750259399414,36.01001834696595,35.266010239569184,35.9887618219885,58300
2010-10-19,34.20314407348633,34.77709463092699,34.01182722100611,34.77709463092699,57233
2010-10-20,35.11720657348633,35.32977991666265,33.71421926490256,34.07559367800063,38567
2010-10-21,35.26601028442383,35.90373036171064,34.75583206018085,35.90373036171064,87800
2010-10-22,35.15972137451172,35.414810480256975,35.01092029716593,35.20223712647488,63167
2010-10-25,36.20134735107422,36.58398114740458,36.13757505168583,36.413920781362926,15733
2010-10-26,35.96750259399414,36.0312748719434,35.3935547954677,35.71241618521401,10300
2010-10-27,34.734580993652344,35.22350006670666,34.45823531309915,35.22350006670666,63900
2010-10-28,35.15972137451172,35.329781679347505,34.8833757442933,34.98966377269278,57067
2010-10-29,35.49984359741211,35.56361588160217,35.159725649404166,35.159725649404166,10733
2010-11-01,36.01002883911133,36.477691445995205,35.49985046686794,35.712426590647816,29467
2010-11-02,36.64774703979492,36.66900356820224,36.41391441524502,36.56271552013095,10800
2010-11-03,36.41390609741211,36.562707168308215,35.69115456346667,36.562707168308215,23267
2010-11-04,38.39085388183594,38.68845610117513,37.45552875960216,38.07199243038865,91200
2010-11-05,39.0073127746582,39.30491766056152,38.603422553302856,38.901027439206175,114700
2010-11-08,38.94353485107422,39.07107939755507,38.560901211631666,38.96479407749884,68900
2010-11-09,38.305816650390625,39.83634857821109,38.11449982153596,39.815089350771565,100833
2010-11-10,38.49714279174805,39.58126904782568,37.41301383265293,38.70971619644714,60067
2010-11-11,39.092342376708984,39.113601606644366,38.369593431317675,39.113601606644366,50433
2010-11-12,37.68934631347656,38.47587006778821,37.17917086169279,38.26329673762692,60033
2010-11-15,37.2216911315918,38.008215038587736,37.2216911315918,37.83815742265281,17233
2010-11-16,35.56361389160156,36.6264834332838,35.09595140138206,36.6264834332838,78300
2010-11-17,35.8399658203125,36.1588245522302,35.45733209839051,35.49984515437031,51900
2010-11-18,37.37049865722656,37.51929976178755,36.45643009546505,36.647746959765186,52200
2010-11-19,37.37049865722656,37.4555274736875,36.66900348812609,37.11540950482639,11900
2010-11-22,37.2216911315918,37.49803678474884,36.77528786249984,37.49803678474884,44467
2010-11-23,35.88247299194336,36.647740310291525,35.52109856029018,36.45642348070449,20933
2010-11-24,36.7540283203125,36.90283211175994,36.39265386226483,36.52019842463861,72533
2010-11-26,36.07379150390625,36.902831137447414,35.88247466539676,36.902831137447414,88567
2010-11-29,35.8612174987793,36.01001858062078,35.18098166491801,36.01001858062078,15267
2010-11-30,35.54235076904297,35.754924097322224,34.947143828051146,35.39354970954914,75700
2010-12-01,37.09415054321289,37.13666630326123,36.1588254462884,36.498943417622996,49633
2010-12-02,38.17828369140625,38.220796753161544,37.41301614359909,37.64684879532383,28433
2010-12-03,38.66719055175781,38.75221935130233,38.19952809973776,38.30581612643101,74467
2010-12-06,39.24114227294922,40.4528128411363,38.752220578299884,40.4528128411363,71700
2010-12-07,40.00641632080078,41.11180182226929,39.963903261178835,40.49533813059335,98600
2010-12-08,39.368690490722656,40.26149975481884,38.922284507166,40.26149975481884,56467
2010-12-09,39.70881271362305,40.261504093672116,39.432467023598505,40.261504093672116,39433
2010-12-10,40.41029739379883,40.45281314674684,39.5387447309913,39.772577317680025,40400
2010-12-13,41.1543083190918,41.664483840812736,41.06927681295755,41.239337122209136,140133
2010-12-14,41.218074798583984,41.40939161849229,40.92047265851553,41.40939161849229,144433
2010-12-15,40.304012298583984,41.196821491510256,40.304012298583984,41.111792688140355,112100
2010-12-16,39.92138671875,40.559109630797714,39.51749644212561,40.41030581597494,30033
2010-12-17,40.17646789550781,40.38904125625313,39.92137878140666,40.30401245255839,29267
2010-12-20,40.2402458190918,40.70790835954379,39.94264090988563,40.665392600223676,36567
2010-12-21,40.792930603027344,40.941731682148465,40.49532844478511,40.941731682148465,47100
2010-12-22,40.96299743652344,41.239343114069044,40.81419363067654,41.111798539353025,82567
2010-12-23,40.96299743652344,41.218083882938174,40.60162024048894,41.218083882938174,39300
2010-12-27,40.75041961669922,42.451012072179516,40.49533318109265,41.02676798555309,27200
2010-12-28,41.813289642333984,43.365081016754736,41.04802492185321,41.28185483257723,61533
2010-12-29,41.926490783691406,43.44293620867274,41.45660663007354,43.27206800923993,148067
2010-12-30,41.99056625366211,42.246867196314724,41.64883256874459,42.22550968971298,52100
2010-12-31,42.503173828125,42.56724907236479,41.990571874206694,42.225515341705346,44300
2011-01-03,43.29343032836914,43.549728566144566,42.73811069021066,43.42158080518587,120667
2011-01-04,42.35365676879883,43.99824982600253,41.56339649753371,43.99824982600253,164467
2011-01-05,41.86241149902344,42.20414514897517,41.11486897001291,41.90512922371401,79567
2011-01-06,41.43524169921875,42.52451778837037,41.30709125157063,41.648824873346484,47833
2011-01-07,40.96535873413086,41.328449868350404,40.58090738082254,41.22165963633641,54733
2011-01-10,40.75177764892578,40.75177764892578,40.15374308499244,40.53819174220432,32733
2011-01-11,41.86241149902344,41.96920445282107,41.05079374090586,41.05079374090586,52633
2011-01-12,43.1652717590332,43.2293469854289,42.63131244435491,43.037121306241815,68667
2011-01-13,43.01576614379883,43.89146191277251,42.951693625728296,43.89146191277251,78867
2011-01-14,43.07984161376953,43.07984161376953,42.46044949297341,42.71675043009121,36600
2011-01-18,43.763309478759766,43.78466698382375,43.31478286141215,43.52836605962511,57800
2011-01-19,42.88761520385742,44.27590730934721,42.71674702079687,43.89145865021184,90967
2011-01-20,41.2003059387207,42.05464150935026,40.62363153333563,41.96920876704468,124533
2011-01-21,41.00807571411133,42.07599438078982,40.98671820985219,42.07599438078982,42867
2011-01-24,41.26437759399414,41.477960789154906,40.70906074340462,41.0935121242086,30000
2011-01-25,40.623626708984375,40.901285125396996,40.04694965622599,40.58090898497567,67600
2011-01-26,41.477962493896484,41.64883068656237,40.45276148547452,40.559554445372925,33600
2011-01-27,41.45660400390625,42.033281085120876,41.05079511130039,41.990563359004256,37567
2011-01-28,40.303253173828125,41.24302143590704,40.153745203919605,41.24302143590704,32467
2011-01-31,40.75177764892578,40.90128561094471,40.15374308499244,40.580909466720136,24000
2011-02-01,42.56724166870117,42.652674407542264,41.30709722839943,41.58475566652633,49133
2011-02-02,43.07984161376953,43.12255934190845,42.2041485558556,42.58859996153231,43967
2011-02-03,43.48565673828125,43.65652223286112,42.78082910452959,43.65652223286112,65400
2011-02-04,43.59244155883789,43.87009998980856,43.18663266497958,43.57108405364253,27233
2011-02-07,43.87009811401367,44.31862471494238,43.72059015232331,43.72059015232331,50667
2011-02-08,43.784671783447266,43.955539990262636,43.42158057826937,43.784671783447266,51267
2011-02-09,42.69539260864258,43.74195113966758,42.31094120580507,43.67787590586133,49133
2011-02-10,42.289581298828125,42.50316449410348,41.413885581241104,42.097355608323,33300
2011-02-11,42.609962463378906,42.78083068010977,41.67019406100456,41.75562952729908,87700
2011-02-14,43.25070571899414,43.357498671310005,42.63131365679188,42.63131365679188,31367
2011-02-15,42.631317138671875,43.207991523875705,42.48180645004698,43.165276512146725,61500
2011-02-16,43.05847930908203,43.143912039981174,42.524519988211686,42.69538816586752,27867
2011-02-17,42.43909454345703,42.759470734154455,42.20415109832626,42.609960034590316,49000
2011-02-18,41.77698516845703,42.396377334184706,41.64883469060192,42.37501982649487,69133
2011-02-22,39.769287109375,41.75561625782947,39.68385438608822,40.73041271495888,86833
2011-02-23,39.34211349487305,40.004223134174914,38.78679678417741,39.89743292142567,347367
2011-02-24,39.53435134887695,40.303254154296525,39.10718493421575,39.64114431047117,27200
2011-02-25,40.687705993652344,40.687705993652344,40.06831115513129,40.06831115513129,17967
2011-02-28,41.648826599121094,41.798334555619824,41.22166023316542,41.307092963185056,31000
2011-03-01,41.22166061401367,42.20414380796041,41.05079243653824,42.07599335381822,31400
2011-03-02,41.43524169921875,41.563392146866875,41.0935080774429,41.0935080774429,17800
2011-03-03,42.20414352416992,42.268218750810156,41.77697715714001,42.268218750810156,67900
2011-03-04,41.84105682373047,42.268223236089,41.56339838411164,42.20414800264944,31967
2011-03-07,40.73042678833008,42.09736441251591,40.47412581405409,41.969213925377915,54767
2011-03-08,40.43141174316406,40.68771272344693,39.83337702779015,40.388694007830814,23433
2011-03-09,39.470272064208984,40.388682748916565,39.42755705664146,40.388682748916565,31100
2011-03-10,37.76161193847656,38.658662595331656,37.54802870740232,38.466436872607396,131033
2011-03-11,38.4877815246582,38.65864695404219,37.099487010592384,37.099487010592384,131767
2011-03-14,38.188777923583984,38.44507888401471,37.782968974854704,38.25285316369167,38567
2011-03-15,37.67618179321289,37.8684075430793,35.262685237987654,36.30924674864085,82467
2011-03-16,36.928619384765625,38.33827141836745,36.501453089440375,38.33827141836745,53367
2011-03-17,38.55187225341797,38.55187225341797,37.80432687250564,38.03927032727423,39033
2011-03-18,39.1285285949707,39.448904650533805,38.979020674326875,39.17124630766474,25400
2011-03-21,39.64114761352539,40.11103179514842,39.406204164784846,39.726580360404654,49300
2011-03-22,39.2139778137207,39.81200970665136,39.06446712463022,39.81200970665136,58933
2011-03-23,40.5595588684082,40.85857484335908,39.512997524363975,39.61979049590819,59100
2011-03-24,40.96535873413086,41.328449868350404,40.794490560708,41.05079146291355,44600
2011-03-25,40.47411346435547,41.24301615257133,40.47411346435547,41.157583425833145,33500
2011-03-28,40.303253173828125,40.75177979941144,40.11102747714956,40.303253173828125,33800
2011-03-29,40.4100456237793,40.49548108198506,39.96152168955963,40.367330610534324,17067
2011-03-30,41.02943801879883,41.221663714470225,40.83721232312743,41.11487075603353,219767
2011-03-31,41.43524169921875,41.60610715217798,40.94399741128182,40.94399741128182,20300
2011-04-01,41.79834747314453,42.0546484582692,41.34982346503472,41.6701969805822,27767
2011-04-04,43.29343032836914,43.46429582021942,42.65267794428552,42.65267794428552,156267
2011-04-05,44.06232452392578,44.10504224904943,43.079838572943075,43.079838572943075,55433
2011-04-06,44.29726791381836,44.809867035730356,44.23319268409715,44.46813338250314,162600
2011-04-07,44.06232452392578,44.61764137124495,43.635158136119905,44.12639975368243,99167
2011-04-08,44.23318862915039,44.767147922592095,44.12639568411909,44.681712480224085,38067
2011-04-11,43.65651321411133,44.382698205702546,43.42157252863454,44.31862297950751,44767
2011-04-12,42.26821517944336,42.908967391706696,41.862406350295686,42.69538422623802,70700
2011-04-13,41.79834747314453,42.951701906205535,41.71291471672242,42.60996544880041,45500
2011-04-14,41.69154357910156,41.841051532936014,41.34980994925534,41.520675406249715,45867
2011-04-15,41.392520904541016,41.64882178080621,41.15758024520273,41.62746427973651,25267
2011-04-18,40.08967208862305,41.07215541349414,39.61978793277142,41.07215541349414,46700
2011-04-19,40.944007873535156,40.944007873535156,40.345973203649734,40.41004844384668,21433
2011-04-20,42.18279266357422,42.50316884722866,41.99056695338156,42.50316884722866,65467
2011-04-21,42.86626052856445,43.0371287337278,42.652677309003764,42.674034816202436,38867
2011-04-25,43.272064208984375,43.50700762308897,42.73810486695503,43.14391374962872,38033
2011-04-26,43.01576614379883,43.29342730139366,42.78082542996669,43.03712636568018,21733
2011-04-27,43.01576614379883,43.14391661165557,42.24686605251621,43.14391661165557,37967
2011-04-28,43.01576614379883,43.14391661165557,42.8021829359902,43.10120159960855,20633
2011-04-29,43.464298248291016,43.65652397425452,42.93033880367845,42.93033880367845,23667
2011-05-02,43.18663024902344,43.656514348039224,42.95168955744434,43.42157365646012,27000
2011-05-03,42.011924743652344,42.86626033387284,41.60611581357275,42.7167523524452,54333
2011-05-04,41.17893981933594,41.9051247666931,40.79448848558379,41.9051247666931,64000
2011-05-05,39.87608337402344,40.70906137876599,39.68386039647903,40.623628642539835,49267
2011-05-06,40.23918151855469,41.02944188097313,40.00423807422141,40.32461426383133,40300
2011-05-09,41.13623046875,41.15759069109818,40.303255125334196,40.666346314958496,24000
2011-05-10,41.093505859375,41.45659696420816,40.943995201283926,41.45659696420816,18733
2011-05-11,39.512996673583984,40.879931471112336,39.42756392770297,40.73042348685605,71500
2011-05-12,39.38484191894531,39.577067613192014,38.65865686818811,39.12854099328304,51000
2011-05-13,39.17125701904297,39.91879954253442,38.893598600248225,39.61978361948089,32233
2011-05-16,39.14990234375,39.7052192214666,38.82952617742973,38.82952617742973,13767
2011-05-17,39.36348342895508,39.49163388858012,38.658655901017354,39.08582500505338,14000
2011-05-18,40.58091354370117,40.70906401426571,39.40620180214562,39.40620180214562,107600
2011-05-19,40.324607849121094,40.62362648380942,40.11102466197662,40.62362648380942,8267
2011-05-20,40.324607849121094,40.47411580853647,39.534347612414734,40.43140080062212,18867
2011-05-23,39.36348342895508,39.51299139323174,39.000389554731576,39.171257739517515,53233
2011-05-24,39.577064514160156,40.046948602461406,39.40619633847901,39.833365419753115,37100
2011-05-25,40.260536193847656,40.38868666067708,39.726576820677636,39.726576820677636,13533
2011-05-26,40.23918151855469,40.281899249122006,39.72657961517883,40.153748773278046,35567
2011-05-27,40.70906448364258,41.20030614923205,40.58091401160047,40.58091401160047,25067
2011-05-31,41.30710220336914,41.77698639737404,41.05080124011954,41.62747840743115,22000
2011-06-01,40.153743743896484,41.285737661493734,40.089668514000124,40.96536151201193,20300
2011-06-02,40.21781539916992,40.49547379875621,39.76928882976115,40.089664950767414,28400
2011-06-03,39.897438049316406,40.217814160455035,39.12853538258369,39.1498956005645,37800
2011-06-06,38.76544952392578,39.72657527181627,38.76544952392578,39.68386026177705,28933
2011-06-07,39.14990234375,39.7052192214666,39.000391655562,39.36348554934425,19833
2011-06-08,38.274208068847656,38.786809954848415,38.01790984170518,38.786809954848415,29267
2011-06-09,39.0858268737793,39.107184379452036,38.23149134071842,38.658657749319964,12233
2011-06-10,37.91111755371094,38.65866017357026,37.80432458693476,38.5732274296641,21700
2011-06-13,37.88975143432617,38.274200052447384,37.39850715784557,37.932466438641114,19867
2011-06-14,38.808162689208984,39.04310609668747,38.33827859010961,38.55186449358371,15500
2011-06-15,37.334434509277344,38.551863817469915,37.09949382177678,38.551863817469915,78867
2011-06-16,36.50146484375,37.056781749669035,36.095655917754094,36.94999149937734,66133
2011-06-17,36.97133255004883,37.526649208792286,36.77910692605531,37.526649208792286,22933
2011-06-20,36.94999313354492,36.99270814920756,36.54418418960153,36.56554169743284,37167
2011-06-21,38.188777923583984,38.27421067177486,37.612103478472946,37.676176002722535,15600
2011-06-22,37.91111755371094,38.44507695587588,37.91111755371094,37.953835283592994,6367
2011-06-23,37.54802703857422,37.56938454597497,36.52282322961017,37.0781428647517,24733
2011-06-24,37.20628356933594,37.99654378359735,37.1422083434267,37.99654378359735,15533
2011-06-27,37.313087463378906,37.377162708084235,36.77912799612056,36.99271123985224,11700
2011-06-28,38.38099670410156,38.42371442840211,37.46258600057195,37.46258600057195,11300
2011-06-29,39.85472869873047,39.918803934414036,38.76545240796775,38.979035621627,28833
2011-06-30,40.79449462890625,40.83721235548633,40.15374502535162,40.34596800531758,18867
2011-07-01,41.0507926940918,41.1148679215649,40.51683337043511,40.687701548982574,12033
2011-07-05,41.392520904541016,41.64882178080621,41.32844568547472,41.43523862253762,20233
2011-07-06,41.07215118408203,41.22166186234732,40.62362729685906,41.11486890870892,12833
2011-07-07,41.947845458984375,42.11871364688477,41.71290475596126,41.88377294386166,98800
2011-07-08,41.7556266784668,41.7556266784668,41.09351679707753,41.28574250933809,25600
2011-07-11,40.111026763916016,40.85856931602395,40.00423380681872,40.79449408493712,24800
2011-07-12,40.111026763916016,40.6236286126107,39.641142641231795,39.812008113558214,26100
2011-07-13,41.49932098388672,41.86241214384778,40.73041822275835,40.77313594810693,32867
2011-07-14,40.944007873535156,42.03328695688317,40.815860108999374,42.011926732912116,108767
2011-07-15,41.477962493896484,41.49932271539083,40.94400312612004,41.3498147442193,12033
2011-07-18,40.85857009887695,41.2216639872785,40.51683643181876,41.2216639872785,33400
2011-07-19,41.905128479003906,42.0119187150461,41.73426029913578,41.99056121100918,35600
2011-07-20,42.588600158691406,42.588600158691406,41.79833983753905,41.969208035027876,184867
2011-07-21,42.52451705932617,42.71674272750282,42.14006572297288,42.268216168423976,35600
2011-07-22,42.588600158691406,42.67403289950689,42.2255089733322,42.37501694872376,17800
2011-07-25,42.4177360534668,42.69539450702022,41.90513416022482,42.18279261377824,14467
2011-07-26,42.674034118652344,42.88762005057974,42.353660652477124,42.652676611802775,21533
2011-07-27,41.648826599121094,42.674027506929214,41.49931864262236,42.652670003388685,25500
2011-07-28,41.69154357910156,42.05463471210772,41.43524267775253,41.477957684072386,50067
2011-07-29,41.45660400390625,41.584754466398394,40.730418955070036,41.09351283741701,18633
2011-08-01,41.22166061401367,42.20414380796041,40.837209251587105,42.20414380796041,15167
2011-08-02,39.662506103515625,40.8799329611622,39.55571584623642,40.66634973074566,49567
2011-08-03,38.914955139160156,39.87608082897013,38.50914627316416,39.87608082897013,379033
2011-08-04,35.36946487426758,38.017903918141414,35.305389648501034,37.99654369898091,116200
2011-08-05,34.79278564453125,36.41602368945899,33.554001645774555,36.41602368945899,187867
2011-08-08,31.375452041625977,33.12683810542893,31.268659082379894,33.10548059992283,61867
2011-08-09,33.72488021850586,33.72488021850586,31.845343271062664,32.82782948117465,86000
2011-08-10,32.42201614379883,33.383141998917864,32.20843292220104,33.23363401538521,31933
2011-08-11,34.42969512939453,34.68599602071725,32.61423410366844,32.97732522247071,199833
2011-08-12,34.493770599365234,35.09180511145057,34.408337873598015,35.04908739063826,29300
2011-08-15,35.7111930847168,35.79662580081593,35.305384288424555,35.305384288424555,15267
2011-08-16,34.55785369873047,35.305396330245124,34.45106073028923,35.305396330245124,15200
2011-08-17,35.19860076904297,35.79663537337452,35.11316803009783,35.241318496444435,12133
2011-08-18,33.2763557434082,34.08797371249113,32.84918653304043,34.08797371249113,28333
2011-08-19,32.357940673828125,33.68216044044508,32.357940673828125,32.50744865628927,8167
2011-08-22,32.016197204589844,33.404489069134605,31.994836988003424,32.99868026013581,21233
2011-08-23,33.639442443847656,33.639442443847656,32.14435719935317,32.37929792481009,14467
2011-08-24,33.53263854980469,33.76758191456107,32.78509617115116,33.63943148212252,15300
2011-08-25,33.21227264404297,33.95981519059458,33.062761962046494,33.95981519059458,12733
2011-08-26,34.06660842895508,34.06660842895508,32.42201522498631,32.91325689232564,8367
2011-08-29,35.39082336425781,35.41218358401384,34.57920562582555,34.57920562582555,10733
2011-08-30,35.43354797363281,35.647131201695245,34.750080557489774,35.070454041654386,97167
2011-08-31,36.373313903808594,36.67232985981655,36.03158021871754,36.24516343241721,40000
2011-09-01,35.83935546875,36.58689809459155,35.81799796156704,36.458747619777796,15900
2011-09-02,34.70735168457031,35.262668442449126,34.53648352745371,35.262668442449126,10033
2011-09-06,33.93846130371094,33.959821528472695,32.99869288993982,33.74623829186257,15933
2011-09-07,35.26267623901367,35.26267623901367,34.451058423940175,34.4937761516285,11533
2011-09-08,34.68600082397461,35.45490088856135,34.66464060283488,35.006374266635405,13333
2011-09-09,33.34042739868164,34.087970041498146,33.06276621970815,34.087970041498146,18200
2011-09-12,32.4433708190918,32.57152128403531,31.695828250826473,32.550163778497314,9833
2011-09-13,32.89189147949219,32.89189147949219,32.3365719935246,32.63559059610058,15833
2011-09-14,32.65694808959961,33.105474635422794,32.16570654046002,33.105474635422794,11733
2011-09-15,33.40449523925781,33.703513883984726,33.02004657583416,33.36178022990944,9533
2011-09-16,33.38313674926758,33.660795165267444,33.148196057212914,33.59671993727843,14033
2011-09-19,31.503602981567383,32.57152172670526,31.332734787367887,32.229788054164075,13900
2011-09-20,30.649263381958008,31.781257210475136,30.649263381958008,31.781257210475136,23433
2011-09-21,28.620223999023438,30.6279110988071,28.598863776526734,30.6279110988071,48267
2011-09-22,25.736845016479492,27.125137329651036,25.459183837987144,26.740688613004014,29900
2011-09-23,25.779560089111328,25.950428298113177,25.35239364039378,25.736845073754402,77433
2011-09-26,25.90770721435547,26.035857675559253,24.79707350506629,25.672766512720333,36900
2011-09-27,27.360076904296875,28.38527786333859,27.360076904296875,27.70181055731078,66600
2011-09-28,25.843631744384766,27.509585008745844,25.80091673495094,27.3173593187206,19600
2011-09-29,25.651411056518555,26.697972445455015,25.331037559859652,26.527104226826495,20400
2011-09-30,24.711637496948242,25.224239330214644,24.60484725892283,24.967938413581443,26000
2011-10-03,23.152477264404297,24.391261409975197,23.152477264404297,24.156320713066638,68800
2011-10-04,24.006816864013672,24.028174372158773,21.999128264701778,22.72531341607444,58033
2011-10-05,25.373750686645508,25.459183431663796,24.02817341021097,24.284474361123834,31500
2011-10-06,26.996986389160156,27.210572325238733,26.014503032973867,26.014503032973867,55667
2011-10-07,26.762041091918945,28.086260633370472,26.697965865208143,27.68045176948791,76200
2011-10-10,27.95810890197754,28.107616852182854,27.46686733022118,27.46686733022118,33133
2011-10-11,28.08626365661621,28.10762116253292,27.530944060061362,27.680454749051794,13133
2011-10-12,29.1755428314209,29.837652739668343,28.940602095255272,28.98331711136279,44667
2011-10-13,28.727012634277344,28.91923833080153,28.128978039265807,28.91923833080153,16867
2011-10-14,29.70949935913086,29.859007332627094,29.196897489020547,29.752217086925995,14867
2011-10-17,28.19304847717285,29.709493570195942,28.128973255894206,29.709493570195942,30667
2011-10-18,29.090106964111328,29.175539703023784,27.33872087918807,27.894037755905735,20200
2011-10-19,27.787250518798828,29.090112955892998,27.659100026105687,29.090112955892998,20867
2011-10-20,27.445510864257812,27.82996225951405,26.804761254688522,27.53094360236216,15567
2011-10-21,28.64158058166504,28.791088555029166,28.32120441312918,28.534790336058304,18700
2011-10-24,30.627901077270508,30.691976292079197,29.538625141379796,29.538625141379796,52367
2011-10-25,29.645421981811523,30.457039740229096,29.645421981811523,30.457039740229096,17433
2011-10-26,30.649263381958008,30.798771334665044,29.730852731001995,30.3288872576876,47500
2011-10-27,33.297706604003906,33.596722547276975,32.46472857543589,32.72102950730297,48400
2011-10-28,33.639442443847656,33.639442443847656,32.422015654828606,32.74239184032256,18467
2011-10-31,31.589033126831055,32.25114291171657,31.589033126831055,31.63175085083765,31933
2011-11-01,29.94444465637207,30.457043842604264,28.940601075350777,29.517275499344244,31900
2011-11-02,31.119155883789062,31.524964845776623,30.7774221640026,30.7774221640026,50667
2011-11-03,32.144351959228516,32.20842718588186,30.99099787946836,31.759900599308466,16233
2011-11-04,31.994844436645508,32.14435512412899,31.35409482288206,31.781261232057695,7833
2011-11-07,31.994844436645508,32.20843035709112,31.418170055844186,32.03756216390619,7033
2011-11-08,32.63560104370117,32.63560104370117,32.10164160431853,32.61424353520047,14100
2011-11-09,30.30753517150879,31.52496194546773,30.26481744201871,31.332736236549273,21233
2011-11-10,30.328886032104492,30.94828075261683,29.92307719637977,30.820130308087197,8633
2011-11-11,31.14051055908203,31.26865830478967,30.73469895355331,30.73469895355331,16067
2011-11-14,30.627901077270508,31.07642758093134,30.32888250287761,30.884201936505267,10567
2011-11-15,30.691984176635742,30.84149214431123,30.264815062888697,30.563833714097402,6567
2011-11-16,29.730854034423828,30.54247449011002,29.730854034423828,30.115305400402935,10600
2011-11-17,28.598865509033203,29.752219822839994,28.449357521788723,29.53863659593958,7933
2011-11-18,28.428001403808594,28.983318364072836,28.299850918230966,28.833810369518343,6267
2011-11-21,27.082426071166992,27.63774307346721,26.783407343564896,27.63774307346721,49833
2011-11-22,27.296003341674805,27.50958654837054,26.95426966779007,27.33872106935708,12733
2011-11-23,26.16400718688965,26.783399249649356,25.993139006202004,26.783399249649356,18300
2011-11-25,26.249448776245117,26.527107287173102,26.01450800386702,26.01450800386702,8433
2011-11-28,27.616374969482422,28.10761653570769,27.445506802702074,27.723165197344937,45633
2011-11-29,28.23576545715332,28.257122958401087,27.530938041547554,27.74452391745412,24133
2011-11-30,30.200733184814453,30.35024383544223,29.880359814836513,29.880359814836513,58933
2011-12-01,30.200733184814453,30.71333492215056,29.858999598542756,30.264808401981465,11700
2011-12-02,29.923084259033203,30.77741985225784,29.9230842590332,30.649269377481243,12833
2011-12-05,30.585189819335938,31.225942102700103,30.499757086839914,30.542474811016724,29167
2011-12-06,31.653108596801758,31.90940951108479,30.691982884098014,30.691982884098014,13400
2011-12-07,31.823974609375,31.99484006334694,31.290015312962186,31.524955991137965,21567
2011-12-08,30.499755859375,31.610392200556046,30.435680633617295,31.610392200556046,7300
2011-12-09,31.311376571655273,31.50360226732493,30.563834010178432,30.563834010178432,76600
2011-12-12,29.98715591430664,30.64926571627408,29.77357272047855,30.64926571627408,13567
2011-12-13,29.090106964111328,30.392966416993037,28.876523758901286,30.07259296710688,30633
2011-12-14,28.214412689208984,28.833804772019622,28.000829493328524,28.833804772019622,15100
2011-12-15,28.15033531188965,28.812445069721676,28.000827357761768,28.64157689653447,32967
2011-12-16,28.4920711517334,28.769729578317456,28.321202965296763,28.641579117454402,13533
2011-12-19,27.91539192199707,28.53478667361972,27.872676915579977,28.406636222653482,3533
2011-12-20,29.06874656677246,29.132819077689923,28.53478724893336,28.53478724893336,7867
2011-12-21,29.260974884033203,29.260974884033203,28.897883676458623,29.068751884401856,4333
2011-12-22,29.62407112121582,29.688146364716793,29.303694903710948,29.303694903710948,6133
2011-12-23,29.901723861694336,30.115307060392034,29.666780442026457,30.115307060392034,8000
2011-12-27,29.559988021850586,29.85900393481648,29.45319507244418,29.624063248322923,17500
2011-12-28,28.63666534423828,29.870806527587376,28.49953822318865,29.80224296706256,23167
2011-12-29,29.230884552001953,29.230884552001953,28.453831738505443,28.453831738505443,30033
2011-12-30,29.345165252685547,29.45943595802929,29.0480573502537,29.0480573502537,32433
2012-01-03,30.87640380859375,31.082094492371287,30.51073245057734,30.625006021375178,125233
2012-01-04,31.104949951171875,31.104949951171875,30.647858588758837,31.059239943101314,10400
2012-01-05,30.739280700683594,30.762137161486834,30.419319310418278,30.62501002105941,6867
2012-01-06,30.442171096801758,30.64786179549475,30.327900423815322,30.64786179549475,4433
2012-01-09,30.28218650817871,30.487877180362187,30.16791294382207,30.487877180362187,9267
2012-01-10,31.242074966430664,31.470622106561958,30.967823629248805,31.059240741642757,31033
2012-01-11,31.242074966430664,31.402058545742094,31.059240741642757,31.264931424102357,10067
2012-01-12,32.06483840942383,32.06483840942383,31.653457035355085,31.744874149782248,11333
2012-01-13,31.79058837890625,31.81344193402147,31.10495557056714,31.53919055434466,5367
2012-01-17,32.33910369873047,32.910465944622885,32.29339367286355,32.613358041734614,25833
2012-01-18,33.29899215698242,33.390412211911475,32.52193912667805,32.6133591816071,17867
2012-01-19,33.66465377807617,33.77892736014966,33.527526642027155,33.71036379212515,13267
2012-01-20,33.527523040771484,33.596086601431445,33.27612525575,33.596086601431445,9267
2012-01-23,33.82463836669922,34.00747261606413,33.55038408655386,33.87034547599145,9500
2012-01-24,33.481815338134766,33.50466888924629,33.138997540974145,33.43610532981417,6800
2012-01-25,34.464561462402344,34.464561462402344,33.07043661176793,33.27612730642372,11367
2012-01-26,34.715965270996094,35.6529988825295,34.62454813736067,34.967366021116376,15700
2012-01-27,34.78452682495117,34.87594395327049,34.57883610665911,34.67025323497843,6233
2012-01-30,33.80178451538086,34.03032879777912,33.41325952591364,34.03032879777912,14433
2012-01-31,34.1903076171875,34.57883255218037,33.801779776096815,34.25887118290363,40800
2012-02-01,34.921653747558594,35.08163444762071,34.57883588592685,34.76167304749648,9467
2012-02-02,35.33303451538086,35.652995909472835,35.10449024730116,35.10449024730116,19267
2012-02-03,36.064369201660156,36.15578630705407,35.698697873987115,35.83582498512668,22700
2012-02-06,35.63014221191406,35.79012290831986,35.35588792887668,35.584432196041824,22500
2012-02-07,34.921653747558594,35.3558887369261,34.7845266029059,35.2187615922734,16033
2012-02-08,34.96736145019531,35.561577100297356,34.898797882406775,35.33303284303487,29533
2012-02-09,35.35588836669922,35.37874192186933,35.01307050865727,35.08163408026566,19233
2012-02-10,34.23601531982422,34.69310673459134,34.16745175291404,34.69310673459134,8000
2012-02-13,34.48741912841797,34.99021769550943,34.44170911101033,34.73881695891463,19233
2012-02-14,33.82463836669922,34.327436911599705,33.52752762580975,34.327436911599705,24767
2012-02-15,33.64179992675781,34.030324871397454,33.573236359339305,34.030324871397454,13533
2012-02-16,34.00747299194336,34.12174657863297,33.184713048511455,33.43611087069136,22200
2012-02-17,34.00747299194336,34.373144400812876,33.87034585035504,34.373144400812876,3467
2012-02-21,34.76166534423828,34.967356015635836,34.350284001443164,34.39599400823066,17867
2012-02-22,34.67025375366211,34.67025375366211,34.441709476395616,34.533129512180736,10933
2012-02-23,34.85308837890625,34.89879839346729,34.44170696615073,34.73881479555262,4267
2012-02-24,35.15019989013672,35.264473485459995,34.967365624937365,34.967365624937365,16500
2012-02-27,34.693111419677734,34.8988021481855,34.44171067169105,34.578837824029556,11133
2012-02-28,35.08162307739258,35.08162307739258,34.73880532687075,34.73880532687075,9733
2012-02-29,34.67025375366211,35.42445306534951,34.533129512180736,35.37874304745695,20300
2012-03-01,34.921653747558594,35.150198019947055,34.87594373064166,35.150198019947055,2400
2012-03-02,34.327430725097656,34.80737272275871,34.281720717945305,34.80737272275871,3567
2012-03-05,33.09328842163086,34.28172251501312,33.07043486990542,34.28172251501312,48300
2012-03-06,31.79058837890625,32.3619505055712,31.53919055434466,32.3619505055712,20700
2012-03-07,32.133399963378906,32.201963521438365,31.836292180487092,31.927709289200536,9733
2012-03-08,33.001869201660156,33.07043275855671,32.590487860280795,32.727614974073916,10033
2012-03-09,33.09328842163086,33.43610622800051,33.04758131817999,33.13899843117935,33600
2012-03-12,32.52192687988281,33.3903996380751,32.4305097654775,33.16185249291532,3900
2012-03-13,33.230411529541016,33.253267984602736,32.88759376458791,32.95615731757853,12467
2012-03-14,32.45336151123047,33.09328708864532,32.38479795271825,33.09328708864532,8333
2012-03-15,32.59048843383789,32.70476199937573,32.38479775952828,32.38479775952828,10233
2012-03-16,32.75047302246094,32.88759723682232,32.68190946223146,32.68190946223146,6333
2012-03-19,33.04758834838867,33.18471550010757,32.72762402567849,32.773334044950865,5933
2012-03-20,32.270538330078125,32.43051905262562,31.790593256337154,32.43051905262562,11433
2012-03-21,32.133399963378906,32.59048841304362,31.996272847259995,32.59048841304362,1900
2012-03-22,31.264942169189453,31.584903625580953,31.150668559850427,31.56205006615259,7200
2012-03-23,31.67631721496582,31.74487787926766,31.264935792566728,31.356352917733858,2600
2012-03-26,32.041988372802734,32.33909620686122,31.90486123306836,32.0876954819822,7433
2012-03-27,31.973421096801758,32.36194601028209,31.950564638763392,32.36194601028209,4033
2012-03-28,30.944976806640625,31.882010492202948,30.67072247796901,31.882010492202948,14600
2012-03-29,30.85355567932129,30.85355567932129,30.236483519539537,30.602154941821937,3333
2012-03-30,31.173511505126953,31.356348636596145,30.99067727975538,31.219221514518658,7967
2012-04-02,31.83629608154297,31.882003188451662,31.127806863479794,31.127806863479794,9000
2012-04-03,31.356353759765625,31.74487873173273,31.12780948766156,31.74487873173273,1633
2012-04-04,30.442171096801758,30.670715348872474,30.305043964339767,30.670715348872474,6467
2012-04-05,30.739280700683594,31.219225692179567,30.510736435337225,30.510736435337225,8067
2012-04-09,30.236478805541992,30.373605930781448,29.916517450715045,30.053644575954504,9533
2012-04-10,29.779394149780273,30.259339149753472,29.459429847765456,29.9850848640545,20800
2012-04-11,30.053647994995117,30.442172956642167,30.053647994995114,30.442172956642167,3067
2012-04-12,31.356353759765625,31.447770887387634,30.442173765251265,30.465030226730338,13167
2012-04-13,30.7164306640625,31.19637571052863,30.556449950606567,31.19637571052863,2967
2012-04-16,30.350759506225586,30.92212169353699,30.1222152125207,30.92212169353699,4100
2012-04-17,30.922107696533203,31.10494479239426,30.762127053965436,30.762127053965436,3467
2012-04-18,30.944976806640625,31.104960435764735,30.739286060136916,31.104960435764735,7833
2012-04-19,30.87640380859375,31.287785176148823,30.739276686075392,31.03638738893025,12567
2012-04-20,31.104949951171875,31.356347730316145,31.08209349408783,31.2420741631885,2233
2012-04-23,30.099355697631836,30.32790287426667,29.710830728329142,30.32790287426667,3000
2012-04-24,30.236478805541992,30.373605930781448,30.19077170119396,30.213625253367976,4600
2012-04-25,30.87640380859375,30.967823827671072,30.556442460116,30.602149563557035,18200
2012-04-26,31.104949951171875,31.310637722245584,30.94496637597367,30.94496637597367,6467
2012-04-27,31.539196014404297,31.699176740102782,31.356358823535626,31.470632431090866,17933
2012-04-30,31.150663375854492,31.424917667748726,30.92211910130867,31.424917667748726,3667
2012-05-01,31.447769165039062,31.744876993111994,31.150661336966127,31.17351489109545,4233
2012-05-02,30.99068260192871,31.082099730313985,30.85355545630174,30.85355545630174,2500
2012-05-03,30.327898025512695,30.83069650274655,30.25933446470364,30.83069650274655,6000
2012-05-04,29.345165252685547,29.939381057549237,29.253748107190823,29.939381057549237,13867
2012-05-07,29.0937557220459,29.18517574615112,28.796647908948383,29.0937557220459,7667
2012-05-08,28.248146057128906,28.705234614142743,27.76820103799566,28.705234614142743,15133
2012-05-09,27.813901901245117,28.11101259326191,27.288249888164675,27.768194799471395,13700
2012-05-10,27.882469177246094,28.362414152538257,27.882469177246094,28.1110163409743,2933
2012-05-11,27.562503814697266,27.85961159729109,27.448230249346956,27.448230249346956,8333
2012-05-14,26.465496063232422,27.1968389176735,26.419786045043036,27.1968389176735,22500
2012-05-15,25.437042236328125,26.282658676100095,25.437042236328125,26.23694865829415,8000
2012-05-16,25.50560760498047,26.214096947293676,25.50560760498047,25.68844478297351,12400
2012-05-17,25.139928817749023,25.505600160911854,24.957091693118855,25.345619493171398,3967
2012-05-18,24.957096099853516,25.437041093917433,24.957096099853516,25.391333984262406,11300
2012-05-21,25.711292266845703,25.757002277070814,25.254203788985293,25.254203788985293,5167
2012-05-22,25.45989227294922,26.1683814674695,25.45989227294922,25.825566552654575,19733
2012-05-23,25.414182662963867,25.505599770832077,24.5000028659894,25.00280131841074,11333
2012-05-24,25.345623016357422,25.505603706336103,25.048515190369034,25.27705944835257,3500
2012-05-25,25.071365356445312,25.277056032664895,24.957091789846373,25.11707536430439,4333
2012-05-29,25.985553741455078,26.191244485515227,25.688445857623243,25.688445857623243,4400
2012-05-30,25.139928817749023,25.254202383905067,25.139928817749023,25.231345927015354,5133
2012-05-31,24.84282875061035,25.07137304782337,24.45430082985965,25.07137304782337,8300
2012-06-01,24.317171096801758,24.454296780594085,24.225752521224575,24.38573321217344,3600
2012-06-04,24.317171096801758,24.317171096801758,23.997208261855064,24.15718895280393,1767
2012-06-05,24.774259567260742,24.797113119983383,24.522858862920707,24.522858862920707,5600
2012-06-06,25.871274948120117,25.962694975654006,25.322769313406255,25.322769313406255,7467
2012-06-07,25.848421096801758,26.876871692889694,25.848421096801758,26.55691031849713,6233
2012-06-08,25.68844223022461,25.68844223022461,25.162787212042236,25.437041498729027,3967
2012-06-11,25.048519134521484,26.374077783207866,25.025662670855603,26.099823468004235,9033
2012-06-12,25.185646057128906,25.43704390632099,25.185646057128906,25.277063192644363,2433
2012-06-13,25.071365356445312,25.437036701025395,24.979948246824673,24.979948246824673,3800
2012-06-14,25.277057647705078,25.39133122160536,24.97994984288159,24.97994984288159,6967
2012-06-15,25.68844223022461,25.734149340607033,25.45989505392024,25.505605070400726,2400
2012-06-18,26.054105758666992,26.122669309588375,25.071362497492927,25.66557800141344,11333
2012-06-19,26.80830955505371,27.014000266454904,26.259803897415217,26.259803897415217,16267
2012-06-20,26.442638397216797,26.96829341111924,26.4426383972168,26.96829341111924,12333
2012-06-21,25.16278648376465,26.419784292665586,25.13993292923488,26.419784292665586,5500
2012-06-22,25.254199981689453,25.528451283401267,25.048509325832665,25.528451283401267,4800
2012-06-25,24.522865295410156,24.934246788911917,24.317176001708532,24.934246788911917,6500
2012-06-26,24.47715187072754,24.614278999893347,24.157187600641407,24.50000542355592,5500
2012-06-27,24.500011444091797,24.63713860695469,24.500011444091797,24.63713860695469,2100
2012-06-28,24.042919158935547,24.294318449885523,23.814374877362514,24.294318449885523,6533
2012-06-29,25.45989227294922,25.482748731741896,25.07136734664669,25.07136734664669,5700
2012-07-02,25.345623016357422,25.551313720371976,25.185642326378737,25.185642326378737,1800
2012-07-03,26.351221084594727,26.351221084594727,25.665585378312915,25.665585378312915,5567
2012-07-05,26.374074935913086,26.511202078710916,26.054113540116855,26.054113540116855,5600
2012-07-06,25.551315307617188,25.711296007533853,25.368478146213786,25.391334607700518,5100
2012-07-09,25.185646057128906,25.57417106264334,25.048518900806556,25.391336791612435,3267
2012-07-10,24.682846069335938,25.208498201713393,24.568572476772143,25.048517497002624,6433
2012-07-11,24.614274978637695,24.68283853201931,24.454291416682402,24.659982076827244,2767
2012-07-12,24.020065307617188,24.408591743959132,23.65439242732242,24.408591743959132,17667
2012-07-13,24.774259567260742,24.819969578803775,24.431441745932396,24.454295298655037,6667
2012-07-16,24.614274978637695,24.63712852773247,24.36287431420601,24.59141852344563,5200
2012-07-17,24.454294204711914,24.63713133660721,24.134332856517172,24.61427778490691,9133
2012-07-18,24.728551864624023,24.842825451102453,24.3400269015738,24.3400269015738,2767
2012-07-19,25.437042236328125,25.437042236328125,25.025660794369088,25.025660794369088,10700
2012-07-20,24.888534545898438,25.117081737083982,24.819973875860683,25.117081737083982,4533
2012-07-23,24.020065307617188,24.111482437904066,23.677247436418686,24.08862888185689,15333
2012-07-24,23.72295379638672,24.065771635718473,23.540118099759436,24.02006307482389,7033
2012-07-25,23.74581527709961,24.27146895636583,23.631543117185046,24.065778196690005,10100
2012-07-26,24.500011444091797,24.56857502552324,24.20290355992169,24.248612129859577,7600
2012-07-27,25.299911499023438,25.414185074274126,24.682842329743384,24.682842329743384,12000
2012-07-30,25.322769165039062,25.482749853139193,25.23134913804081,25.414186285939444,4500
2012-07-31,25.071365356445312,25.391329599263834,25.048511805564534,25.391329599263834,3500
2012-08-01,25.139928817749023,25.391329500853317,25.139928817749023,25.391329500853317,1467
2012-08-02,24.70570182800293,25.18564689102207,24.40859394816675,24.40859394816675,12367
2012-08-03,25.57416343688965,25.73414410286293,25.368472763739366,25.437036321456127,6067
2012-08-06,26.00840187072754,26.14552900480959,25.52845690144038,25.52845690144038,11567
2012-08-07,26.305511474609375,26.442638617981117,26.28265791941344,26.328367935903376,6900
2012-08-08,26.511199951171875,26.67118063623145,26.214092134319003,26.214092134319003,10567
2012-08-09,26.69403648376465,26.73974358924959,26.214091533488507,26.51119934353163,10300
2012-08-10,26.899721145629883,26.899721145629883,26.39692275534227,26.39692275534227,9733
2012-08-13,26.396936416625977,26.76260789825517,26.35122639163535,26.76260789825517,9900
2012-08-14,26.14552879333496,26.53405663879083,26.099818780311374,26.465493072304373,2267
2012-08-15,25.9169864654541,25.9626964818729,25.779859322295767,25.848422893874936,1633
2012-08-16,26.5340576171875,26.556911171493056,26.00840261937612,26.122676203099797,7033
2012-08-17,26.716896057128906,26.716896057128906,26.488351759908753,26.511205317801245,2500
2012-08-20,26.48834800720215,26.57976513191911,26.37407442173245,26.419784437139928,5600
2012-08-21,26.80830955505371,27.28825454832316,26.44263814792871,26.739745984586648,26200
2012-08-22,26.876873016357422,26.876873016357422,26.39693093113533,26.465494501323914,7000
2012-08-23,26.78545379638672,27.082561608598958,26.739743784470306,27.082561608598958,8000
2012-08-24,26.739742279052734,26.739742279052734,26.30550736163598,26.442634483567335,8100
2012-08-27,26.511199951171875,26.785454214758474,26.511199951171875,26.625473529698898,5367
2012-08-28,26.5340576171875,26.67118184911878,26.511201156783994,26.648328294813226,3133
2012-08-29,26.0312557220459,26.305509993346124,25.962695060318747,26.305509993346124,4700
2012-08-30,25.437042236328125,25.894133696093103,25.368478662668284,25.894133696093103,8100
2012-08-31,26.054105758666992,26.099812855216456,25.66557800141344,25.939832205098963,3700
2012-09-04,26.07697105407715,26.145534635885003,25.848426750083796,26.145534635885003,2167
2012-09-05,25.848421096801758,26.16838247119432,25.82556754323025,26.16838247119432,5933
2012-09-06,26.854019165039062,26.89972918002589,26.282657055144615,26.282657055144615,13900
2012-09-07,28.659528732299805,28.659528732299805,27.699641461595377,27.699641461595377,20467
2012-09-10,28.4766845703125,28.93377303478527,28.453828112820556,28.56810168198754,18533
2012-09-11,28.63666534423828,28.84235602581273,28.568101783713466,28.568101783713466,3400
2012-09-12,28.865209579467773,29.139463821587743,28.613811794922864,28.796646018937782,5500
2012-09-13,29.779394149780273,29.80224770488917,28.339562055958734,28.933777737574466,13733
2012-09-14,30.99068260192871,31.424917594381405,30.41932046384905,30.487884036662532,35367
2012-09-17,30.190771102905273,31.08209449320076,30.190771102905273,31.08209449320076,11933
2012-09-18,30.053647994995117,30.305045815802497,29.779393713315777,29.98508442457528,9300
2012-09-19,30.487878799438477,30.487878799438477,30.190771003650084,30.190771003650084,6100
2012-09-20,29.779394149780273,29.939374847738655,29.345159166122922,29.939374847738655,10933
2012-09-21,29.66512107849121,30.510737505418682,29.66512107849121,30.327903249168372,5433
2012-09-24,29.345165252685547,29.527999543674994,29.185184521545118,29.48229242397696,8433
2012-09-25,28.819503784179688,29.436572950851154,28.79664732556753,29.208028707413657,12533
2012-09-26,28.408119201660156,28.705226975264264,28.133864977995625,28.590953413371576,14267
2012-09-27,29.16231918334961,29.18517564234351,28.499539994481964,28.499539994481964,9800
2012-09-28,28.933773040771484,29.093753712760293,28.796645920181767,29.04804660996211,3967
2012-10-01,29.16231918334961,29.665117689748815,29.093755618563453,29.345156324811946,2633
2012-10-02,29.070903778076172,29.11661379265873,28.956630194668755,29.11661379265873,4433
2012-10-03,29.0937557220459,29.299446417135975,28.979485051061044,29.299446417135975,1133
2012-10-04,29.345165252685547,29.43658239818027,28.95663729866032,29.413728838331256,13033
2012-10-05,29.619421005249023,29.939382482761093,29.482293827429913,29.528000949303753,6467
2012-10-08,29.345165252685547,29.48229242397696,29.162328055597442,29.162328055597442,5367
2012-10-09,29.116615295410156,29.50514026807142,29.09375883389025,29.32230601250074,4033
2012-10-10,28.865209579467773,28.9109195885203,28.81950247651284,28.9109195885203,800
2012-10-11,29.299448013305664,29.482285165378894,29.162320875775226,29.162320875775226,2667
2012-10-12,29.048049926757812,29.299447739145947,29.048049926757812,29.20803061701371,3633
2012-10-15,29.025196075439453,29.070906093662952,28.819508258679146,28.95663250115329,2500
2012-10-16,29.573701858520508,29.596555412410765,29.34515760132426,29.34515760132426,4667
2012-10-17,30.30504035949707,30.30504035949707,29.939369018461672,30.076496134612132,6933
2012-10-18,30.350759506225586,30.487886663668192,30.1222152125207,30.1222152125207,3867
2012-10-19,29.893665313720703,30.55644451302256,29.756538181989587,30.55644451302256,12700
2012-10-22,29.893665313720703,30.25933669630441,29.893665313720703,29.93937242023253,5900
2012-10-23,29.368011474609375,29.710829317181048,29.116613660788765,29.710829317181048,3767
2012-10-24,29.505142211914062,29.71083294255586,29.482288654986625,29.71083294255586,3867
2012-10-25,29.573701858520508,29.61941187239892,29.505138290751844,29.550848304630254,1100
2012-10-26,29.48228645324707,29.619413596767604,29.34515930972654,29.5965571354488,2100
2012-10-31,29.550844192504883,29.642261301442726,29.025189277392933,29.162316393848442,2933
2012-11-01,30.076501846313477,30.076501846313477,29.710830435834964,29.710830435834964,3100
2012-11-02,30.145065307617188,30.305046004225485,29.98508461100889,30.213628878463318,3767
2012-11-05,30.396459579467773,30.419313129529407,29.733677566706334,29.733677566706334,3400
2012-11-06,30.7164306640625,30.784994242129088,30.327905659084042,30.442176351796135,14000
2012-11-07,29.93937873840332,30.510740939159483,29.733687997399286,30.510740939159483,6833
2012-11-08,29.48228645324707,29.93937499425013,29.413722881486805,29.93937499425013,6767
2012-11-09,29.390872955322266,29.596560789902426,29.230889330728857,29.230889330728857,6100
2012-11-12,29.322301864624023,29.413718979477675,29.299445406337348,29.368008969002005,2333
2012-11-13,28.659528732299805,29.139473820701312,28.613821613660626,29.116620261381726,8467
2012-11-14,27.813901901245117,28.56810104758425,27.813901901245117,28.56810104758425,12967
2012-11-15,27.69963264465332,27.951030435443304,27.60821553037493,27.791049758931706,3567
2012-11-16,27.768199920654297,27.83676349205732,27.425382063639198,27.6082192227466,8133
2012-11-19,28.4766845703125,28.5909552333819,28.339557449751155,28.362411001145517,9433
2012-11-20,28.408119201660156,28.54524631349242,28.17957498397218,28.17957498397218,5467
2012-11-21,28.45383071899414,28.49954073206717,28.156722899264068,28.270996478897718,3900
2012-11-23,29.16231918334961,29.18517564234351,28.316702853019628,28.316702853019628,2333
2012-11-26,29.048049926757812,29.093757034774974,28.81950566837826,28.979486358634155,3400
2012-11-27,28.819503784179688,29.09375513264605,28.819503784179688,28.84235733669412,4767
2012-11-28,29.276592254638672,29.276592254638675,28.293848811700993,28.362412375303567,2033
2012-11-29,29.642255783081055,29.985073510399037,29.459418693145814,29.596545784073005,16367
2012-11-30,29.527996063232422,29.8022503734891,29.482288948921852,29.8022503734891,2967
2012-12-03,29.687976837158203,29.75654040815318,29.50513967913892,29.710830392123853,57567
2012-12-04,29.48228645324707,29.5965571354488,29.436576436707536,29.5965571354488,16167
2012-12-05,29.687976837158203,29.779393963118828,29.368012537148967,29.550849695168253,3800
2012-12-06,29.596559524536133,29.825106719584472,29.45943236994645,29.825106719584472,14467
2012-12-07,29.573701858520508,29.710828994057838,29.5279918446421,29.642265426289175,2200
2012-12-10,30.16791343688965,30.16791343688965,29.59655141796297,29.59655141796297,9867
2012-12-11,30.213623046875,30.39646016920762,30.0764959316499,30.0764959316499,4200
2012-12-12,30.419322967529297,30.716430838808662,30.282195810616,30.716430838808662,12067
2012-12-13,30.099355697631836,30.32790287426667,30.053648587183325,30.053648587183325,6233
2012-12-14,30.647863388061523,30.647863388061527,30.099354829711185,30.099354829711185,3367
2012-12-17,30.693578720092773,30.89926946510431,30.510741533605245,30.89926946510431,7867
2012-12-18,30.647863388061523,31.013534791595756,30.647863388061527,30.922117667236694,4900
2012-12-19,30.807846069335938,30.830702531473445,30.67071892090358,30.830702531473445,3767
2012-12-20,30.602155685424805,30.967830022690876,30.419321422889976,30.967830022690876,3867
2012-12-21,30.076501846313477,30.213628988505175,30.053648291314207,30.167918972408593,5833
2012-12-24,30.053647994995117,30.12221156541495,29.733683697669886,29.916520854155447,2200
2012-12-26,30.007936477661133,30.46502789295179,29.962229370400575,29.962229370400575,3467
2012-12-27,30.21583366394043,30.49932907348188,29.97958849066267,30.333957752589487,11467
2012-12-28,30.121337890625,30.381209698670048,29.932339938954005,30.00321379532806,12433
2012-12-31,30.759201049804688,30.948195987942565,30.121336374543485,30.121336374543485,3933
2013-01-02,32.10580825805664,34.255644923828164,31.633314801522253,31.633314801522253,42133
2013-01-03,31.916797637939453,32.342040679249195,31.775049957502873,31.798676573588867,37400
2013-01-04,32.153053283691406,32.176676901274604,31.822307617423895,32.12942666208766,15800
2013-01-07,32.483795166015625,32.483795166015625,31.94043094650419,32.129425890673176,10200
2013-01-08,32.17667007446289,32.60191312486141,32.05854600356778,32.60191312486141,57267
2013-01-09,32.3892936706543,32.64916243761185,32.271169592206256,32.50741474508224,11833
2013-01-10,32.885406494140625,32.885406494140625,32.53104027865071,32.64916134914068,8767
2013-01-11,32.554664611816406,32.81453337585675,32.53104099800003,32.81453337585675,3767
2013-01-14,32.3892936706543,32.81453374422303,32.31841982438949,32.81453374422303,6133
2013-01-15,32.29479217529297,32.41291624996996,32.153047491308584,32.41291624996996,9900
2013-01-16,31.845928192138672,32.129423592131346,31.845928192138675,32.129423592131346,8567
2013-01-17,32.01130294799805,32.10580041461078,31.8931788617169,31.8931788617169,12933
2013-01-18,31.8931827545166,32.08218071483098,31.845932513432842,31.869559135985057,4200
2013-01-22,31.964046478271484,32.05854392645302,31.775048577888704,32.05854392645302,3767
2013-01-23,31.869550704956055,32.105795839835324,31.822300476372252,32.105795839835324,5833
2013-01-24,31.538818359375,31.798690219703627,31.491571114966984,31.727816349070466,24100
2013-01-25,31.231691360473633,31.420689302397722,31.137193891521775,31.420689302397722,12767
2013-01-28,30.85369110107422,31.137186444143882,30.830067490491633,31.11355982954164,9500
2013-01-29,31.137189865112305,31.184437091468418,30.806444260519587,30.806444260519587,4133
2013-01-30,30.900949478149414,31.349816221750736,30.853699240499637,31.349816221750736,3267
2013-01-31,30.97182273864746,30.99544635500908,30.7355745589497,30.7355745589497,4367
2013-02-01,31.444320678710938,31.467944300773837,31.184448819934612,31.184448819934612,11800
2013-02-04,30.900949478149414,31.255315746451178,30.80644900284986,31.255315746451178,18200
2013-02-05,31.08994483947754,31.184442312029493,30.9245735115065,30.9245735115065,9133
2013-02-06,31.208066940307617,31.278940791200863,30.99544538762788,30.99544538762788,8800
2013-02-07,30.97182273864746,31.373439236896946,30.78282479569333,31.373439236896946,4667
2013-02-08,31.160818099975586,31.160818099975586,30.948196537777687,31.08994424590962,4633
2013-02-11,30.830078125,31.06632332437511,30.7119540233021,31.06632332437511,3567
2013-02-12,30.759201049804688,30.877322135135767,30.641076960453226,30.830074902611486,6833
2013-02-13,30.830078125,31.113570561837715,30.7119540233021,30.7119540233021,10000
2013-02-14,30.711952209472656,30.87732353886643,30.64107835344382,30.735575826808763,2000
2013-02-15,30.475706100463867,30.806448749228046,30.333958392701955,30.641077424845957,4833
2013-02-19,29.932331085205078,30.570195603896263,29.908707474741583,30.570195603896263,5867
2013-02-20,28.892864227294922,29.885098405840434,28.892864227294922,29.885098405840434,11300
2013-02-21,28.23137092590332,28.680237690119515,28.11324983238466,28.6566140722199,11367
2013-02-22,28.56211280822754,28.680233886079055,28.25499380018534,28.25499380018534,36600
2013-02-25,28.136869430541992,28.9873556016714,28.065995582947878,28.821981287938353,79600
2013-02-26,28.207746505737305,28.207746505737305,27.971501321398534,28.065998794329943,4267
2013-02-27,28.420364379882812,28.514861840535144,27.924247454422883,27.971497686759104,5733
2013-02-28,28.136869430541992,28.27861712573023,28.065995582947878,28.136869430541992,4800
2013-03-01,27.806119918823242,27.876993748849888,27.475374377359085,27.876993748849888,4467
2013-03-04,27.239137649536133,27.569880288622205,27.097389945922007,27.569880288622205,8067
2013-03-05,27.499006271362305,27.80612829669195,27.499006271362305,27.758878061098084,13367
2013-03-06,27.853376388549805,27.853376388549805,27.546257357754747,27.782502534980143,14967
2013-03-07,27.947874069213867,28.042371529854744,27.569878218610135,27.569878218610135,13667
2013-03-08,28.136869430541992,28.30224074025488,28.04237196842322,28.254993511205576,4333
2013-03-11,28.089618682861328,28.302240221748384,27.971497608381924,28.302240221748384,7400
2013-03-12,28.37312126159668,28.491245370044673,28.066002184456934,28.066002184456934,4467
2013-03-13,27.9951229095459,28.420366012946463,27.92424905897914,28.420366012946463,13000
2013-03-14,28.16049575805664,28.25499623329977,27.87700334438859,27.971500815611275,19633
2013-03-15,28.27861785888672,28.562113256613138,28.089619925729025,28.562113256613138,5000
2013-03-18,27.853376388549805,28.065997949258783,27.75887891846373,28.065997949258783,5667
2013-03-19,27.239137649536133,27.80612846399264,27.097389945922007,27.758878228114487,12433
2013-03-20,27.475383758544922,27.546257612770713,27.31001243335822,27.546257612770713,1900
2013-03-21,27.1918888092041,27.35726314125484,27.073767719476994,27.12101495375964,13433
2013-03-22,27.310012817382812,27.4281369107603,27.21551534509311,27.380886672605207,4233
2013-03-25,26.790271759033203,27.522633915893703,26.6721476676607,27.522633915893703,8167
2013-03-26,26.813888549804688,26.813888549804688,26.601267041872568,26.76664132849955,4033
2013-03-27,26.813888549804688,26.837515164476923,26.530393205895194,26.790264939152117,8500
2013-03-28,27.02651596069336,27.02651596069336,26.766647174697244,26.766647174697244,8867
2013-04-01,26.43589973449707,27.168261815050474,26.43589973449707,27.168261815050474,31433
2013-04-02,26.081531524658203,26.506774621152147,26.081531524658203,26.38865053745264,15833
2013-04-03,25.420040130615234,26.152402149606853,25.39641651839611,26.152402149606853,12900
2013-04-04,25.750791549682617,25.8689126415312,25.443672505247537,25.443672505247537,2867
2013-04-05,25.987030029296875,26.057903867719382,25.325541872026708,25.514539775826655,40967
2013-04-08,26.057907104492188,26.152404566120243,25.987033257266113,25.987033257266113,2933
2013-04-09,26.93201446533203,27.050135530746985,26.152402215905894,26.152402215905894,23133
2013-04-10,26.813888549804688,27.262755176321495,26.813888549804688,27.002886447084236,30133
2013-04-11,26.743019104003906,26.97926426137098,26.69577187494259,26.97926426137098,2133
2013-04-12,26.24690818786621,26.601274462587742,26.081533855106258,26.601274462587742,8933
2013-04-15,23.955318450927734,25.585415342762538,23.908069722790632,25.585415342762538,51900
2013-04-16,24.522310256958008,24.85305439249739,24.309690207119232,24.309690207119232,21300
2013-04-17,23.081214904785156,23.97894999203065,23.057591285390792,23.97894999203065,50600
2013-04-18,23.222959518432617,23.459206194803265,22.939464107591913,23.081211813012263,19967
2013-04-19,23.97894859313965,23.97894859313965,23.577330564750923,23.69545316086283,21200
2013-04-22,23.577329635620117,24.097070239638917,23.38833318888694,24.097070239638917,22200
2013-04-23,23.411954879760742,23.671825160389393,23.341081030315646,23.624576428096034,21267
2013-04-24,24.451435089111328,24.498685321650196,23.955319663533704,23.955319663533704,14667
2013-04-25,25.254674911499023,25.44367286677095,24.80580814725136,24.80580814725136,14600
2013-04-26,24.73493194580078,25.065676083171983,24.68768321246494,25.065676083171983,16800
2013-04-29,24.73493194580078,24.90030476549146,24.569560628120257,24.569560628120257,9867
2013-04-30,24.971176147460938,24.971176147460938,24.3569381318514,24.569559676643976,3867
2013-05-01,24.593183517456055,24.711306098312143,24.333313238768618,24.52230966854038,8400
2013-05-02,24.73493194580078,24.782180679136626,24.404187808429583,24.47506165943842,26767
2013-05-03,25.7271671295166,25.821667615906332,25.16017923128223,25.16017923128223,28067
2013-05-06,25.79803466796875,25.82166128578457,25.4672920587479,25.632663363358326,27933
2013-05-07,25.656293869018555,26.081534001881554,25.490919535327947,25.561793391475202,15267
2013-05-08,26.03428840637207,26.105162266981875,25.49092114035665,25.51454776324039,6433
2013-05-09,25.845287322998047,26.199656583262627,25.774413470945134,26.199656583262627,6967
2013-05-10,25.89253807067871,25.91616168715637,25.44367133348072,25.632666273342817,7767
2013-05-13,25.63266944885254,25.727166930490434,25.561795586618924,25.727166930490434,3300
2013-05-14,25.207422256469727,25.490917660204694,25.04205093896443,25.490917660204694,32100
2013-05-15,24.758556365966797,25.04205026000531,24.56955993593775,24.829430214978952,8833
2013-05-16,24.6640625,24.92393283277738,24.475066030890126,24.734936363667504,2900
2013-05-17,24.56955909729004,24.68768167427498,24.45143501829504,24.640432943883017,14733
2013-05-20,24.73493194580078,24.853054530145464,24.47506165943842,24.6168093614561,11400
2013-05-21,24.900306701660156,24.971179056169653,24.66406001259085,24.66406001259085,12600
2013-05-22,24.80580711364746,25.396421568734304,24.80580711364746,24.80580711364746,20933
2013-05-23,24.522310256958008,24.593184107574316,24.238816356502927,24.545935374500157,11933
2013-05-24,24.380565643310547,24.40419076384461,24.286068165194955,24.30969328572902,13733
2013-05-28,24.333316802978516,24.711309717888355,24.333316802978516,24.711309717888355,8333
2013-05-29,24.333316802978516,24.333316802978516,23.97894900850441,24.21519420482048,16900
2013-05-30,24.853055953979492,24.9239298090487,24.42781432557447,24.42781432557447,14700
2013-05-31,24.19156837463379,24.54593766072146,24.19156837463379,24.54593766072146,23933
2013-06-03,24.522310256958008,24.56956049204231,24.333313822651238,24.404187673267547,2200
2013-06-04,24.404184341430664,24.522306908994175,24.30968688818383,24.47505818237076,3167
2013-06-05,24.16794204711914,24.286064628567345,24.073443080754508,24.286064628567345,8433
2013-06-06,24.16794204711914,24.2151907792964,24.02619434857725,24.2151907792964,3833
2013-06-07,24.02619171142578,24.238813235900952,23.978942984434614,24.238813235900952,4900
2013-06-10,23.64820671081543,24.00257453343671,23.55370772357682,24.00257453343671,41900
2013-06-11,23.128461837768555,23.31745827592884,23.104836719744704,23.31745827592884,29000
2013-06-12,22.91584014892578,23.341081756822174,22.821341179387602,23.317458140945252,12000
2013-06-13,23.48282814025879,23.48282814025879,22.915838860928165,23.05758655626334,5600
2013-06-14,23.24658203125,23.695448713433056,23.1757081864832,23.411953334365855,5100
2013-06-17,23.38833236694336,23.45920621972884,23.22295954310718,23.22295954310718,9633
2013-06-18,22.91584014892578,23.081211468104886,22.892215031038695,23.057587852227968,17467
2013-06-19,22.443349838256836,22.91584171420114,22.443349838256836,22.84496785770898,23700
2013-06-20,21.30936622619629,21.970854446256485,21.167618535896242,21.970854446256485,37733
2013-06-21,21.33299446105957,21.474742172084856,21.002250302670653,21.474742172084856,24300
2013-06-24,20.222639083862305,20.789628417256587,19.986392401773685,20.76600480045488,32867
2013-06-25,20.317134857177734,20.340759974015302,20.175388662182623,20.2698861255127,17567
2013-06-26,20.104516983032227,20.340762168859246,20.08089186364542,20.31713704947244,15133
2013-06-27,20.317134857177734,20.482507671020514,20.293511242350267,20.435258939355474,12167
2013-06-28,20.435260772705078,20.529758244512994,20.17539047221796,20.29351306298297,4267
2013-07-01,20.789628982543945,20.907751575794993,20.71875512619126,20.81325410199826,7533
2013-07-02,20.29351234436035,20.671505222227207,20.222638492009043,20.671505222227207,9700
2013-07-03,20.38800811767578,20.38800811767578,20.104514233851624,20.104514233851624,3033
2013-07-05,19.891895294189453,20.26988819002905,19.77377270199086,20.26988819002905,10267
2013-07-08,19.86827278137207,20.080894376428528,19.86827278137207,19.91552302605825,1600
2013-07-09,20.222639083862305,20.293512938287865,20.080891375011177,20.17539034824867,7867
2013-07-10,20.104516983032227,20.222639575945735,19.98639288810846,20.19901445655893,10167
2013-07-11,21.16762351989746,21.16762351989746,20.789630591437415,20.789630591437415,11633
2013-07-12,20.907751083374023,21.096749030536724,20.742379757119444,21.096749030536724,6333
2013-07-15,20.978626251220703,21.025876491974138,20.789629794237943,21.025876491974138,3367
2013-07-16,21.144001007080078,21.167624627588555,21.002253275987382,21.144001007080078,5967
2013-07-17,21.214872360229492,21.40386881196747,21.09674976564454,21.262121097661417,18800
2013-07-18,21.262117385864258,21.285742501461048,21.16761842548712,21.238492270267468,11667
2013-07-19,21.096750259399414,21.42749293117397,21.02587640058763,21.42749293117397,25067
2013-07-22,21.474742889404297,21.56924036523748,21.285746435727628,21.285746435727628,8433
2013-07-23,22.25435447692871,22.25435447692871,21.474743519387907,21.474743519387907,12300
2013-07-24,21.970855712890625,22.32522495907036,21.876358248582772,22.301599841988338,19767
2013-07-25,21.734609603881836,21.805483450032245,21.59286191158101,21.734609603881836,1900
2013-07-26,21.663734436035156,21.710983163249455,21.47473802516801,21.47473802516801,6467
2013-07-29,21.262117385864258,21.687360454546354,21.14399481190035,21.687360454546354,49233
2013-07-30,20.86050033569336,21.356617270629453,20.86050033569336,21.356617270629453,21833
2013-07-31,20.529756546020508,20.86050067400516,20.31713499902821,20.86050067400516,18800
2013-08-01,20.907751083374023,20.955001321169814,20.695131021333886,20.76600487601734,8433
2013-08-02,20.93137550354004,21.120371942383425,20.884126769331736,20.95500062164928,18500
2013-08-05,20.86050033569336,21.049496762618034,20.81325160446471,20.81325160446471,3533
2013-08-06,20.435260772705078,20.78962854500011,20.435260772705078,20.78962854500011,6833
2013-08-07,20.222639083862305,20.435260647138993,20.222639083862305,20.435260647138993,9900
2013-08-08,21.238494873046875,21.38024257997877,20.766004519287506,20.766004519287506,9267
2013-08-09,22.06535530090332,22.136229152136146,21.332993172837533,21.332993172837533,13133
2013-08-12,22.443349838256836,22.585097551241155,22.08898055579604,22.08898055579604,11200
2013-08-13,22.585098266601562,22.632347005089468,22.3488515701414,22.632347005089468,7733
2013-08-14,22.490598678588867,22.60872127261513,22.44334994138042,22.44334994138042,9067
2013-08-15,22.632347106933594,22.655972227289016,22.088981354841454,22.18348033425282,7400
2013-08-16,22.72684097290039,22.963086115259156,22.72684097290039,22.963086115259156,9633
2013-08-19,22.325223922729492,22.585094190528032,22.11260238489158,22.419721382650756,14567
2013-08-20,22.277978897094727,22.348851252815127,22.08898094180601,22.11260606171967,3767
2013-08-21,21.663734436035156,22.13622621420801,21.64010932142303,22.11260109959588,8833
2013-08-22,22.30160140991211,22.372475264130873,21.94723364082851,21.94723364082851,8100
2013-08-23,22.585098266601562,22.608721884840357,22.37247669039051,22.466975669376637,4367
2013-08-26,22.632347106933594,22.844968684101428,22.514224509177126,22.844968684101428,2600
2013-08-27,21.970855712890625,22.561470121850107,21.970855712890625,22.537846506778198,11933
2013-08-28,21.80548667907715,22.159854460295378,21.80548667907715,21.80548667907715,13067
2013-08-29,21.592866897583008,21.947236210162373,21.569241776074254,21.947236210162373,7567
2013-08-30,21.427488327026367,21.640109857775492,21.427488327026367,21.640109857775492,1133
2013-09-03,22.041730880737305,22.514222736572968,21.970857027261445,22.514222736572968,9600
2013-09-04,22.112606048583984,22.112606048583984,21.899984475518202,22.112606048583984,5000
2013-09-05,21.947233200073242,22.112604521922474,21.947233200073242,22.06535578739558,4100
2013-09-06,22.277978897094727,22.348851252815127,22.183479919450367,22.20710503936403,5400
2013-09-09,22.91584014892578,22.91584014892578,22.585096008557404,22.585096008557404,12900
2013-09-10,23.01033592224121,23.24658257768713,22.986712308103655,23.22295746153952,11567
2013-09-11,23.50645637512207,23.50645637512207,23.128463472091454,23.17571220946771,5567
2013-09-12,23.057588577270508,23.246585020279664,23.03396345864053,23.22295990164969,5667
2013-09-13,22.986711502075195,23.03396023070358,22.86858892949923,23.03396023070358,6133
2013-09-16,23.057588577270508,23.553704052418272,23.01033834001056,23.553704052418272,2767
2013-09-17,23.15208625793457,23.15208625793457,23.010338548888424,23.010338548888424,2300
2013-09-18,23.93169403076172,24.002567876030337,23.033960660039295,23.033960660039295,12967
2013-09-19,23.90807342529297,24.333315048401506,23.766325716920054,24.333315048401506,44933
2013-09-20,23.27020835876465,23.69545147696024,23.22295962407965,23.69545147696024,24800
2013-09-23,23.081214904785156,23.341085232195866,23.081214904785156,23.222962629192885,5200
2013-09-24,22.8922119140625,23.01033448339417,22.797714459401146,22.86858830140214,18500
2013-09-25,23.057588577270508,23.15208604776998,22.93946448613085,23.01033834001056,5567
2013-09-26,23.10483741760254,23.19933488853179,23.033963563400487,23.033963563400487,1200
2013-09-27,22.8922119140625,22.986710870733813,22.797714459401146,22.84496318673182,4600
2013-09-30,22.585098266601562,22.774094722563504,22.443350549127526,22.466975669376637,14500
2013-10-01,22.419721603393555,22.46697183582945,22.277975412116035,22.443346719611505,6967
2013-10-02,22.655967712402344,22.70321644168713,22.230724642809214,22.230724642809214,8267
2013-10-03,22.230724334716797,22.655967398416546,22.15985049076684,22.655967398416546,29767
2013-10-04,22.348848342895508,22.514221156738287,22.348848342895508,22.396098576570644,3633
2013-10-07,22.325223922729492,22.419721382650756,22.230724960798184,22.27797519276886,4767
2013-10-08,21.970855712890625,22.32522495907036,21.94723209781872,22.32522495907036,4133
2013-10-09,21.92361068725586,21.994484548474105,21.758237843743157,21.947235808332064,6800
2013-10-10,22.230724334716797,22.34884690729673,22.018102802866924,22.018102802866924,4800
2013-10-11,22.348848342895508,22.419722191398115,22.18347703106283,22.301599611230472,8733
2013-10-14,22.39609718322754,22.44334591195306,22.065353078128883,22.159850535579924,3233
2013-10-15,22.39609718322754,22.419720796585295,22.348846952492014,22.39609718322754,1700
2013-10-16,22.325223922729492,22.348847536704785,22.301598806744153,22.348847536704785,1167
2013-10-17,22.72684097290039,22.72684097290039,22.301597914242638,22.301597914242638,3767
2013-10-18,22.963088989257812,22.98671410725454,22.726843817331236,22.726843817331236,6067
2013-10-21,23.24658203125,23.24658203125,23.05758561254187,23.1757081864832,6367
2013-10-22,23.86081886291504,23.90806909181511,23.364703475543873,23.364703475543873,28033
2013-10-23,23.222959518432617,23.553703663743374,23.222959518432617,23.553703663743374,6433
2013-10-24,23.530078887939453,23.671826595422676,23.293833710140888,23.293833710140888,3667
2013-10-25,23.5537052154541,23.624579072833424,23.411957500695454,23.459207740288527,6333
2013-10-28,23.459205627441406,23.648202062760927,23.459205627441406,23.62457694509218,2267
2013-10-29,23.293834686279297,23.506456256414133,23.175712092430032,23.411957280128558,11967
2013-10-30,23.293834686279297,23.600953730689433,23.270209566705336,23.600953730689433,6567
2013-10-31,23.033960342407227,23.270205488704836,23.033960342407227,23.175708030989796,5767
2013-11-01,22.655967712402344,23.128459511280262,22.514220022537966,23.128459511280262,12700
2013-11-04,22.868589401245117,22.915838130848176,22.72684171042591,22.72684171042591,3900
2013-11-05,23.081214904785156,23.128465147594657,22.821344577374447,22.89221843957831,23467
2013-11-06,23.24658203125,23.341079489599053,23.1048343417164,23.1048343417164,4267
2013-11-07,22.585098266601562,23.199336372975292,22.585098266601562,23.199336372975292,3567
2013-11-08,22.443349838256836,22.561472431740345,22.1598544122882,22.537848814249806,4433
2013-11-11,22.207103729248047,22.32522631782709,22.159853492208267,22.23072734575773,6967
2013-11-12,22.018104553222656,22.136228637203004,21.97085582083659,22.088978402806816,5200
2013-11-13,21.80548667907715,21.85273541617086,21.52199125249435,21.85273541617086,8167
2013-11-14,21.92361068725586,21.947235808332064,21.498367519946367,21.71098910360111,4533
2013-11-15,21.899978637695312,21.947228864899195,21.876355026103262,21.899978637695312,1567
2013-11-18,21.8291072845459,21.994480094570445,21.8291072845459,21.947231363996316,6767
2013-11-19,21.640106201171875,21.82910258478795,21.640106201171875,21.82910258478795,2567
2013-11-20,21.545618057250977,21.78186326320787,21.545618057250977,21.78186326320787,3033
2013-11-21,21.45111656188965,21.569239151036786,21.309368854109,21.569239151036786,6367
2013-11-22,21.45111656188965,21.545615534413486,21.356619091376025,21.521990415779975,2567
2013-11-25,21.35661506652832,21.40386379288068,21.26211611181367,21.332989952347173,5033
2013-11-26,21.073123931884766,21.262120377218817,20.83687724870953,21.19124652246727,17600
2013-11-27,21.00225067138672,21.16762200247932,20.884128077461966,21.16762200247932,11833
2013-11-29,21.073123931884766,21.238495258298226,21.00225007713322,21.00225007713322,3200
2013-12-02,20.647876739501953,21.07311978431576,20.624253127241143,21.07311978431576,14433
2013-12-03,20.600627899169922,20.600627899169922,20.31713253752678,20.506130446628827,5933
2013-12-04,20.600627899169922,20.647876625440468,20.411631492077802,20.62425301331016,6800
2013-12-05,20.74237823486328,20.813252084345397,20.624255653063127,20.624255653063127,4367
2013-12-06,20.93137550354004,21.04949809006588,20.76600418280589,20.76600418280589,5567
2013-12-09,21.00225067138672,21.02587579097578,20.813254220705062,20.955001934218874,6667
2013-12-10,20.93137550354004,21.025874473966823,20.884126769331736,21.025874473966823,3967
2013-12-11,20.38800811767578,20.789626080270896,20.317134271217228,20.789626080270896,21733
2013-12-12,20.340761184692383,20.340761184692383,20.199013479250386,20.317136066448654,3700
2013-12-13,20.529756546020508,20.55338166302302,20.364385233033236,20.529756546020508,9933
2013-12-16,20.6715030670166,20.742376911978603,20.5297553770926,20.5297553770926,21767
2013-12-17,20.482505798339844,20.67150220973047,20.411631956317116,20.67150220973047,12733
2013-12-18,20.647876739501953,20.766000808845746,20.435256719104984,20.529754172168097,16367
2013-12-19,20.695131301879883,20.766005157524113,20.340762023658723,20.458884615729026,24467
2013-12-20,21.191246032714844,21.214871151089433,20.742379297668986,20.742379297668986,20200
2013-12-23,21.191246032714844,21.521990179908137,21.04949832648769,21.521990179908137,18800
2013-12-24,21.521991729736328,21.616490708029495,21.096750082442824,21.096750082442824,13333
2013-12-26,21.56924057006836,21.663739548809247,21.3802441145969,21.663739548809247,11667
2013-12-27,21.892871856689453,21.892871856689453,21.488329483375264,21.53592225878074,15233
2013-12-30,22.01185417175293,22.130836864686515,21.91666710963785,21.988057027987402,14600
2013-12-31,22.297414779663086,22.32121041147889,22.083245015638305,22.083245015638305,19400
2014-01-02,22.202224731445312,22.58296991882893,22.13083481969252,22.41639446670368,23233
2014-01-03,22.01185417175293,22.29741384515115,21.9642613971689,22.29741384515115,8067
2014-01-06,21.72629737854004,22.011857089793992,21.63111181675354,22.011857089793992,19767
2014-01-07,21.583515167236328,21.77388929592589,21.53592239153747,21.70249937590407,6767
2014-01-08,21.535924911499023,21.654907621142108,21.535924911499023,21.607314839874324,3200
2014-01-09,21.131380081176758,21.44073690654513,21.131380081176758,21.44073690654513,13167
2014-01-10,21.416940689086914,21.416940689086914,21.107585363276517,21.107585363276517,6233
2014-01-13,21.48832893371582,21.60731162565953,21.393141872392647,21.51212607728337,9633
2014-01-14,21.535924911499023,21.654907621142108,21.41694220185594,21.41694220185594,6200
2014-01-15,22.01185417175293,22.05944694633696,21.63110894918665,21.63110894918665,9367
2014-01-16,22.535383224487305,22.535383224487305,22.107045151431706,22.107045151431706,3933
2014-01-17,22.535383224487305,22.70196023447086,22.39260336248634,22.535383224487305,25167
2014-01-21,22.58297348022461,22.678160548555212,22.32121093349935,22.392600856510523,11333
2014-01-22,22.24982452392578,22.630571344424254,22.24982452392578,22.630571344424254,5333
2014-01-23,21.845279693603516,22.03565231350859,21.773889772020723,21.9642623919258,6233
2014-01-24,21.226566314697266,22.03565103713962,21.107583623266805,21.46453169755819,25333
2014-01-27,21.2503662109375,21.393144551381376,20.94100935760776,21.27416184453788,7500
2014-01-28,21.48832893371582,21.535921707903903,21.20276926269331,21.274159180448937,2933
2014-01-29,21.345550537109375,21.559720304813457,21.345550537109375,21.440737604849115,1433
2014-01-30,21.321754455566406,21.440738674413353,21.17897611625502,21.297958822154772,2933
2014-01-31,21.08378791809082,21.202770617638016,20.94100807345534,20.964805218543624,2067
2014-02-03,20.822025299072266,21.05999069731139,20.703042599952703,21.05999069731139,7567
2014-02-04,20.822025299072266,20.964805143194585,20.72683823200835,20.72683823200835,5933
2014-02-05,20.94100570678711,20.94100570678711,20.703040334586607,20.798225878288033,5667
2014-02-06,21.345550537109375,21.345550537109375,20.822025446908583,20.822025446908583,4833
2014-02-07,21.869075775146484,21.892872920479068,21.41694060445726,21.41694060445726,7233
2014-02-10,21.892871856689453,21.94046463209493,21.607312178362484,21.916667487918666,19167
2014-02-11,22.39259910583496,22.440193392752857,21.91666682728504,21.91666682728504,11733
2014-02-12,22.65436363220215,22.82094062522751,22.606770854029392,22.606770854029392,8200
2014-02-13,22.559173583984375,22.630563493502272,21.988054307841203,22.130834126876994,7200
2014-02-14,23.154094696044922,23.225484624703782,22.79714505275061,22.79714505275061,16467
2014-02-18,23.106502532958984,23.249282403446564,23.011316961265518,23.011316961265518,6267
2014-02-19,22.773345947265625,23.082702782501475,22.773345947265625,22.868533014941374,5400
2014-02-20,22.797143936157227,22.84473671528298,22.487788602419066,22.72575401099501,6767
2014-02-21,22.8447322845459,23.03510639002019,22.701953974860494,23.03510639002019,4233
2014-02-24,22.8447322845459,22.939919337283044,22.654359692018485,22.74954674475563,4500
2014-02-25,22.4877872467041,22.72575264093389,22.4877872467041,22.582972799217185,2667
2014-02-26,22.202224731445312,22.46398723688991,22.15463196125908,22.368801696517448,7300
2014-02-27,22.60677146911621,22.820941246141476,22.392601692090942,22.416398838298367,6367
2014-02-28,22.630569458007812,22.820942095914475,22.58297516382072,22.606772310914266,5867
2014-03-03,22.154638290405273,22.58297637034292,22.083248358257777,22.58297637034292,1633
2014-03-04,22.74954605102539,22.77334167877389,22.41639364602493,22.41639364602493,2933
2014-03-05,22.963720321655273,22.987515954111572,22.582973559936054,22.79714332972553,5500
2014-03-06,23.24927520751953,23.41585217584662,22.7019545573159,23.0589026101078,9133
2014-03-07,22.511587142944336,23.130299403276286,22.297418852744407,23.130299403276286,7067
2014-03-10,21.750091552734375,22.226023835459806,21.535921798565877,22.226023835459806,26133
2014-03-11,20.94100570678711,21.869073079084174,20.94100570678711,21.702497621133208,28433
2014-03-12,20.988605499267578,21.03619979998539,20.798232835238665,20.988605499267578,27833
2014-03-13,20.89341926574707,21.321757368085954,20.726842244375497,21.297961731423868,24233
2014-03-14,20.774431228637695,20.869616776828437,20.703041311021135,20.822024002733066,15433
2014-03-17,21.08378791809082,21.178974985496843,20.94100807345534,21.08378791809082,17867
2014-03-18,21.178974151611328,21.178974151611328,20.964804393090674,21.05998994380182,10600
2014-03-19,20.51266860961914,21.012396517744964,20.465074322790393,21.012396517744964,38333
2014-03-20,20.393688201904297,20.63165514150603,20.32229978426579,20.393688201904297,11900
2014-03-21,20.774431228637695,20.941006694444994,20.560261475788014,20.869616776828437,9767
2014-03-24,20.774431228637695,20.941006694444994,20.631651393404574,20.822024002733066,5667
2014-03-25,21.297958374023438,21.416941077419672,21.03619582137286,21.107585746000034,15633
2014-03-26,21.131380081176758,21.3693469863022,20.988600240690904,21.3693469863022,12100
2014-03-27,21.178974151611328,21.36934676598067,21.08378708795313,21.08378708795313,5967
2014-03-28,21.654903411865234,21.67870055434706,21.155175523322413,21.17897266580424,21167
2014-03-31,21.70250129699707,21.869076783161777,21.535924297885167,21.869076783161777,11833
2014-04-01,21.654903411865234,21.869073155360848,21.535920725349985,21.869073155360848,16633
2014-04-02,22.130842208862305,22.178434994939085,21.821486829942167,21.821486829942167,17033
2014-04-03,21.845279693603516,21.988058023822,21.797685403916926,21.91666810223921,7400
2014-04-04,21.821483612060547,22.130838945361937,21.821483612060547,21.89287353712197,18967
2014-04-07,21.869075775146484,21.988058475915157,21.678703151327188,21.988058475915157,3533
2014-04-08,22.22602081298828,22.392596257169064,21.750088594983907,21.750088594983907,11900
2014-04-09,22.58297348022461,22.58297348022461,22.22602537811587,22.22602537811587,14133
2014-04-10,22.345006942749023,22.58297233205616,22.154634328713907,22.58297233205616,5867
2014-04-11,22.01185417175293,22.249819557620096,21.940464253403373,22.249819557620096,23933
2014-04-14,22.202224731445312,22.39259732513712,22.15463196125908,22.2736146431981,8200
2014-04-15,21.94046401977539,21.988056793852635,21.70249863644214,21.91666687626326,10733
2014-04-16,22.083248138427734,22.10704528655578,21.892875492245274,21.916671127426017,8933
2014-04-17,22.39259910583496,22.39259910583496,22.107040949062615,22.249819270975284,16167
2014-04-21,22.24982452392578,22.297418822080193,22.08324901922743,22.107046168304635,3567
2014-04-22,22.273616790771484,22.36880385326856,22.130836953499387,22.130836953499387,4533
2014-04-23,22.297414779663086,22.297414779663086,22.083245015638305,22.2498204901373,9867
2014-04-24,22.535383224487305,22.535383224487305,22.202230717467486,22.202230717467486,6133
2014-04-25,22.273616790771484,22.511582177593624,22.22602401599646,22.511582177593624,767
2014-04-28,22.130842208862305,22.345012015628892,21.91667240209572,22.22602929396325,20733
2014-04-29,22.178430557250977,22.273617623305917,22.059447859392616,22.10704214889363,8500
2014-04-30,22.178430557250977,22.32121039985984,22.10704214889363,22.10704214889363,10067
2014-05-01,22.297414779663086,22.392600332820486,22.083245015638305,22.2022277135586,9200
2014-05-02,22.154638290405273,22.34501093848282,22.130841142040335,22.20223107418783,9000
2014-05-05,22.202224731445312,22.34500455495089,22.03564927932006,22.05944490793973,12767
2014-05-06,22.24982452392578,22.321214458210033,22.202231738718734,22.321214458210033,1400
2014-05-07,22.0594482421875,22.36880507752397,21.940465542264448,22.36880507752397,7033
2014-05-08,22.0594482421875,22.273618009817262,22.011855464807702,22.20222808727401,39133
2014-05-09,22.01185417175293,22.01185417175293,21.86907433505382,21.940464253403373,867
2014-05-12,22.8447322845459,22.8447322845459,22.368801559700803,22.368801559700803,37633
2014-05-13,23.24927520751953,23.320665120667297,22.98751269696004,23.130292523255566,14833
2014-05-14,23.511045455932617,23.701418115998976,23.201690072443213,23.415859882373145,69467
2014-05-15,23.273073196411133,23.463445800750137,23.130293364920135,23.439648657852647,3900
2014-05-16,23.201684951782227,23.296872017281125,23.082702254618912,23.273074872669632,5300
2014-05-19,23.24927520751953,23.29686949158265,21.845277112489654,23.29686949158265,6300
2014-05-20,23.154094696044922,23.27307740616061,22.96372205727037,23.10650040164085,5100
2014-05-21,23.106502532958984,23.201689617599833,23.082706896509308,23.082706896509308,4567
2014-05-22,23.487241744995117,23.487241744995117,23.15408932616728,23.15408932616728,6967
2014-05-23,23.58243179321289,23.630026085675773,23.41585630843436,23.534839013697194,2667
2014-05-27,23.65382194519043,23.96317728442198,23.511042092330577,23.820398944509325,18933
2014-05-28,23.60622787475586,23.796600497179643,23.55863509738669,23.701413429494192,7667
2014-05-29,23.796602249145508,23.844195030018575,23.630026759616158,23.653822393579077,4833
2014-05-30,23.58243179321289,23.986974201464278,23.463449087950057,23.844194349970003,12300
2014-06-02,23.891788482666016,23.891788482666016,23.72521148605422,23.891788482666016,11500
2014-06-03,23.867990493774414,23.867990493774414,23.630025093243006,23.867990493774414,4967
2014-06-04,23.867990493774414,24.010770339272106,23.74900779350871,23.844193348542426,17800
2014-06-05,23.677621841430664,23.867994496370173,23.511044822766483,23.749011776151402,12833
2014-06-06,23.60622787475586,23.749007719810475,23.511040807070408,23.511040807070408,4067
2014-06-09,23.58243179321289,23.725211644707166,23.487246234181498,23.487246234181498,3467
2014-06-10,23.39205551147461,23.70141079946726,23.296869967298537,23.70141079946726,12033
2014-06-11,23.2968692779541,23.439647589993456,23.273072136140758,23.368257677500328,7000
2014-06-12,23.106502532958984,23.273079552843623,23.106502532958984,23.273079552843623,3467
2014-06-13,23.05890655517578,23.1302964805374,22.987516629814166,23.106499334434467,3667
2014-06-16,23.177888870239258,23.273075940103972,23.130296091780476,23.130296091780476,3733
2014-06-17,23.320669174194336,23.320669174194336,22.963721059358807,23.058906618136078,8267
2014-06-18,23.65382194519043,23.725211871620356,23.32066945949984,23.32066945949984,4100
2014-06-19,23.963180541992188,24.010774841380268,23.677622310400707,23.677622310400707,16633
2014-06-20,24.05836296081543,24.129752883101446,23.939380261321105,23.939380261321105,2733
2014-06-23,24.343923568725586,24.391516347730096,24.05836386880419,24.05836386880419,9933
2014-06-24,24.01076889038086,24.296327051197576,23.98697174658487,24.20114150190768,7933
2014-06-25,23.72521209716797,24.05836458602573,23.677619316744632,24.05836458602573,3633
2014-06-26,23.867990493774414,24.082160262020953,23.74900779350871,24.082160262020953,2367
2014-06-27,24.03456687927246,24.03456687927246,23.891788541329564,23.891788541329564,1167
2014-06-30,24.201139450073242,24.224936591851648,23.98696971290829,23.98696971290829,2400
2014-07-01,24.462902069091797,24.48669921097842,24.153546789300247,24.343919385552503,14933
2014-07-02,25.462358474731445,25.462358474731445,24.272530095851803,24.272530095851803,57167
2014-07-03,25.628942489624023,25.819313618895055,25.01023026770409,25.36717840450818,36400
2014-07-07,25.628942489624023,26.081077704010898,25.533753899093966,25.91449918353057,17567
2014-07-08,25.7717227935791,25.795518428674352,25.533754339048233,25.7717227935791,18367
2014-07-09,25.985883712768555,26.104867913255063,25.70032707820997,25.70032707820997,9033
2014-07-10,25.84311294555664,25.98588978324258,25.605144488992625,25.938298512645474,8167
2014-07-11,25.890697479248047,25.985883021569066,25.438562370855923,25.628936481391793,2667
2014-07-14,25.890697479248047,26.128662847997507,25.819307566033828,26.128662847997507,9833
2014-07-15,25.50995635986328,26.08107575682631,25.486160726954594,25.771720425436108,22100
2014-07-16,26.009687423706055,26.081077352694695,25.652737778762866,25.676533413127576,12433
2014-07-17,25.36717414855957,25.724123738424122,25.295784230586662,25.724123738424122,7000
2014-07-18,25.414770126342773,25.462361390894298,25.224395990453967,25.319583058398372,22800
2014-07-21,25.628942489624023,25.652738124309266,25.438568334458452,25.462363969143695,3967
2014-07-22,25.93829345703125,26.104868923443256,25.581343867652638,25.581343867652638,6000
2014-07-23,26.461820602416992,26.461820602416992,26.009685428798605,26.12866661739097,21800
2014-07-24,26.223854064941406,26.438023826216195,26.200055407537004,26.366633905791268,4800
2014-07-25,26.34283447265625,26.414224390978926,26.00968353774647,26.128664717688228,19700
2014-07-28,26.366636276245117,26.414227543544268,26.200057763014858,26.24765205620842,3367
2014-07-29,26.414228439331055,26.675992521931242,26.17626301708194,26.17626301708194,7167
2014-07-30,26.03348159790039,26.31904129783842,25.98588730594594,26.247651372853912,6833
2014-07-31,25.414770126342773,26.00968514039072,25.390971468172776,26.00968514039072,7467
2014-08-01,25.224395751953125,25.67653091628301,25.057820275809316,25.17680297490448,30933
2014-08-04,25.628942489624023,25.795517984209813,25.271992839872663,25.271992839872663,18633
2014-08-05,24.796058654785156,26.295245560569633,24.653278805382143,25.200601057111307,17600
2014-08-06,24.819856643676758,25.03402491210836,24.53429693517167,24.915042204546978,41333
2014-08-07,24.367719650268555,24.938839060623422,24.367719650268555,24.938839060623422,8967
2014-08-08,24.367719650268555,24.65327935544599,24.367719650268555,24.391516796682406,2167
2014-08-11,24.843652725219727,25.248195148577945,24.51050023027456,24.58189015868761,9067
2014-08-12,24.677074432373047,24.7960571285697,24.677074432373047,24.7960571285697,2300
2014-08-13,24.510498046875,24.700870668035634,24.39151534776799,24.605685113928867,3500
2014-08-14,24.272531509399414,24.415311346805115,24.17734444681327,24.367717059038526,5200
2014-08-15,24.486703872680664,24.510499506150516,24.15355138757796,24.15355138757796,8033
2014-08-18,24.558095932006836,24.58189308195688,24.391520421198777,24.391520421198777,5067
2014-08-19,24.39151382446289,24.79605618651982,24.27253113278662,24.7008691254106,6067
2014-08-20,24.415311813354492,24.510497364812494,24.272531973220428,24.272531973220428,55367
2014-08-21,24.224943161010742,24.320128728042356,24.034569001052898,24.177348864547625,26000
2014-08-22,24.201139450073242,24.343919274849878,24.034562483518204,24.343919274849878,22733
2014-08-25,24.248737335205078,24.486704264340204,24.248737335205078,24.272534482002754,18333
2014-08-26,24.486703872680664,24.558092286037418,24.296329727238668,24.415313946376713,16767
2014-08-27,24.558095932006836,24.70087580581227,24.462910358101492,24.462910358101492,24867
2014-08-28,24.03456687927246,24.391516506497638,24.0107712460889,24.391516506497638,22167
2014-08-29,24.105955123901367,24.2725321093074,23.96317528296679,24.058362347905533,9333
2014-09-02,23.891788482666016,24.22494096294244,23.772804265251658,23.86799133659371,37300
2014-09-03,24.153553009033203,24.24873857519692,23.915586067729315,23.915586067729315,25300
2014-09-04,24.153553009033203,24.367721289375215,24.082163077936766,24.082163077936766,8533
2014-09-05,24.03456687927246,24.224941022424005,23.91558417451313,24.03456687927246,7867
2014-09-08,23.796602249145508,24.01077203249515,23.74900946827244,23.91558495780179,11967
2014-09-09,23.58243179321289,23.772804424222866,23.439651941718616,23.772804424222866,14933
2014-09-10,23.677621841430664,23.677621841430664,23.392062102547712,23.46345203726845,7700
2014-09-11,23.415851593017578,23.558631415759262,23.27307177027589,23.558631415759262,12267
2014-09-12,23.63002586364746,23.63002586364746,23.177889167181483,23.368261796402713,10900
2014-09-15,23.08270263671875,23.487245024128278,23.08270263671875,23.487245024128278,8300
2014-09-16,23.273073196411133,23.320665969259142,22.868530844835632,23.05890344917464,8000
2014-09-17,23.035112380981445,23.41585766506033,23.01131523337129,23.392060517450172,6200
2014-09-18,23.035112380981445,23.082705163254488,22.916128155877935,23.082705163254488,4167
2014-09-19,22.65436363220215,23.130295952771142,22.606770854029392,23.035110396425626,11800
2014-09-22,21.797687530517578,22.487789668829127,21.702501967752205,22.487789668829127,19367
2014-09-23,21.70250129699707,21.869076783161777,21.63111137065585,21.869076783161777,35200
2014-09-24,22.107046127319336,22.130841763405062,21.702503671441022,21.84528353974482,24100
2014-09-25,21.559720993041992,21.94046625026086,21.464533922263694,21.94046625026086,4700
2014-09-26,21.654903411865234,21.654903411865234,21.39314089635291,21.5121250958151,9333
2014-09-29,21.46453857421875,21.65491124408717,21.369352995758284,21.51213287639647,5100
2014-09-30,21.297958374023438,21.535923780815903,21.274161228165326,21.44073822327778,8833
2014-10-01,20.822025299072266,21.345550385556027,20.822025299072266,21.345550385556027,36333
2014-10-02,20.774431228637695,20.941006694444994,20.369888866459526,20.798226859211876,39233
2014-10-03,20.369890213012695,20.798228234080362,20.346093067918392,20.798228234080362,10333
2014-10-06,20.726839065551758,20.86961891541606,20.536466436715074,20.536466436715074,4100
2014-10-07,20.369890213012695,20.822025379174665,20.369890213012695,20.798228234080362,19200
2014-10-08,20.560264587402344,20.679247297121254,20.012942307158664,20.369891949262637,7333
2014-10-09,20.084333419799805,20.845825530205264,20.084333419799805,20.584062948210615,8033
2014-10-10,19.655994415283203,20.036739696158858,19.655994415283203,19.965349766876265,10633
2014-10-13,19.560802459716797,19.96534478710107,19.537005318242354,19.917752017099062,4400
2014-10-14,19.96534538269043,20.227107894930477,19.893955469084332,19.893955469084332,8433
2014-10-15,19.632198333740234,19.870163768970272,19.37043574980826,19.751181051355253,10400
2014-10-16,19.679790496826172,19.75118042773058,19.251452424347004,19.251452424347004,2933
2014-10-17,19.751174926757812,19.846361979101893,19.632192246037867,19.632192246037867,9900
2014-10-20,19.655994415283203,19.82256990831108,19.632197267873252,19.703587197155844,39400
2014-10-21,20.17951774597168,20.227110523578435,19.870160909159967,20.108127823087987,3300
2014-10-22,19.751174926757812,20.01293742952044,19.70358215705921,19.965344659821838,6133
2014-10-23,19.870162963867188,19.941552894133075,19.774977398810854,19.774977398810854,7467
2014-10-24,19.774972915649414,19.91775274381174,19.751175773306716,19.91775274381174,1833
2014-10-27,19.46562385559082,19.632199366424512,19.46562385559082,19.608402216470804,5133
2014-10-28,19.96534538269043,19.96534538269043,19.513210271816433,19.53700590105385,5300
2014-10-29,19.989147186279297,20.27470539434801,19.798773030303785,20.108129899053534,12567
2014-10-30,19.58460235595703,19.774974975689716,19.58460235595703,19.75117783086797,5567
2014-10-31,19.703582763671875,19.72737990572725,19.418023110795005,19.72737990572725,14933
2014-11-03,19.6083984375,19.751178283810578,19.513212881924368,19.58460280507966,7867
2014-11-04,19.394229888916016,19.513212588067315,19.227652899746516,19.513212588067315,5933
2014-11-05,19.061077117919922,19.22765259147163,18.965890052356745,19.22765259147163,7633
2014-11-06,18.894498825073242,18.965888741073023,18.775516136055934,18.965888741073023,16667
2014-11-07,19.370433807373047,19.370433807373047,19.061078470006176,19.13246839600579,3300
2014-11-10,19.322837829589844,19.679785887562694,19.322837829589844,19.3942277437738,5967
2014-11-11,19.48941421508789,19.537006989160307,19.227651688269074,19.44182144101547,5567
2014-11-12,19.58460235595703,19.917754818726003,19.418025368099,19.418025368099,16967
2014-11-13,19.394229888916016,19.60839814220951,19.370432743906914,19.56080536513841,1600
2014-11-14,19.79877281188965,19.822569959360884,19.25145203657658,19.29904481857179,6067
2014-11-17,19.774972915649414,19.87015845912634,19.70358300156825,19.70358300156825,4633
2014-11-18,19.870162963867188,19.870162963867188,19.751180251073134,19.84636732907674,7933
2014-11-19,19.513214111328125,19.67978960055391,19.41802703680823,19.67978960055391,5133
2014-11-20,19.48941421508789,19.48941421508789,19.37043152343334,19.37043152343334,5867
2014-11-21,20.17951774597168,20.36989036934582,19.893958054436904,19.893958054436904,13967
2014-11-24,20.13192367553711,20.536466071985537,20.108128042947115,20.34609344652989,8033
2014-11-25,20.17951774597168,20.27470330118519,19.965347977320597,20.06053504548123,4167
2014-11-26,20.20331573486328,20.369892745337538,20.20331573486328,20.369892745337538,3100
2014-11-28,18.942094802856445,19.65599408363709,18.846909240717178,19.65599408363709,11833
2014-12-01,18.275789260864258,18.656534492228833,18.08541513223491,18.656534492228833,30100
2014-12-02,18.228195190429688,18.513754873844874,18.18060241417618,18.37097503213728,3500
2014-12-03,18.46616554260254,18.58514826190702,18.275792889125896,18.275792889125896,9667
2014-12-04,18.394779205322266,18.585151896024144,18.347184897936053,18.489964794199377,3800
2014-12-05,18.29958152770996,18.394768574523745,18.13300608696932,18.323378667650104,3400
2014-12-08,17.871248245239258,18.251993505579676,17.752264027554098,18.251993505579676,10500
2014-12-09,18.156803131103516,18.156803131103516,17.63327811513347,17.752260798227226,6900
2014-12-10,17.585691452026367,18.085419499755318,17.538098664849187,17.918843988161477,9967
2014-12-11,17.276334762573242,17.58569012530732,17.276334762573242,17.490503045186742,31600
2014-12-12,16.94318199157715,17.371520063178565,16.919384843675346,17.371520063178565,28467
2014-12-15,16.419658660888672,17.03836944542614,16.395861510349746,17.014573807834676,35233
2014-12-16,16.348264694213867,16.705212786665502,16.30067040486265,16.419654615293613,48700
2014-12-17,17.014570236206055,17.300128417992667,16.34826529045873,16.34826529045873,18633
2014-12-18,17.395322799682617,17.466712753376214,17.062170186761758,17.2287457367483,5667
2014-12-19,17.633277893066406,17.657075034564226,17.27632984828041,17.27632984828041,19400
2014-12-22,17.395322799682617,17.728475412603473,17.37152564413549,17.70467825705635,6467
2014-12-23,17.419113159179688,17.561893023262687,17.181147727672897,17.228740511384792,7033
2014-12-24,17.442909240722656,17.490502021523834,17.252536604570714,17.371519313047276,10533
2014-12-26,17.609487533569336,17.704673102147968,17.442910519135733,17.442910519135733,3400
2014-12-29,17.658191680908203,17.901752326064127,17.658191680908203,17.731260184159144,8033
2014-12-30,17.901756286621094,18.023538184662712,17.80433262641319,17.853044456517143,8133
2014-12-31,17.926115036010742,18.12096392733983,17.828689816085532,18.12096392733983,5500
2015-01-02,18.04789161682129,18.194028641819195,17.950467965836694,17.974823104322336,2433
2015-01-05,17.585128784179688,18.04789508662842,17.43899173108613,18.04789508662842,11133
2015-01-06,17.487703323364258,17.609483672295642,17.2197843877856,17.487703323364258,7333
2015-01-07,17.512060165405273,17.536416856966362,17.24414275231851,17.536416856966362,2767
2015-01-08,17.77997589111328,17.828687721091242,17.560770333430728,17.560770333430728,7000
2015-01-09,17.68255615234375,17.755624687774546,17.536419081482162,17.706911298473017,2667
2015-01-12,17.098007202148438,17.609486930218484,17.098007202148438,17.609486930218484,9667
2015-01-13,16.367321014404297,17.122361374201716,16.26989735099114,17.073649542495136,20533
2015-01-14,15.076449394226074,15.563572471038288,14.78417523843443,15.563572471038288,84300
2015-01-15,14.930307388305664,15.295649962457134,14.85723887347537,15.246938135410625,50933
2015-01-16,15.320008277893066,15.344363419743367,14.9546656649263,15.003377497148128,13233
2015-01-20,15.612281799316406,15.709707018394097,15.46614474496053,15.514858128760038,14900
2015-01-21,15.758415222167969,15.831483732507373,15.539209691149757,15.734058535881179,15067
2015-01-22,15.880197525024414,16.1724716026115,15.831485694933619,15.977622733727161,8133
2015-01-23,15.295654296875,15.758420656256261,15.295654296875,15.758420656256261,8900
2015-01-26,15.34436321258545,15.417431734192334,15.198226169371678,15.246939549457071,8033
2015-01-27,15.198227882385254,15.29565310501577,15.100804208276118,15.17387273811866,19133
2015-01-28,14.8328857421875,15.173871674715533,14.8328857421875,15.173871674715533,24633
2015-01-29,14.759815216064453,14.979020760506058,14.662390013472274,14.832883730878322,16933
2015-01-30,14.857239723205566,15.076445280233473,14.63803571469881,14.73545937436378,12433
2015-02-02,15.198227882385254,15.246941267961203,14.954667148591035,14.979023841379009,5900
2015-02-03,16.24554443359375,16.416036658420936,15.58792913301214,15.612284280260843,27067
2015-02-04,16.123764038085938,16.44039334022258,16.123764038085938,16.416036644473003,15867
2015-02-05,16.537817001342773,16.537817001342773,16.148117649032187,16.367323244359124,9467
2015-02-06,16.367321014404297,16.56216988975182,16.342964324290403,16.56216988975182,11400
2015-02-09,16.51346206665039,16.65959914576578,16.39168168356143,16.464750223119125,7967
2015-02-10,16.050697326660156,16.513463758935043,15.977628779614465,16.513463758935043,13833
2015-02-11,15.855838775634766,15.977619097406544,15.636633267333082,15.977619097406544,17067
2015-02-12,16.44038963317871,16.44038963317871,15.977623357934112,15.977623357934112,5700
2015-02-13,17.049291610717773,17.073648299057822,16.878799437900724,16.903154577719675,44167
2015-02-17,17.341567993164062,17.341567993164062,17.00058205346068,17.049293888126503,29367
2015-02-18,17.438993453979492,17.463350148075186,17.195432707108402,17.24414454677833,14267
2015-02-19,17.17107391357422,17.24414243840604,17.04929355502827,17.24414243840604,5600
2015-02-20,17.146717071533203,17.146717071533203,17.049291865239685,17.049291865239685,2133
2015-02-23,16.708309173583984,17.0249384449111,16.610883948587187,17.0249384449111,16600
2015-02-24,17.02493667602539,17.14671858174864,16.805732652470304,16.805732652470304,4067
2015-02-25,17.122360229492188,17.317209091813158,17.122360229492188,17.19542874642769,8800
2015-02-26,17.438993453979492,17.51206198774511,17.268501240874023,17.268501240874023,29433
2015-02-27,17.585128784179688,17.585128784179688,17.341568061371294,17.341568061371294,6300
2015-03-02,17.536415100097656,17.706907278380775,17.414634751535264,17.560770240697448,7400
2015-03-03,17.39027976989746,17.53641682192941,17.39027976989746,17.39027976989746,5633
2015-03-04,17.02493667602539,17.34156746297608,16.927513009672296,17.34156746297608,11500
2015-03-05,17.098007202148438,17.17107573472987,17.049295363267962,17.17107573472987,3333
2015-03-06,16.464744567871094,16.878798966972997,16.440387880210608,16.878798966972997,21133
2015-03-09,16.537817001342773,16.635240678029355,16.44039177613477,16.464748469567127,9167
2015-03-10,15.734062194824219,16.221185194193303,15.734062194824219,16.221185194193303,20933
2015-03-11,15.831485748291016,15.831485748291017,15.612280189361908,15.612280189361908,2533
2015-03-12,15.90455436706543,16.269896967557752,15.90455436706543,16.19682844745929,3267
2015-03-13,15.685348510742188,15.904554066900538,15.490499643664034,15.904554066900538,3600
2015-03-16,15.563569068908691,15.70970611485958,15.51485723643214,15.587925759407584,2100
2015-03-17,15.660992622375488,15.660992622375487,15.49049890399741,15.539210731310689,2967
2015-03-18,15.855838775634766,15.880193910876637,15.34435925626417,15.612276583570404,2133
2015-03-19,15.539213180541992,15.782775452539873,15.514858037307125,15.612281707289226,38367
2015-03-20,16.391672134399414,16.464740631390196,15.88019265546396,15.88019265546396,12733
2015-03-23,16.976224899291992,17.000581590221874,16.562170444611546,16.562170444611546,9533
2015-03-24,16.8300838470459,17.049289367704255,16.635235011523214,17.049289367704255,5100
2015-03-25,16.683944702148438,17.000575374383732,16.635232886620198,16.976218692359264,7500
2015-03-26,16.51346206665039,16.80573622488117,16.489105370623964,16.51346206665039,2133
2015-03-27,16.24554443359375,16.440393354191205,16.026338817226023,16.440393354191205,5867
2015-03-30,16.708309173583984,16.83008954343892,16.34296651549776,16.367323208877316,12533
2015-03-31,16.51346206665039,16.635242449739355,16.294256447977308,16.367324987535003,3533
2015-04-01,16.537817001342773,16.586528839686064,16.464748469567127,16.464748469567127,2533
2015-04-02,16.683944702148438,16.757013199701145,16.53780925556372,16.53780925556372,7000
2015-04-06,17.000577926635742,17.17107008084047,16.927509418113452,16.927509418113452,11700
2015-04-07,17.146717071533203,17.317209246895462,17.049291865239685,17.146717071533203,14667
2015-04-08,17.341567993164062,17.560772023420924,17.341567993164062,17.41463651942345,5900
2015-04-09,17.146717071533203,17.317209246895462,17.122360382829545,17.317209246895462,2200
2015-04-10,17.073650360107422,17.195430719466216,17.04929366882715,17.122362194146685,5000
2015-04-13,16.927513122558594,17.17107383858684,16.927513122558594,17.024936789561387,19500
2015-04-14,17.26850128173828,17.26850128173828,16.951870451830835,16.951870451830835,46900
2015-04-15,17.585128784179688,17.633840619037105,17.24414284313515,17.24414284313515,10467
2015-04-16,17.731266021728516,17.877403076342315,17.60948565905746,17.658197494421618,30200
2015-04-17,17.560771942138672,17.609485325100323,17.36592305585595,17.585128633619497,12367
2015-04-20,17.633840560913086,17.682553944131246,17.463348365213445,17.463348365213445,3367
2015-04-21,17.536415100097656,17.609483618939322,17.46334658125599,17.585126929818383,8367
2015-04-22,17.585128784179688,17.633840619037105,17.414636587918075,17.487705114464855,2800
2015-04-23,17.926115036010742,18.023540255935956,17.48770541765063,17.48770541765063,17267
2015-04-24,18.510662078857422,18.53501877145441,18.07225245176118,18.07225245176118,24067
2015-04-27,19.07084846496582,19.09520515097843,18.72986260339403,18.72986260339403,26733
2015-04-28,19.216989517211914,19.2657013509397,19.070852467507287,19.095209158631814,16233
2015-04-29,19.387481689453125,19.387481689453125,19.1195642814457,19.241346188421023,20833
2015-04-30,19.46055030822754,19.53361883335716,19.143921065013377,19.168277756230342,18567
2015-05-01,19.80153465270996,19.874603171972602,19.557973954181932,19.60668578418331,26567
2015-05-04,19.99638557434082,20.02074226610288,19.825893377570356,19.850250069332414,27067
2015-05-05,19.82589340209961,20.118167509520664,19.801536710307417,20.118167509520664,36267
2015-05-06,19.777177810668945,19.923314836623014,19.533615584571823,19.898958149456995,14567
2015-05-07,19.46055030822754,19.606687358486777,18.99778401475414,19.557975524574125,17200
2015-05-08,19.6554012298584,19.77718315004574,19.533620858192496,19.58233424567601,11433
2015-05-11,19.53361701965332,19.825891093034038,19.48490519026358,19.728465885733417,10733
2015-05-12,19.777177810668945,19.85024632364598,19.509260445926824,19.509260445926824,5333
2015-05-13,19.80153465270996,20.045096899759145,19.752822822708588,19.972028380496507,16333
2015-05-14,19.80153465270996,20.045096899759145,19.80153465270996,19.972028380496507,7467
2015-05-15,19.898963928222656,19.947675768179852,19.533621257240014,19.704115019872404,8367
2015-05-18,19.6554012298584,19.825894989007814,19.606689390896324,19.825894989007814,11433
2015-05-19,18.997785568237305,19.4849085927606,18.997785568237305,19.4849085927606,14500
2015-05-20,18.778575897216797,19.0221381308504,18.729864069898504,18.949069615612427,18100
2015-05-21,18.754222869873047,18.87600322614392,18.754222869873047,18.82729139333982,7233
2015-05-22,18.6324405670166,18.754220910564726,18.55937205118351,18.754220910564726,5800
2015-05-26,18.14531898498535,18.510660042623257,18.07225046375353,18.510660042623257,12467
2015-05-27,18.169677734375,18.21839112388347,17.999185516659868,18.023542211414103,3133
2015-05-28,17.974828720092773,18.023542109325323,17.682556127304956,17.999185414709046,5267
2015-05-29,17.731266021728516,17.901758219763728,17.706909329785773,17.901758219763728,17567
2015-06-01,17.536415100097656,17.77997579722244,17.51205841097672,17.77997579722244,15467
2015-06-02,18.120962142944336,18.291455873894375,17.658195878041802,17.658195878041802,16733
2015-06-03,18.169677734375,18.364528195365878,18.047897357646832,18.194034429129236,5667
2015-06-04,17.633840560913086,17.901757974527744,17.60948541782531,17.901757974527744,7133
2015-06-05,17.68255615234375,17.77997983390381,17.463350546051366,17.487707240702132,5900
2015-06-08,17.68255615234375,17.73126799312378,17.487707240702132,17.706911298473017,4133
2015-06-09,17.658191680908203,17.755616868083063,17.633834996984284,17.706903500235224,3233
2015-06-10,18.169677734375,18.364528195365878,18.120965893388036,18.21839112388347,6700
2015-06-11,17.853046417236328,18.07225199956021,17.77997788979504,18.07225199956021,3733
2015-06-12,17.804340362548828,17.90176406508815,17.706915111487675,17.706915111487675,6700
2015-06-15,17.633840560913086,17.75562247043718,17.512060199910298,17.75562247043718,2667
2015-06-16,17.365921020507812,17.63383840131084,17.31720919177666,17.46334622649124,11967
2015-06-17,17.633840560913086,17.75562247043718,17.41463653051659,17.633840560913086,8533
2015-06-18,17.87740135192871,17.97482501325976,17.70690762181761,17.804332831669836,5600
2015-06-19,17.365921020507812,17.706906918668132,17.341565880402793,17.706906918668132,8000
2015-06-22,17.26850128173828,17.41463834961534,17.195432747799753,17.41463834961534,4067
2015-06-23,17.487703323364258,17.585126983100903,17.2197843877856,17.292852906848662,2967
2015-06-24,17.755619049072266,17.804330874382746,17.682550536846048,17.682550536846048,6833
2015-06-25,17.512060165405273,17.779977578492037,17.43899163924331,17.779977578492037,3167
2015-06-26,17.26850128173828,17.463350189400536,17.17107605364642,17.195432747799753,6333
2015-06-29,16.976224899291992,17.171073781167273,16.903156375023602,17.146718638758653,8900
2015-06-30,16.732662200927734,16.927511059709584,16.708305512884596,16.927511059709584,5167
2015-07-01,16.44038963317871,16.78137555417808,16.44038963317871,16.659595199932852,4000
2015-07-02,16.537817001342773,16.732665903237354,16.513460307910417,16.732665903237354,8133
2015-07-06,16.02633285522461,16.36731872654943,15.855840693822694,16.318606901651883,15700
2015-07-07,15.563569068908691,15.807129779812684,14.979022433626369,15.685349424360687,25100
2015-07-08,15.076449394226074,15.539215775215128,15.003380855278163,15.320011706892968,21767
2015-07-09,15.368721008300781,15.563569897096764,15.295652481437124,15.295652481437124,13433
2015-07-10,15.587929725646973,15.68535341538885,15.344367404249022,15.68535341538885,10067
2015-07-13,15.855838775634766,15.953262413643865,15.417427759031398,15.807125408109409,13067
2015-07-14,15.928910255432129,16.075045739757737,15.734059845955795,15.880196878802499,5800
2015-07-15,15.807126998901367,16.026332529263378,15.758415174994573,15.977620705356586,6900
2015-07-16,15.709711074829102,15.977628560820591,15.587930680927826,15.831491468730373,1500
2015-07-17,15.490499496459961,15.807128708887932,15.34436246040978,15.807128708887932,14033
2015-07-20,15.003376960754395,15.344362871158866,15.003376960754395,15.344362871158866,17067
2015-07-21,15.052090644836426,15.344363182163294,15.052090644836426,15.173870997766054,11033
2015-07-22,14.759815216064453,14.979020760506058,14.662390013472274,14.979020760506058,27967
2015-07-23,14.345762252807617,14.832885217549782,14.248337040450698,14.832885217549782,22367
2015-07-24,14.029130935668945,14.297048294145146,13.85863722653628,14.297048294145146,25167
2015-07-27,13.395873069763184,13.73685899166164,13.347161237640895,13.517653424329513,22200
2015-07-28,13.931708335876465,14.004776860770885,13.493298735031223,13.615079093681496,21600
2015-07-29,14.004777908325195,14.102203131645565,13.834285703166287,13.882997540565777,5867
2015-07-30,13.615079879760742,13.809928774555218,13.517654658102822,13.809928774555218,12233
2015-07-31,13.663790702819824,13.761215917251247,13.542010346171484,13.712502535774911,7067
2015-08-03,13.371516227722168,13.566365102521697,13.274092564583007,13.517653270952117,21767
2015-08-04,13.298445701599121,13.542007919776692,13.249733877371996,13.517651233402644,7567
2015-08-05,13.201025009155273,13.590722787276437,13.201025009155273,13.542010952141622,6233
2015-08-06,13.322805404663086,13.347162096552234,12.95746354319315,13.176668350370846,36633
2015-08-07,13.249733924865723,13.517651281856722,13.249733924865723,13.420227633053255,8500
2015-08-10,13.858637809753418,13.858637809753418,13.395871584594433,13.395871584594433,16733
2015-08-11,13.249733924865723,13.6637883035829,13.152310276062256,13.6637883035829,8767
2015-08-12,13.322805404663086,13.322805404663086,13.054887987967755,13.152313207003022,28067
2015-08-13,13.079243659973145,13.201024012880136,13.006175138524709,13.030530279993386,98700
2015-08-14,13.00617504119873,13.103598703386817,12.957462435844093,13.054886872292775,6033
2015-08-17,12.9087495803833,12.957462184794135,12.835681835157919,12.957462184794135,16900
2015-08-18,12.592121124267578,12.860038529102155,12.592121124267578,12.860038529102155,14433
2015-08-19,12.42162799835205,12.640832792974763,12.299846868663328,12.592120960507767,26233
2015-08-20,12.42162799835205,12.592120960507767,12.372915391624439,12.470339830819045,31567
2015-08-21,12.226778984069824,12.519052298405212,12.178066377883622,12.348559338144417,33300
2015-08-24,11.447381019592285,11.788366889912771,10.278286385847625,11.544805443360925,48833
2015-08-25,11.496092796325684,12.34855746856604,11.496092796325684,11.95885900085881,17867
2015-08-26,11.569164276123047,11.983218762354227,11.349958686614531,11.983218762354227,31200
2015-08-27,12.445982933044434,12.543407364555753,11.837079655403276,11.885792258289213,51867
2015-08-28,12.64083194732666,12.713900465399622,12.372914563899508,12.372914563899508,27133
2015-08-31,12.64083194732666,12.64083194732666,12.251134216618281,12.4946956854413,11467
2015-09-01,11.910148620605469,12.226778615622797,11.837080100658348,12.226778615622797,16000
2015-09-02,11.983217239379883,12.202422026768472,11.788368367421004,12.178066111338762,6600
2015-09-03,12.178068161010742,12.54341005098892,12.129355547691981,12.129355547691981,14300
2015-09-04,11.642229080200195,11.885790510289073,11.61787316946944,11.885790510289073,29033
2015-09-08,12.42162799835205,12.519052437546657,12.153710597001725,12.226779119962835,27700
2015-09-09,12.42162799835205,12.73825723216937,12.397272082118553,12.713901315935873,12500
2015-09-10,12.494696617126465,12.592121057068153,12.34855957008362,12.470339926445575,10700
2015-09-11,12.445982933044434,12.519051450243062,12.372914415845806,12.421627018731744,4700
2015-09-14,12.178068161010742,12.29984853291656,12.080643708633943,12.20242408053976,7167
2015-09-15,12.299846649169922,12.299846649169922,12.129353690056687,12.129353690056687,11933
2015-09-16,12.616477012634277,12.640832929130115,12.397272215650492,12.397272215650492,10600
2015-09-17,12.738256454467773,12.93310609522156,12.543407587974556,12.713900539721264,7700
2015-09-18,12.178068161010742,12.44598559861212,12.129355547691981,12.29984853291656,20100
2015-09-21,11.861435890197754,12.129353277657827,11.837079975226997,12.129353277657827,13467
2015-09-22,11.057684898376465,11.569163812470658,10.98461637146863,11.374314923556867,103300
2015-09-23,10.838479042053223,11.10639643192325,10.838479042053223,11.082039742472823,18100
2015-09-24,10.91154670715332,10.984615226444575,10.643629319259105,10.789766357841614,15967
2015-09-25,10.716696739196777,11.008970786379374,10.69234082668506,11.008970786379374,11533
2015-09-28,10.0347261428833,10.448780574258004,9.961658396988284,10.400068743661325,53400
2015-09-29,10.083438873291016,10.180863309958006,10.010370352225623,10.03472626782722,24433
2015-09-30,10.32699966430664,10.521848524663614,10.25393114810764,10.30264297606661,13033
2015-10-01,10.594918251037598,10.96026009950221,10.473137118708971,10.69234269234412,17933
2015-10-02,10.88719367980957,10.88719367980957,10.448783222040754,10.448783222040754,8100
2015-10-05,11.642229080200195,11.690940901661707,11.252530637205902,11.252530637205902,54433
2015-10-06,12.056285858154297,12.056285858154297,11.666587336801006,11.666587336801006,30400
2015-10-07,12.811325073242188,13.030529856197631,12.421627337205587,12.421627337205587,51833
2015-10-08,13.030529975891113,13.12795518505575,12.640832236274898,12.884393710665323,10067
2015-10-09,13.615079879760742,14.004777669349693,13.347162455853168,13.371517599876624,26000
2015-10-12,13.371516227722168,13.882995879026987,12.908749956508137,13.785570667366619,8700
2015-10-13,12.9087495803833,13.201023658327147,12.835681835157919,13.054886619355225,20500
2015-10-14,13.12795639038086,13.225381608490459,12.884394893628173,12.884394893628173,9867
2015-10-15,13.12795639038086,13.225381608490459,12.73825784072443,12.786970449779227,12667
2015-10-16,12.835680961608887,13.152310933079196,12.786968360513253,13.152310933079196,13900
2015-10-19,12.348560333251953,12.738258117102896,12.324204415326438,12.738258117102896,13167
2015-10-20,12.275491714477539,12.445984687217255,12.226779878986573,12.226779878986573,9133
2015-10-21,12.129354476928711,12.421628582518261,11.910149671997202,12.421628582518261,11467
2015-10-22,12.494696617126465,12.543408449966998,12.275491046562196,12.275491046562196,2367
2015-10-23,12.71390151977539,12.835682651416606,12.665189686527409,12.786970043907996,8367
2015-10-26,12.64083194732666,12.835681586941414,12.567763429253697,12.786968983472585,7933
2015-10-27,12.324204444885254,12.54340925526199,12.299847752640648,12.47034072704952,9933
2015-10-28,12.519050598144531,12.762612047475304,12.226777323503908,12.226777323503908,5533
2015-10-29,12.104998588562012,12.470340447163917,11.958861535416988,12.299847476581608,22100
2015-10-30,12.275491714477539,12.275491714477539,12.031930214240708,12.129354659483308,4767
2015-11-02,12.275491714477539,12.37291615972014,12.17806726923494,12.37291615972014,3300
2015-11-03,12.738256454467773,12.762613143474853,12.372914636227849,12.372914636227849,14300
2015-11-04,12.494696617126465,12.908750293313489,12.34855957008362,12.908750293313489,9533
2015-11-05,12.202424049377441,12.4459855668278,12.129355516716263,12.3485611146998,10700
2015-11-06,11.910148620605469,12.104997490957402,11.812724185429504,12.104997490957402,9033
2015-11-09,11.642229080200195,11.861433825297876,11.544804663016732,11.812722003836365,10967
2015-11-10,11.496092796325684,11.9832156873946,11.423024285239297,11.471736884050385,11033
2015-11-11,11.130753517150879,11.544807990205534,11.106397599400802,11.520451298194791,20600
2015-11-12,10.765408515930176,11.106394362082566,10.570559682203221,11.00896994521909,18867
2015-11-13,10.5218505859375,10.887192464243938,10.473137974174982,10.741055403217084,19000
2015-11-16,10.473137855529785,10.546206385215454,10.278288959208462,10.52185046674046,28033
2015-11-17,10.42442512512207,10.765411051589474,10.351356601698967,10.546205481320163,15733
2015-11-18,10.570561408996582,10.570561408996582,10.416305476401694,10.481255098254099,19400
2015-11-19,10.611156463623047,10.749174631220805,10.513732011364755,10.594919442043691,19700
2015-11-20,10.473137855529785,10.814123811222448,10.43254491615836,10.724818260640346,22400
2015-11-23,10.172743797302246,10.554323398502602,10.172743797302246,10.424424157479642,58100
2015-11-24,10.294525146484375,10.489374012372647,10.156507006248374,10.156507006248374,27200
2015-11-25,10.205219268798828,10.270168893518678,10.107794831719053,10.229575958764222,46100
2015-11-27,10.148388862609863,10.221457386302355,10.026608505962795,10.205219592477079,128200
2015-11-30,10.24581527709961,10.294527893701503,10.099678201554708,10.099678201554708,9800
2015-12-01,10.456897735595703,10.489372542024926,10.221455195418724,10.31076071953397,93100
2015-12-02,10.229576110839844,10.456899800738775,10.091557962693196,10.456899800738775,110700
2015-12-03,10.115914344787598,10.253932499292569,10.067201736149107,10.22145768495379,108500
2015-12-04,10.172743797302246,10.229575295945203,10.059082348537432,10.067200470405954,15400
2015-12-07,9.669384002685547,10.05908250611987,9.661265106429287,10.05908250611987,69600
2015-12-08,9.393348693847656,9.458298322082163,9.166024995026886,9.450180199248331,12300
2015-12-09,9.555724143981934,9.718098224853446,9.39334928884973,9.653148592504841,48400
2015-12-10,9.653146743774414,9.685621553729277,9.555722313909829,9.555722313909829,15200
2015-12-11,9.409586906433105,9.555723963589037,9.377112090871861,9.442061721994348,7800
2015-12-14,9.149786949157715,9.47453505391712,9.04424362154577,9.368991726305174,65300
2015-12-15,9.141668319702148,9.295923480398464,9.052362007592185,9.255329772553988,65100
2015-12-16,9.336517333984375,9.336517333984375,9.190380293167319,9.190380293167319,13000
2015-12-17,8.954936981201172,9.352754362659763,8.938699963693356,9.352754362659763,37700
2015-12-18,9.092957496643066,9.23097566579412,8.979296021526244,8.979296021526244,48400
2015-12-21,9.255331039428711,9.320280671165982,9.117312878421838,9.247212916157064,33900
2015-12-22,9.490772247314453,9.620672265877957,9.214736740301007,9.271567466118396,103300
2015-12-23,9.921065330505371,9.929183453289637,9.531366789217012,9.531366789217012,110200
2015-12-24,9.929183959960938,10.14838954579524,9.539486173047527,9.945421754879336,130000
2015-12-28,9.83987808227539,10.156508104270182,9.612554380829737,9.904827711259863,107100
2015-12-29,9.86616325378418,10.063322027938765,9.241826352188662,9.857948109001239,69400
2015-12-30,9.800446510314941,9.907241073208649,9.751156410733403,9.907241073208649,50400
2015-12-31,9.70186710357666,9.77580107785811,9.63614670959389,9.63614670959389,8100
2016-01-04,9.422557830810547,9.56221219112704,9.225398226961698,9.56221219112704,101300
2016-01-05,9.4472017288208,9.512921330346138,9.365051835194405,9.488276675634,6800
2016-01-06,8.970733642578125,9.25825746813026,8.954303351545708,9.25825746813026,75100
2016-01-07,8.436763763427734,8.732502022719144,8.371043366812279,8.732502022719144,44200
2016-01-08,8.338184356689453,8.527128850197784,8.297110182110812,8.527128850197784,13100
2016-01-11,8.001370429992676,8.403903260738108,7.902791009204382,8.403903260738108,39900
2016-01-12,7.853500843048096,8.017799859965523,7.730275992780393,8.017799859965523,81500
2016-01-13,7.697416305541992,8.050659784824127,7.598836893904087,7.968509883406111,126000
2016-01-14,7.845285892486572,7.911005500896635,7.705631528755308,7.730276186049199,8200
2016-01-15,7.524900913238525,7.598835655780204,7.393461719137495,7.565975857254946,60700
2016-01-19,7.590620517730713,7.746705148458254,7.426321524943351,7.689199913403131,42700
2016-01-20,7.459181785583496,7.557761187362727,7.1141534876364645,7.467396931591626,39000
2016-01-21,7.689201354980469,7.919220771446387,7.5166871843508005,7.582406793786908,32800
2016-01-22,7.927433967590332,8.10816325864379,7.779565259855163,7.927433967590332,18200
2016-01-25,7.607051849365234,7.9274347332687585,7.598836702742195,7.820640960927252,32200
2016-01-26,7.927433967590332,8.017799004836775,7.648126060339712,7.7302751683171556,45700
2016-01-27,7.787779331207275,8.042443358330951,7.771349823601546,7.878144365076675,81700
2016-01-28,8.067089080810547,8.206743439448731,7.927434722172363,8.13280868682387,38600
2016-01-29,8.223173141479492,8.272462450726154,8.050658992237285,8.050658992237285,18100
2016-02-01,8.099949836730957,8.132809643603391,8.026015858847677,8.091735472592545,6700
2016-02-02,7.771350860595703,7.878145416321293,7.771350860595703,7.820640956868861,8300
2016-02-03,8.264250755310059,8.264250755310059,7.771352803131202,7.869932236879034,12200
2016-02-04,8.84751033782959,8.929659449583728,8.362827679754169,8.362827679754169,26300
2016-02-05,8.872156143188477,8.913231096110188,8.732501773318395,8.905015948837933,13300
2016-02-08,8.740717887878418,8.87215712502191,8.518913587619036,8.790007210087403,130300
2016-02-09,8.313538551330566,8.486052724518158,8.223174282875943,8.469623213635296,11800
2016-02-10,8.264250755310059,8.346399891713403,8.223175795388538,8.346399891713403,4300
2016-02-11,8.034229278564453,8.420332551508897,7.911005213137685,8.05065957178909,19900
2016-02-12,8.49426555633545,8.52712535258389,8.297106778844794,8.346396081497787,42200
2016-02-16,8.987164497375488,8.987164497375488,8.724286068965672,8.7571458725169,174800
2016-02-17,9.611502647399902,9.69365255739188,9.176110004697476,9.176110004697476,54500
2016-02-18,9.603286743164062,9.849735670285098,9.406127914843053,9.849735670285098,27700
2016-02-19,9.54577922821045,9.62792910546072,9.52934972282397,9.56220951703622,15600
2016-02-22,10.129043579101562,10.227622985252102,9.67722071333198,9.931884766800483,67200
2016-02-23,9.70186710357666,10.202979329828562,9.66079215112726,10.079755255919924,78200
2016-02-24,9.553997039794922,9.595071989886874,9.184324055846368,9.48006228631731,66900
2016-02-25,9.636146545410156,9.701866938273161,9.323978792368477,9.373268107716303,16700
2016-02-26,9.767587661743164,9.997606320960166,9.685437748874419,9.825092130687507,33100
2016-02-29,9.792231559753418,10.00582068982928,9.775801265083166,9.784016412418291,6600
2016-03-01,10.194764137268066,10.219408795252175,9.866166086014768,10.087969574750856,61400
2016-03-02,11.155912399291992,11.155912399291992,10.170117640342129,10.170117640342129,113500
2016-03-03,11.55023193359375,11.60773639208384,11.254492927783023,11.295567876750011,49900
2016-03-04,12.075987815856934,12.371726798218448,11.706314871344468,11.788464762764761,97200
2016-03-07,12.182782173156738,12.281361571274813,12.075987629335637,12.174567027453712,48800
2016-03-08,11.328429222106934,12.133495667811378,11.205205141862997,12.133495667811378,71400
2016-03-09,11.55023193359375,11.665240850573932,11.270923220745614,11.459866889178477,31000
2016-03-10,11.57487678527832,11.591306295079173,11.270923411287274,11.500942032575727,18600
2016-03-11,11.821328163146973,11.862402337927932,11.66524347859653,11.747393395037781,29200
2016-03-14,11.928121566772461,11.985626032555988,11.615953011845512,11.845971658419206,21800
2016-03-15,11.196989059448242,12.100634067152614,11.188773912533955,11.574877199670661,19400
2016-03-16,11.558446884155273,11.689886100779145,11.221633695696719,11.221633695696719,51900
2016-03-17,12.437445640563965,12.453875147783844,11.303781438574648,12.034912137245305,32600
2016-03-18,12.42101764678955,12.675681715024682,11.91990544060758,12.577102303158041,32000
2016-03-21,12.445659637451172,12.618173767117039,12.24028571086987,12.453874782539868,9000
2016-03-22,12.536027908325195,12.536027908325195,12.21564421796999,12.330653928634833,14300
2016-03-23,11.53380298614502,12.240289213724651,11.53380298614502,12.059560670689597,54700
2016-03-24,11.714531898498535,11.714531898498535,11.090194817067747,11.238064331995973,25000
2016-03-28,11.739175796508789,11.739175796508789,11.139484195349963,11.484511735446047,17200
2016-03-29,11.476296424865723,11.542016025500534,11.24627703920445,11.509156225183128,58900
2016-03-30,11.591304779052734,11.829538515802783,11.500940528368027,11.624164577796211,11900
2016-03-31,11.591304779052734,11.870613460091977,11.55023061820294,11.804893862605025,12200
2016-04-01,11.476296424865723,11.492725933304706,11.24627703920445,11.435221478609106,6400
2016-04-04,11.221633911132812,11.566662253114194,11.090194691985534,11.566662253114194,23000
2016-04-05,10.999829292297363,11.106623842720381,10.835529501837664,11.05733374889458,21900
2016-04-06,11.01626205444336,11.073766528021968,10.794458525326087,10.835532701630981,7700
2016-04-07,10.556222915649414,10.958755729578321,10.350848935060434,10.958755729578321,50900
2016-04-08,10.802668571472168,10.991612997378898,10.605509783652487,10.76980877350222,8500
2016-04-11,11.106623649597168,11.270922653760554,10.893034552465043,10.893034552465043,18200
2016-04-12,11.845970153808594,11.854185300288394,11.30378302117361,11.30378302117361,38000
2016-04-13,11.944548606872559,12.14992255182115,11.911688807018361,11.911688807018361,40600
2016-04-14,11.903475761413574,12.13349518441642,11.804896344457882,12.13349518441642,20000
2016-04-15,11.936336517333984,11.936336517333984,11.689887563604826,11.895261561139186,12000
2016-04-18,12.314223289489746,12.33886873043916,11.854186026587566,11.854186026587566,22400
2016-04-19,13.324663162231445,13.324663162231445,12.314223563969314,12.634607252497078,46700
2016-04-20,13.423242568969727,13.751840601826956,13.332877522354357,13.332877522354357,50100
2016-04-21,13.1275053024292,13.59575775740648,13.111075790320326,13.59575775740648,28400
2016-04-22,13.209654808044434,13.423243942984556,13.045355774798029,13.045355774798029,63100
2016-04-25,12.905699729919434,13.26715755626755,12.897484583460741,13.086429034813236,24500
2016-04-26,13.1275053024292,13.242515804389377,12.979636559690887,13.119290938094569,7000
2016-04-27,13.390382766723633,13.464317524307875,13.143934619362234,13.152149766524829,28100
2016-04-28,13.41502857208252,13.73541148571827,13.250728758132357,13.554682943876411,40200
2016-04-29,14.121514320373535,14.121514320373535,13.628616489313705,13.628616489313705,46200
2016-05-02,14.006502151489258,14.409036454761273,13.833988793125958,14.170801931064727,30500
2016-05-03,13.267157554626465,13.760055373934232,13.234298535674734,13.760055373934232,32800
2016-05-04,12.6838960647583,13.111074299159354,12.667466554518002,12.938560132718855,37000
2016-05-05,12.634607315063477,12.971420516152081,12.60174750967531,12.782476831030008,12700
2016-05-06,12.6838960647583,12.82355042727868,12.503167534917415,12.503167534917415,8600
2016-05-09,11.903475761413574,12.396373629631597,11.813111491730748,12.396373629631597,72900
2016-05-10,12.084205627441406,12.084205627441406,11.870616489382796,11.919906591796169,18200
2016-05-11,12.289578437805176,12.462092604527664,12.158139221909858,12.158139221909858,41100
2016-05-12,11.993839263916016,12.52781123258483,11.911689368687215,12.404587173181092,26400
2016-05-13,11.887045860290527,12.026700225588888,11.829540614706795,11.928120811867611,10000
2016-05-16,12.149925231933594,12.39637417692316,11.95276638931778,11.95276638931778,14100
2016-05-17,12.437445640563965,12.577099977410144,12.149921821541977,12.412800204575076,11500
2016-05-18,11.960980415344238,12.322438259578483,11.870615366706033,12.207428553784188,32600
2016-05-19,11.862401008605957,11.969195574636124,11.624167217750838,11.813111691016388,26400
2016-05-20,11.977410316467285,12.05134507378763,11.952765658507023,12.010270121560822,4900
2016-05-23,11.952765464782715,12.043129731465473,11.936335170782465,12.043129731465473,10200
2016-05-24,11.780251502990723,11.977410333837874,11.772036355845538,11.936335381551496,16700
2016-05-25,12.158141136169434,12.19921609346372,11.83775740940158,11.952767133137652,10000
2016-05-26,12.117066383361816,12.519599248071708,12.084206573659777,12.29779572844286,19200
2016-05-27,12.100635528564453,12.149925632563491,11.98562659163274,12.059561355911484,14700
2016-05-31,11.919903755187988,12.215641948971887,11.837753865194975,12.0842027517346,10500
2016-06-01,11.944548606872559,11.944548606872559,11.73095951610056,11.739174661923967,22000
2016-06-02,11.8131103515625,11.96097985444387,11.747390746601777,11.96097985444387,4900
2016-06-03,12.363513946533203,12.379943457802227,12.223859575268422,12.23207472262272,30000
2016-06-06,12.8646240234375,12.872839169412384,12.494951072401602,12.494951072401602,17600
2016-06-07,12.798905372619629,12.831765175519006,12.494951999940515,12.601746555223366,27300
2016-06-08,13.078213691711426,13.226083191986588,12.913914682205396,12.913914682205396,19200
2016-06-09,12.757830619812012,13.078214290599643,12.618176259476854,12.979634880381797,42500
2016-06-10,12.281363487243652,12.462092803708057,12.199214367715859,12.404588341694648,39500
2016-06-13,12.207428932189941,12.322438641549306,12.141709322110176,12.149924469230035,11100
2016-06-14,11.862401008605957,12.043130334460054,11.78025188481015,12.002055380842362,14300
2016-06-15,12.240287780761719,12.273147583233904,12.22385827124537,12.248502927239636,8300
2016-06-16,11.985625267028809,12.026700218581961,11.763820998705508,12.026700218581961,22600
2016-06-17,12.281363487243652,12.511382118736826,12.232074172214883,12.379942900740726,39500
2016-06-20,12.61817741394043,12.75783178705286,12.511382847240359,12.733187128103484,8900
2016-06-21,12.601746559143066,12.618176068878117,12.371727938775882,12.55245646305892,14800
2016-06-22,12.527812957763672,12.75783159926445,12.470308493248371,12.741402088019894,7600
2016-06-23,12.905699729919434,12.946774678773409,12.741400717943018,12.798905176274891,42100
2016-06-24,11.960980415344238,12.281363308691983,11.763820807776943,11.895260023862123,59500
2016-06-27,11.525588035583496,11.993841262928232,11.525588035583496,11.993841262928232,58200
2016-06-28,12.06777286529541,12.281361959692711,11.829539116449016,11.928119301124262,16700
2016-06-29,12.322440147399902,12.470309679869388,12.273150042096859,12.289580338344422,14600
2016-06-30,12.659250259399414,12.70032520643367,12.421016506728074,12.585315511425645,69100
2016-07-01,12.897486686706543,12.987851745609385,12.675683180227848,12.675683180227848,78800
2016-07-05,12.774260520935059,13.21786824501185,12.675681113744604,13.21786824501185,31900
2016-07-06,12.798905372619629,12.88105527158782,12.577101898908708,12.692110817336777,9100
2016-07-07,12.708540916442871,13.004279138021252,12.659250821126731,12.963204189164383,42000
2016-07-08,12.971420288085938,13.012495239958849,12.83998106884426,12.897485531402607,14100
2016-07-11,13.40681266784668,13.423242961689992,13.102859282701182,13.102859282701182,60400
2016-07-12,13.949000358581543,13.965430653047884,13.636832598116698,13.636832598116698,40400
2016-07-13,14.080438613891602,14.244738413517103,13.932569107604454,14.146158220366,40000
2016-07-14,14.187233924865723,14.326888284199741,14.137943044950884,14.137943044950884,13700
2016-07-15,14.064011573791504,14.211879530929894,13.973646516474266,14.195450802500652,21700
2016-07-18,13.998291015625,14.105084794171084,13.801130618975296,14.105084794171084,19200
2016-07-19,13.612188339233398,13.907927397808947,13.612188339233398,13.907927397808947,9300
2016-07-20,13.562897682189941,13.661476314083478,13.226084483942,13.595756703861419,18300
2016-07-21,13.718982696533203,13.883280942870167,13.62861764257643,13.735411424351499,17700
2016-07-22,13.661476135253906,13.7354108916458,13.636832261042663,13.7354108916458,4700
2016-07-25,13.49717903137207,13.636833408880722,13.439674564200134,13.636833408880722,15800
2016-07-26,13.74362564086914,13.760055934453785,13.456101770654,13.456101770654,21100
2016-07-27,13.809343338012695,14.055793007052637,13.702549578243895,14.055793007052637,11800
2016-07-28,14.16258716583252,14.16258716583252,13.907923910840738,13.907923910840738,9400
2016-07-29,14.294028282165527,14.294028282165527,13.973645384011595,14.096869455080101,13700
2016-08-01,14.055795669555664,14.244739354794888,13.973645764314533,13.981860911526558,18800
2016-08-02,14.04758071899414,14.37617877767956,13.97364595993003,14.37617877767956,15000
2016-08-03,14.055795669555664,14.096869838736673,13.842206542680367,14.096869838736673,8600
2016-08-04,14.039365768432617,14.146159551422446,13.932570418563628,14.014720326106122,10000
2016-08-05,13.899709701538086,14.022933764393347,13.825774950449135,14.014718617952466,30100
2016-08-08,14.055795669555664,14.31045896561197,13.998291205950608,14.088654691524647,19500
2016-08-09,14.096868515014648,14.187233558982362,14.039364056809367,14.047579203249974,21900
2016-08-10,14.137945175170898,14.573338612080354,14.121516446269581,14.466544823265183,11900
2016-08-11,14.28581428527832,14.376179342547104,14.170805351939288,14.376179342547104,7100
2016-08-12,14.031149864196777,14.220093544538102,14.006504423199575,14.195449670419976,12100
2016-08-15,14.072222709655762,14.195448336180643,14.031148545400088,14.195448336180643,7100
2016-08-16,14.28581428527832,14.294029432928138,14.146159908989839,14.28581428527832,39600
2016-08-17,14.04758071899414,14.21187896489728,13.875065758884833,14.21187896489728,36200
2016-08-18,14.351533889770508,14.400824775635655,14.14615989930332,14.179020489880086,10100
2016-08-19,14.187233924865723,14.343317010625677,14.055794712184175,14.343317010625677,22000
2016-08-22,14.088655471801758,14.096870619468765,13.84220730930835,13.990076833556076,13200
2016-08-23,14.129734992980957,14.285818139803414,14.088659243649028,14.195454625032419,45300
2016-08-24,13.603972434997559,13.965431090175322,13.5793285594058,13.965431090175322,41400
2016-08-25,13.579327583312988,13.645047191632315,13.349308170755812,13.497177681194064,25500
2016-08-26,13.62039852142334,14.055791802602936,13.47252904604617,13.932566195202837,6000
2016-08-29,13.603972434997559,13.735411661084168,13.357524277804956,13.44788933331919,17700
2016-08-30,13.209654808044434,13.472533261238683,13.160365489790307,13.472533261238683,24800
2016-08-31,13.020709991455078,13.193223373889206,12.963204747204182,13.193223373889206,23800
2016-09-01,13.102859497070312,13.143934448911068,12.897485521306077,12.913915815418196,9200
2016-09-02,13.472532272338867,13.56289732157118,13.25894315307644,13.25894315307644,15100
2016-09-06,13.661476135253906,13.7354108916458,13.497177895288985,13.554682357620662,10700
2016-09-07,13.6532621383667,13.6861211586051,13.595756110911186,13.620401551249262,5800
2016-09-08,13.645047187805176,13.686121355413588,13.562897285709292,13.620401747112695,6400
2016-09-09,13.242513656616211,13.480746635913896,13.152148612634864,13.480746635913896,20900
2016-09-12,13.308234214782715,13.431458286481261,12.938560432807996,12.946775579838445,27600
2016-09-13,12.807121276855469,13.258943397591185,12.75783117787072,13.258943397591185,46900
2016-09-14,13.061784744262695,13.143934649195993,12.83176610726484,12.979635622768955,14500
2016-09-15,13.045355796813965,13.275374443747124,12.97963618340449,13.028925501741803,20900
2016-09-16,13.135719299316406,13.226084350036514,13.03713988498137,13.176795034588768,14300
2016-09-19,13.160364151000977,13.464316744006375,13.160364151000977,13.308233657599935,15400
2016-09-20,13.226082801818848,13.258941819311241,13.176793492140805,13.242513094004495,4400
2016-09-21,13.456101417541504,13.464316564118246,13.07821407628534,13.373953085532074,6800
2016-09-22,13.776487350463867,13.932570451597597,13.727196465694005,13.727196465694005,12600
2016-09-23,13.702553749084473,13.74362792298738,13.406814682969777,13.620403834399358,4000
2016-09-26,13.587540626525879,13.645045079042298,13.480745300242114,13.636829933414408,3500
2016-09-27,13.341093063354492,13.431458112640755,13.21786899325081,13.357523357202734,10600
2016-09-28,13.686120986938477,13.686120986938477,13.349307807604621,13.349307807604621,4400
2016-09-29,13.718982696533203,13.809346183610833,13.62040249522771,13.760056866397658,4900
2016-09-30,13.784700393676758,13.825774557835796,13.702550498479756,13.825774557835796,5600
2016-10-03,13.74362564086914,13.916140589749839,13.68612118020192,13.916140589749839,10500
2016-10-04,13.365738868713379,13.735411089108231,13.275373816962166,13.735411089108231,2900
2016-10-05,13.636831283569336,13.694335741779156,13.505392074267185,13.505392074267185,3800
2016-10-06,13.398597717285156,13.636832280867392,13.390382570243105,13.636832280867392,6200
2016-10-07,13.546468734741211,13.833992645628788,13.447890093046718,13.833992645628788,3100
2016-10-10,13.669690132141113,13.866848943637885,13.5464660708155,13.5464660708155,2700
2016-10-11,13.423242568969727,13.661475555211586,13.423242568969727,13.661475555211586,3100
2016-10-12,13.612188339233398,13.669692807983255,13.56289901843056,13.56289901843056,2200
2016-10-13,13.49717903137207,13.53825320310082,13.324664062977046,13.456103292764105,4600
2016-10-14,13.472532272338867,13.513608006934946,13.464317125419653,13.464317125419653,1200
2016-10-17,13.546468734741211,13.546468734741211,13.415029501229048,13.415029501229048,1300
2016-10-18,13.932568550109863,13.932568550109863,13.63683111624815,13.63683111624815,8400
2016-10-19,13.866851806640625,13.981862312251794,13.801132189239647,13.88328210271069,10600
2016-10-20,13.866851806640625,13.866851806640625,13.390384188763713,13.390384188763713,12900
2016-10-21,13.949000358581543,13.990076094747392,13.866850453128967,13.866850453128967,7400
2016-10-24,13.825777053833008,14.02293589777197,13.817561906142316,13.981861726197723,4200
2016-10-25,14.187233924865723,14.367962450583097,14.055794712184175,14.055794712184175,15800
2016-10-26,14.105087280273438,14.244741671835724,13.916143564300748,14.055797955863033,11400
2016-10-27,14.129734992980957,14.318678739268957,14.1050895433818,14.211883357885567,10200
2016-10-28,14.179017066955566,14.277595681129823,14.064008161459325,14.064008161459325,11900
2016-10-31,14.409037590026855,14.409037590026855,14.236522651192548,14.285811962197087,7400
2016-11-01,14.376177787780762,14.745851557646738,14.28581274028485,14.326888474091643,10100
2016-11-02,14.220093727111816,14.37617838833994,14.179019558468196,14.367963241235396,6800
2016-11-03,14.376177787780762,14.376177787780762,14.302243033807567,14.302243033807567,500
2016-11-04,14.310461044311523,14.417254839822197,14.277600450690182,14.277600450690182,11500
2016-11-07,15.016947746276855,15.016947746276855,14.614414886201818,14.704778382542383,60600
2016-11-08,15.567350387573242,15.698789626958066,15.09088275308343,15.189461399182383,47500
2016-11-09,16.15060806274414,16.31490785722812,15.85486905942456,16.052029439556925,161300
2016-11-10,17.087114334106445,17.24319899603274,16.898170650494095,17.06247045956168,134500
2016-11-11,16.733869552612305,17.489645724964962,16.44634571925053,17.366420105753605,194800
2016-11-14,16.717439651489258,16.980318053771256,16.59421559627943,16.980318053771256,67800
2016-11-15,16.586000442504883,16.586000442504883,15.912374145256091,16.405270365862318,53500
2016-11-16,16.421703338623047,16.49563809715989,15.986309934670437,16.429918485891488,45300
2016-11-17,16.46277618408203,16.750298453592574,16.34776570939896,16.750298453592574,60700
2016-11-18,16.199899673461914,16.668153684133173,16.068460445972182,16.49563871875341,32900
2016-11-21,16.618854522705078,16.643499953166014,16.372406485609343,16.372406485609343,45300
2016-11-22,17.391067504882812,17.40749779821503,16.848880359951742,16.848880359951742,172100
2016-11-23,17.752531051635742,17.785390080542342,17.103548386776314,17.144624131508873,77400
2016-11-25,17.949689865112305,18.212568362995377,17.87575509172276,18.007194340664295,66700
2016-11-28,18.03183364868164,18.228992454973405,17.941468608218326,18.228992454973405,79000
2016-11-29,17.440359115600586,17.744313314773606,17.41571523923468,17.744313314773606,82600
2016-11-30,17.46500587463379,17.580014818017215,17.34178178288307,17.41571655130937,30500
2016-12-01,17.563583374023438,17.785387664814003,17.423928994660404,17.423928994660404,33300
2016-12-02,17.736095428466797,17.81003017990699,17.423926129746192,17.563580486146677,47000
2016-12-05,18.37686538696289,18.434369853688573,18.02362187207176,18.02362187207176,57700
2016-12-06,18.352222442626953,18.483661689289324,18.245427075414142,18.483661689289324,206300
2016-12-07,18.721893310546875,18.771182628446716,18.426154269389503,18.639743402794366,48500
2016-12-08,18.927263259887695,18.97655256727565,18.69724388061253,18.83689822394409,87800
2016-12-09,18.820470809936523,19.181929442094624,18.762966348045726,19.058705371345905,137100
2016-12-12,18.8944034576416,19.206571173167227,18.738318816439342,18.8944034576416,60000
2016-12-13,18.352222442626953,18.8286901034979,18.138633275080746,18.8286901034979,120400
2016-12-14,18.064697265625,18.442586249055232,17.851108112708665,18.286501566754964,30300
2016-12-15,17.604658126831055,17.71966705625839,17.39106899583804,17.66216259154472,46400
2016-12-16,17.185693740844727,17.538937217243888,17.144619573910465,17.53072207048123,46100
2016-12-19,16.651723861694336,17.06247185098006,16.569573950461344,16.86531300414842,71300
2016-12-20,16.97210693359375,17.16926578207098,16.59421953239887,16.59421953239887,46900
2016-12-21,16.9885311126709,17.6046528799087,16.939241810017904,17.218548902970653,54500
2016-12-22,16.643510818481445,16.824239392544055,16.627080520781362,16.824239392544055,13700
2016-12-23,16.602428436279297,16.64350416410668,16.51206496881666,16.62707387297573,27400
2016-12-27,16.659936904907227,16.659936904907227,16.479206809649874,16.479206809649874,16400
2016-12-28,16.667375564575195,16.85743450040231,16.576477127384962,16.85743450040231,8400
2016-12-29,16.642581939697266,16.766534906984962,16.609528970914013,16.63431830346959,16900
2016-12-30,16.52689552307129,16.766536264697063,16.427733456436727,16.675637834959343,110800
2017-01-03,17.047489166259766,17.064016437268815,16.55168364500682,16.68389866082458,40200
2017-01-04,17.54330062866211,17.54330062866211,17.17144639519979,17.22102664443589,42400
2017-01-05,17.97299575805664,18.006050299899922,17.592877983622756,17.64245822026037,22600
2017-01-06,17.667251586914062,17.91515597899492,17.650725888344137,17.88210142959974,17300
2017-01-09,17.71683120727539,17.79946599435704,17.295395211673704,17.50198139131409,17500
2017-01-10,18.394437789916992,18.427490766558343,17.973001698876953,17.973001698876953,46500
2017-01-11,18.79108238220215,18.848926271622126,18.4109644939407,18.4109644939407,39300
2017-01-12,19.014192581176758,19.171198522470203,18.964612338288962,19.005928944674206,58300
2017-01-13,19.187728881835938,19.195992520346497,18.60928837124784,18.956353308051852,65200
2017-01-17,18.75802230834961,19.24556572915169,18.650596631968305,19.10508708966419,83400
2017-01-18,18.683656692504883,18.948086780006285,18.625812807879907,18.948086780006285,31100
2017-01-19,18.824132919311523,18.824132919311523,18.62581037954175,18.634072439587314,27500
2017-01-20,18.84892463684082,18.873715548496865,18.70018231915982,18.749764142471914,10500
2017-01-23,19.19598388671875,19.245565695482078,19.047241612683123,19.047241612683123,32800
2017-01-24,20.113231658935547,20.12975893246733,19.394311021578474,19.584371514938884,143100
2017-01-25,20.642091751098633,20.650355387843774,20.20413003649898,20.311554161930722,160700
2017-01-26,20.146286010742188,20.642093217786545,20.030598240345313,20.60077660725271,46600
2017-01-27,20.20412826538086,20.377659893434192,20.08017530119715,20.08017530119715,24400
2017-01-30,19.95622444152832,20.237181769162877,19.749638263922172,20.03059559155673,33200
2017-01-31,20.402450561523438,20.410714197446982,19.584369518621234,20.146282576275734,60000
2017-02-01,20.774307250976562,20.78257088790636,20.452033291352443,20.575984693044212,58000
2017-02-02,20.68341064453125,20.964367998996313,20.658619733445178,20.774307499591636,40100
2017-02-03,20.22892189025879,20.551197458950757,20.21239461470992,20.551197458950757,48000
2017-02-06,20.21239471435547,20.26197654124651,20.063653962065604,20.26197654124651,26200
2017-02-07,20.286762237548828,20.41897726660649,20.23718199568407,20.23718199568407,24200
2017-02-08,20.485082626342773,20.584243092012326,20.311549447230284,20.311549447230284,39200
2017-02-09,20.4520320892334,20.65861827195293,20.27850045229019,20.633827362620686,40500
2017-02-10,21.278371810913086,21.31142634890795,20.65861340865348,20.65861340865348,91400
2017-02-13,21.691547393798828,21.87334265216958,21.65023079111873,21.691547393798828,128400
2017-02-14,21.66675567626953,21.76591772557184,21.344481774259812,21.724601124436806,108500
2017-02-15,21.270109176635742,21.53453918852092,21.22879257832638,21.36100758426897,126300
2017-02-16,20.939577102661133,21.352749497621097,20.832151397340084,21.352749497621097,105400
2017-02-17,20.435504913330078,20.575983581291155,20.278500548529905,20.55945630832456,189800
2017-02-21,20.964366912841797,20.964366912841797,20.534667266378058,20.534667266378058,87100
2017-02-22,20.584245681762695,20.82388639351369,20.493347263356817,20.82388639351369,92200
2017-02-23,20.104969024658203,20.79083514915086,20.080178113124383,20.47682481702732,87800
2017-02-24,19.8570613861084,19.931432526500835,19.443889084429195,19.71658274049238,123000
2017-02-27,19.576108932495117,19.74964058554219,19.510001410935143,19.700060338404114,63700
2017-02-28,19.369524002075195,19.642217743426443,19.352996726568396,19.49347541612072,69300
2017-03-01,20.21239471435547,20.270240179061688,19.675270865391205,19.675270865391205,139200
2017-03-02,19.600894927978516,20.146282281945396,19.584369232500254,20.146282281945396,72500
2017-03-03,19.749637603759766,19.757901239723083,19.4438909537541,19.56784234094903,49200
2017-03-06,19.179460525512695,19.56784355933405,19.055509130599976,19.56784355933405,122500
2017-03-07,18.691919326782227,19.146408318272286,18.592757261226225,19.146408318272286,98400
2017-03-08,18.320068359375,18.675396954695838,18.287013803471677,18.60928941901717,53900
2017-03-09,17.692041397094727,18.080422871533592,17.683777760260593,18.039106263490492,254600
2017-03-10,17.931684494018555,18.05563591056881,17.79946943954791,17.807731501340523,73400
2017-03-13,18.410961151123047,18.518385272522966,18.17132042289074,18.179584059325734,63600
2017-03-14,18.09695053100586,18.410962432886993,18.039106648061335,18.33659127592186,60700
2017-03-15,18.96461296081543,19.005929568556923,18.320063477606276,18.386170995669197,54300
2017-03-16,19.435630798339844,19.633953368592984,19.311679388947592,19.44389443578302,50900
2017-03-17,19.468679428100586,19.700056496501187,19.377782588762088,19.485206699299344,60100
2017-03-20,19.344728469848633,19.452154158864925,19.270357323953466,19.38604507262267,29700
2017-03-21,18.658864974975586,19.44389314245583,18.617548366635607,19.369521986541805,45300
2017-03-22,18.782814025878906,18.82413220517643,18.41922350482499,18.61754603707096,54800
2017-03-23,18.708444595336914,18.865450538814393,18.58449319832944,18.66712798837693,79400
2017-03-24,18.55143928527832,18.741498189440264,18.47706813562757,18.634072494999202,48000
2017-03-27,18.229162216186523,18.229162216186523,17.725093060343106,18.146527437418438,35500
2017-03-28,18.410961151123047,18.56796551500543,18.262218847548166,18.262218847548166,15000
2017-03-29,18.634075164794922,18.700182687719646,18.320064824934402,18.320064824934402,52300
2017-03-30,18.840660095214844,18.92329488730731,18.617548205531012,18.749763242427935,31300
2017-03-31,18.534912109375,18.700180105804588,18.2622184179451,18.543175745615596,21700
2017-04-03,18.526647567749023,18.873712392256014,18.394432546615636,18.534911203585782,20100
2017-04-04,18.80760955810547,18.81587319599694,18.493597622740673,18.59275970131055,69000
2017-04-05,19.00592803955078,19.410836752127658,19.00592803955078,19.171197609476106,36600
2017-04-06,19.022457122802734,19.121617613296568,18.96461324066007,19.047246457362405,29100
2017-04-07,18.832399368286133,19.014194662862785,18.799344818657097,18.939823502325137,18200
2017-04-10,18.824132919311523,18.857185887876096,18.724970861362916,18.807605646965513,43700
2017-04-11,18.708444595336914,18.80760665861941,18.51012204489945,18.80760665861941,33100
2017-04-12,18.220901489257812,18.551440657093355,18.14653033410757,18.551440657093355,40000
2017-04-13,17.873836517333984,18.138268165250878,17.873836517333984,18.105213618213433,43600
2017-04-17,17.96473503112793,18.088686430853638,17.939944120731766,17.981262304725373,84200
2017-04-18,17.501983642578125,17.766413734350827,17.353241321924063,17.71683348617536,85200
2017-04-19,17.435874938964844,17.74162162082552,17.42761130214056,17.700305012831663,15800
2017-04-20,17.667251586914062,17.749886384274348,17.510247205669952,17.617671338948956,11200
2017-04-21,17.48545265197754,17.766409958811725,17.427608778710617,17.584614703383213,20800
2017-04-24,17.551559448242188,17.650721495621674,17.51850648320054,17.601139683868293,28800
2017-04-25,17.67551040649414,17.85730722636041,17.55982266739905,17.667246771397743,37300
2017-04-26,17.71683120727539,17.815991690871392,17.535034360470267,17.584616178395738,25700
2017-04-27,17.386293411254883,17.815991461518323,17.303658625237027,17.725094615413386,29000
2017-04-28,17.67551040649414,17.981258600551897,16.758268976575344,16.766532611671742,99900
2017-05-01,17.807727813720703,17.873835327266498,17.526770487119215,17.526770487119215,50100
2017-05-02,17.634199142456055,17.849048991584592,17.568091617810946,17.849048991584592,25400
2017-05-03,17.047489166259766,17.5680871701536,17.022699835873507,17.35323737541791,40700
2017-05-04,16.31204605102539,16.89875167458916,16.163303735864783,16.659110927690936,413800
2017-05-05,16.444259643554688,16.48557782530851,16.022823646430552,16.155038675787832,76500
2017-05-08,16.212886810302734,16.303783672931832,16.138515646979457,16.303783672931832,25200
2017-05-09,16.353361129760742,16.48557614564707,16.254199079782342,16.254199079782342,15100
2017-05-10,16.46078872680664,16.477316001326034,16.15504045270848,16.46905236406634,7500
2017-05-11,16.535160064697266,16.61779486205954,16.237675424644145,16.57647667531457,6800
2017-05-12,16.576473236083984,16.873957814416013,16.53515663403891,16.584736871718466,9500
2017-05-15,16.849166870117188,17.295393736624867,16.824377539396096,16.824377539396096,10100
2017-05-16,17.064023971557617,17.09707852817031,16.32857742433325,16.940072536516027,11400
2017-05-17,16.667375564575195,17.006176824485344,16.634321014277763,17.006176824485344,17500
2017-05-18,16.634319305419922,16.68390112577249,16.336836263942253,16.50210427006817,8600
2017-05-19,17.15491485595703,17.179705762476768,16.84916664672286,16.84916664672286,14900
2017-05-22,17.229290008544922,17.31192480671204,17.154918847807288,17.26234298213516,34300
2017-05-23,17.1301212310791,17.278863494339166,17.039224407185667,17.138384865274336,33800
2017-05-24,17.15491485595703,17.16317849146361,16.989645298080077,17.014436204599814,11000
2017-05-25,17.179706573486328,17.468925949233327,17.13838839400291,17.229286812739044,34800
2017-05-26,17.221023559570312,17.270603799924924,16.97312078166984,17.254076527764244,8000
2017-05-30,17.12186622619629,17.187973756948868,16.97312546409888,17.187973756948868,7200
2017-05-31,16.700424194335938,16.907010351570932,16.53515621422432,16.907010351570932,16000
2017-06-01,16.708688735961914,16.725216007707626,16.61779189361526,16.642581225106444,7200
2017-06-02,16.584741592407227,16.692167310105873,16.535161340615122,16.65084912017263,12400
2017-06-05,16.477313995361328,16.526894236755908,16.411206481459402,16.469050359107655,24200
2017-06-06,16.609529495239258,16.609529495239258,16.444259917723443,16.444259917723443,7600
2017-06-07,16.650848388671875,16.799590713641468,16.601268139057915,16.741746826403897,5500
2017-06-08,17.055757522583008,17.080548435958395,16.659112365343347,16.659112365343347,38600
2017-06-09,17.196231842041016,17.31192116559377,17.14665160401975,17.17970614678549,15200
2017-06-12,17.105335235595703,17.295394130715632,17.047489784964647,17.196232077189766,12800
2017-06-13,17.14665412902832,17.19623437435075,17.055755699164212,17.19623437435075,20800
2017-06-14,16.758272171020508,17.179708184507067,16.70869035099089,17.179708184507067,8100
2017-06-15,16.31204605102539,16.51036861253033,16.278993078838372,16.469052003264654,35800
2017-06-16,16.212886810302734,16.32857458608217,16.16330498400206,16.32857458608217,11800
2017-06-19,16.378150939941406,16.559947774206147,16.361623668439638,16.361623668439638,30500
2017-06-20,15.981510162353516,16.20462365902083,15.931929910692263,16.20462365902083,10300
2017-06-21,16.014564514160156,16.08893568610638,15.998038812938265,16.047619068859774,10800
2017-06-22,16.196353912353516,16.254197780162908,15.973240499836837,15.973240499836837,8400
2017-06-23,16.402942657470703,16.411206293629796,16.229409450384612,16.353362416643577,6000
2017-06-26,16.411209106445312,16.485580268496637,16.320310669243092,16.411209106445312,11000
2017-06-27,16.576473236083984,16.73347916088448,16.54342026967339,16.54342026967339,21700
2017-06-28,16.98138427734375,17.07228270578522,16.7417451152629,16.750008752041904,14100
2017-06-29,17.15491485595703,17.427608523164885,17.15491485595703,17.24581327040209,80000
2017-06-30,17.336711883544922,17.378030065307716,17.20449685415893,17.30365891426216,27200
2017-07-03,17.501983642578125,17.634198688464476,17.237553550805423,17.237553550805423,26700
2017-07-05,17.5350341796875,17.6176689659172,17.41934642464239,17.60114169344577,47400
2017-07-06,17.378034591674805,17.52677535638018,17.378034591674805,17.485458739983333,7100
2017-07-07,17.394554138183594,17.444135951670713,17.138387739676123,17.394554138183594,23900
2017-07-10,17.609405517578125,17.609405517578125,17.0805454018689,17.27060430893597,74900
2017-07-11,18.047367095947266,18.055630731497313,17.58461453803581,17.58461453803581,34000
2017-07-12,18.25395965576172,18.377911080212503,18.13827186975804,18.22090510197331,30600
2017-07-13,18.402694702148438,18.427484031537293,18.295269021039218,18.320059926555327,11900
2017-07-14,18.584495544433594,18.592759182094294,18.510124381614997,18.534915294597106,36500
2017-07-17,19.072032928466797,19.1133495272003,18.76628473900638,18.76628473900638,62000
2017-07-18,19.19598388671875,19.212511156306526,19.10508705624034,19.179456617130974,20800
2017-07-19,19.29515266418457,19.410840439432018,19.179463312809396,19.344732914129516,22300
2017-07-20,18.93155860900879,19.14640843896146,18.923294972149733,19.14640843896146,25500
2017-07-21,18.948087692260742,19.04724819178402,18.807609004496328,18.981140666725928,29400
2017-07-24,19.014192581176758,19.03898349068441,18.890241185893515,18.92329415577621,6800
2017-07-25,19.8570613861084,19.98101276138671,19.187721122576466,19.187721122576466,114500
2017-07-26,20.600770950317383,20.609034585380503,20.12975478461013,20.162807748735382,77900
2017-07-27,20.30329132080078,20.658619834128203,20.162812642883605,20.658619834128203,43700
2017-07-28,20.286762237548828,20.31155314654494,20.014068543101466,20.121494239290485,27800
2017-07-31,20.774307250976562,20.81562543562554,20.542931721452614,20.658619486214587,66800
2017-08-01,20.823883056640625,20.856936018683392,20.633822614417987,20.815619422098152,109100
2017-08-02,20.60903549194336,20.708195964808276,20.45202957109206,20.666879363802444,111300
2017-08-03,20.642091751098633,20.699935632187074,20.46029647108817,20.526403988921754,67000
2017-08-04,20.650352478027344,20.79083113064497,20.52640109657116,20.658616113608065,124700
2017-08-07,20.889995574951172,20.947839454516345,20.790833512748364,20.86520466536859,60200
2017-08-08,21.088315963745117,21.146159837386968,20.89825707145694,20.91478276669222,39400
2017-08-09,20.87346839904785,21.055263675117036,20.83215021621791,21.055263675117036,57900
2017-08-10,20.055387496948242,20.609038543492066,20.055387496948242,20.609038543492066,72800
2017-08-11,19.650480270385742,19.77443167742459,19.435630429325496,19.617425721240632,52900
2017-08-14,19.890119552612305,19.947963437795213,19.70006062240341,19.782695419576566,26100
2017-08-15,19.61742401123047,19.64221492092833,19.43562873516205,19.64221492092833,15000
2017-08-16,20.427242279052734,20.501613434923737,19.890118490305834,19.890118490305834,41000
2017-08-17,20.22892189025879,20.68341251108622,20.162814364191057,20.542933821176323,39200
2017-08-18,20.261972427368164,20.369396544899118,20.071913524590933,20.22065424668131,14500
2017-08-21,20.600770950317383,20.71645868894661,20.460292306498797,20.493345270624047,86700
2017-08-22,21.005685806274414,21.06352969264733,20.87347075852841,20.939578282401413,83400
2017-08-23,21.25358772277832,21.25358772277832,20.823889623944186,20.931313754620813,40000
2017-08-24,21.451908111572266,21.484962656816244,21.170952357635784,21.286640113734773,95900
2017-08-25,21.518016815185547,21.69981208237651,21.418854757363924,21.625440933042153,199100
2017-08-28,21.7493953704834,21.76592264512384,21.551072803181054,21.62544396293539,55700
2017-08-29,21.88987159729004,21.88987159729004,21.658494506660322,21.807236809484607,99800
2017-08-30,21.7246036529541,21.92292619851409,21.641968864938903,21.898135289271284,38500
2017-08-31,21.881608963012695,21.898136236556184,21.757657563691662,21.832028718509793,91800
2017-09-01,22.360889434814453,22.377416708780665,21.96424431639097,22.129513903797886,46800
2017-09-05,22.1295108795166,22.550946851294775,21.93945040713457,22.51789230787968,90200
2017-09-06,22.31130599975586,22.426993748727167,22.187354614982688,22.360886238439655,41800
2017-09-07,22.33609962463379,22.36088895892794,22.19562095116587,22.3526253221207,22300
2017-09-08,21.54280662536621,22.19561971153002,21.43538250512693,22.19561971153002,163500
2017-09-11,21.7246036529541,21.84855504691316,21.65023250135317,21.65023250135317,32300
2017-09-12,21.7246036529541,21.832027774084622,21.526279531266628,21.625441592110363,26500
2017-09-13,21.096582412719727,21.52628049255817,21.03873695523666,21.52628049255817,115000
2017-09-14,20.889995574951172,20.93957581798882,20.57598369141521,20.906521271878713,67100
2017-09-15,20.7495174407959,20.873468839647064,20.57598422150223,20.815624958591687,38500
2017-09-18,20.84041404724121,20.956103384116997,20.79083380351018,20.832150410598118,74900
2017-09-19,20.91478157043457,20.94783611126921,20.65861518347511,20.92304520564323,37700
2017-09-20,20.964366912841797,21.22053334294892,20.865204849762655,21.063527399793415,93300
2017-09-21,20.68341064453125,20.774307499591636,20.485088084225488,20.650356096416488,22900
2017-09-22,20.551197052001953,20.65862118868693,20.1628139649329,20.493351588726348,46300
2017-09-25,20.08843994140625,20.369397275646406,20.03885969893078,20.35287000277875,47900
2017-09-26,20.113231658935547,20.24544669493471,19.997543896468166,20.154548266637452,14300
2017-09-27,20.080177307128906,20.237183254952452,20.014069788486502,20.162812099463803,15100
2017-09-28,20.311553955078125,20.369397835577487,19.832274061633747,20.055387523097732,25500
2017-09-29,20.534666061401367,20.575982665852155,20.41897673190978,20.485085820834932,19100
2017-10-02,20.74125099182129,20.757778263061248,20.51813755846384,20.51813755846384,36200
2017-10-03,21.204008102416992,21.261851988038416,20.84041593777532,20.84041593777532,196500
2017-10-04,21.35274887084961,21.42712002584958,21.23706110801746,21.27837771584964,39900
2017-10-05,21.708078384399414,21.955981195206018,21.5593360674644,21.5593360674644,91700
2017-10-06,21.699813842773438,21.732866813977108,21.518018560834335,21.724604753271866,241300
2017-10-09,21.48496437072754,21.65023395787648,21.40232957715307,21.625443046965863,28700
2017-10-10,21.592384338378906,21.650229786023925,21.518014772232746,21.625438879890346,30800
2017-10-11,21.534542083740234,21.57586026373183,21.435381604015227,21.509752751872686,21000
2017-10-12,21.708078384399414,21.765922268512448,21.526281518755447,21.592389040045717,46200
2017-10-13,21.88987159729004,22.030350263721033,21.873344324503456,21.955979112308892,33900
2017-10-16,22.435258865356445,22.633581409309166,22.410469532442026,22.426995229009147,46100
2017-10-17,22.088193893432617,22.493102615376056,22.013822742858572,22.493102615376056,67900
2017-10-18,21.97250747680664,22.079931603001867,21.823765166592047,22.05514226871781,33300
2017-10-19,21.81550407409668,21.81550407409668,21.47670280626182,21.69155265983744,33200
2017-10-20,21.75765609741211,21.964242274400878,21.75765609741211,21.94771500197119,33300
2017-10-23,21.774185180664062,21.881609308135936,21.641970142485953,21.757657906859905,18700
2017-10-24,21.95598030090332,21.989034848265906,21.848556174230055,21.848556174230055,42000
2017-10-25,21.617177963256836,21.972506448557237,21.542806811629895,21.90639893334745,349100
2017-10-26,21.385805130004883,21.716344347993694,21.27011734938548,21.716344347993694,204900
2017-10-27,21.096582412719727,21.096582412719727,20.766043245898153,20.923049192525646,32800
2017-10-30,21.080055236816406,21.1957430000634,21.00568408154975,21.03047499201449,19200
2017-10-31,21.146163940429688,21.195744188010405,20.98915798427516,20.98915798427516,17600
2017-11-01,21.41885757446289,21.708078573677472,21.344486415346925,21.484965096329567,15100
2017-11-02,21.402326583862305,21.625440022470855,21.394062948047836,21.484961365879624,26900
2017-11-03,21.36927604675293,21.52628041669958,21.220533737432902,21.52628041669958,17900
2017-11-06,21.865081787109375,21.931190881578534,21.53454419540139,21.542807832210038,42400
2017-11-07,21.716339111328125,21.790710259829012,21.534542270047105,21.790710259829012,36000
2017-11-08,21.848556518554688,21.91466403819412,21.75765808800262,21.823765607642052,56000
2017-11-09,21.65023422241211,21.69981446871156,21.484964633243806,21.617179674127403,52700
2017-11-10,21.551071166992188,21.757657355930426,21.534543893606518,21.74113008254476,14700
2017-11-13,21.451908111572266,21.625441321848218,21.352747628095262,21.427118778766747,26100
2017-11-14,20.956104278564453,21.311432788745954,20.93957700457285,21.311432788745954,113000
2017-11-15,20.468557357788086,20.732987393595018,20.245443924028233,20.70819648669037,46600
2017-11-16,20.501611709594727,20.64209037262591,20.493348073401428,20.56771922301367,107800
2017-11-17,20.68341064453125,20.74125452760448,20.567721302257183,20.567721302257183,63000
2017-11-20,20.642091751098633,20.74125381591278,20.592511506755336,20.675146298079202,14000
2017-11-21,20.881731033325195,21.04699902832981,20.75777964303987,20.75777964303987,44500
2017-11-22,21.212268829345703,21.311430888325074,20.898258532144695,21.038735620163667,18100
2017-11-24,21.468433380126953,21.59238476096614,21.32795472820859,21.32795472820859,19400
2017-11-27,21.022212982177734,21.369277874906885,20.923050908771824,21.369277874906885,17600
2017-11-28,20.823883056640625,20.9065162498111,20.72472101825807,20.9065162498111,33400
2017-11-29,20.460294723510742,20.906520036742045,20.319816063097157,20.741252044337916,35100
2017-11-30,20.195865631103516,20.427241146651177,20.171074721811628,20.427241146651177,47000
2017-12-01,20.27849769592285,20.427238403316146,20.146281106916682,20.237179519318648,27400
2017-12-04,20.245445251464844,20.501611668433004,20.245445251464844,20.493348032256296,20100
2017-12-05,19.807485580444336,20.493351746131633,19.625690279993535,20.493351746131633,22300
2017-12-06,19.48520851135254,19.708321964902495,19.443891905640687,19.576106935271593,22200
2017-12-07,19.551315307617188,19.59263191181057,19.427363918909617,19.435627554973777,69300
2017-12-08,19.78269386291504,19.87359071413812,19.74963931619571,19.832274106866496,79900
2017-12-11,20.096704483032227,20.20413018538314,19.964489446390772,19.98928035680888,44000
2017-12-12,20.17107391357422,20.220654154043867,20.063649796535408,20.071913432634922,12300
2017-12-13,20.534666061401367,20.575982665852155,20.228917829632255,20.228917829632255,71800
2017-12-14,20.509876251220703,20.724726073348926,20.509876251220703,20.62556401077916,36900
2017-12-15,20.774307250976562,20.856942044146937,20.741254279384965,20.82388907255534,52300
2017-12-18,21.146163940429688,21.220535099864588,20.914786824840263,20.914786824840263,41300
2017-12-19,21.237060546875,21.26184988046828,21.104845513952444,21.129634847545724,45400
2017-12-20,21.518016815185547,21.56759705603264,21.451907725886173,21.460171362048595,80100
2017-12-21,21.9642391204834,22.022082989553873,21.708072739116787,21.708072739116787,74700
2017-12-22,22.038616180419922,22.063407092164876,21.889873862205473,21.997299570305973,67500
2017-12-26,22.137775421142578,22.21214499461463,22.063404271543085,22.10472087637505,31400
2017-12-27,22.61705780029297,22.64184713549544,22.360889778264895,22.360889778264895,130800
2017-12-28,23.001535415649414,23.08548294659751,22.833641954919198,22.976352277181167,194000
2017-12-29,22.959558486938477,23.228189258662226,22.84203132343506,23.219794346900148,125400
2018-01-02,23.547191619873047,23.61434932341383,23.15264031171669,23.2953506318866,91300
2018-01-03,23.30374526977539,23.631138870524694,23.186219690258397,23.631138870524694,272600
2018-01-04,23.67310905456543,23.765449878026374,23.555581895631878,23.631134497387148,57300
2018-01-05,23.757057189941406,23.782241926605337,23.589163749012556,23.70668931777933,72600
2018-01-08,23.90816307067871,23.933347808041134,23.75705784883584,23.86619010957384,61900
2018-01-09,23.765451431274414,24.168399200693347,23.664715689793987,24.0424771220942,170200
2018-01-10,23.950138092041016,24.042478928474953,23.731875167547045,23.799032867301662,56600
2018-01-11,24.21876335144043,24.26073630374929,23.99210556617541,24.15160566704696,120200
2018-01-12,24.42863655090332,24.462214599713814,24.327899202140166,24.353083939622415,55600
2018-01-16,24.185190200805664,24.470610836386093,24.050874795963807,24.420242959861877,119800
2018-01-17,24.243955612182617,24.29432509532005,23.933351805332258,24.1767979024988,109300
2018-01-18,23.757057189941406,24.092847274130683,23.731874054443264,24.092847274130683,65500
2018-01-19,24.07605743408203,24.07605743408203,23.790636823405627,23.849399607750925,33300
2018-01-22,23.950138092041016,24.059268753705073,23.765453216841422,24.059268753705073,46400
2018-01-23,23.731876373291016,23.95013930887426,23.379298031374386,23.76545442429139,56500
2018-01-24,24.092851638793945,24.17679757388313,24.008904102538683,24.008904102538683,86800
2018-01-25,24.126426696777344,24.630110250599607,24.042479170945988,24.344689623472522,65300
2018-01-26,24.252349853515625,24.311112647713696,24.134824265119487,24.21037688656445,28300
2018-01-29,24.092851638793945,24.243955282654124,24.07606181130968,24.07606181130968,86000
2018-01-30,23.723482131958008,23.966928212393,23.66471934016908,23.966928212393,56000
2018-01-31,23.563983917236328,24.00890475058218,23.496826206652628,23.924957212061024,129900
2018-02-01,23.681503295898438,23.740267678258412,23.37929447816134,23.438057259355617,29200
2018-02-02,22.825244903564453,23.681505155760544,22.816849991139435,23.681505155760544,91800
2018-02-05,22.523033142089844,23.41287299188139,22.329954971117612,22.95955895563503,77000
2018-02-06,22.976350784301758,23.102271271959278,21.994168418707705,22.061326118869438,92900
2018-02-07,22.052932739257812,22.70771996106213,21.918617329597133,22.49785193332157,117500
2018-02-08,21.24703598022461,21.97737732846886,21.179878283928133,21.97737732846886,82500
2018-02-09,21.498884201049805,21.532462257453417,20.65941197579886,21.205068601978734,304000
2018-02-12,21.87664031982422,22.069720100665513,21.61640444281961,21.658377403213134,235800
2018-02-13,22.43069076538086,22.489455149054915,22.010954774703453,22.010954774703453,65800
2018-02-14,23.362504959106445,23.421267741066558,22.304770080327216,22.304770080327216,39400
2018-02-15,23.79903221130371,23.916557782343343,23.38769111149918,23.79063729892005,49900
2018-02-16,23.42127227783203,23.715087845711217,23.320536518149243,23.52200963868085,27600
2018-02-20,22.967954635620117,23.14424298862055,22.665744200572764,23.001532683311055,36600
2018-02-21,22.967954635620117,23.41287377481118,22.942769898977577,23.12745316419219,17700
2018-02-22,23.211402893066406,23.438060740911908,23.169429929168768,23.228192719091837,27700
2018-02-23,23.59756088256836,23.59756088256836,23.135850273928302,23.412875998645962,21400
2018-02-26,24.02568817138672,24.050871305410983,23.740267577229975,23.80742526990417,45500
2018-02-27,23.446456909179688,23.723482648766694,23.37090428918632,23.723482648766694,34000
2018-02-28,22.833641052246094,23.328929703977234,22.833641052246094,23.328929703977234,55500
2018-03-01,22.699323654174805,22.816849221830832,22.30477078933111,22.816849221830832,56900
2018-03-02,22.531431198120117,22.556615937434824,22.29637843468072,22.455878581341953,22400
2018-03-05,22.67413902282715,22.67413902282715,22.24600810859727,22.304770892697604,15200
2018-03-06,23.203006744384766,23.396086531062938,23.07708625823177,23.07708625823177,17900
2018-03-07,22.925983428955078,23.001536048771367,22.665747516902314,22.858825722581265,20100
2018-03-08,22.648956298828125,22.92598202074982,22.514640894330693,22.92598202074982,33600
2018-03-09,22.917587280273438,23.0267195479775,22.758088736961238,22.808456613735306,56800
2018-03-12,23.127452850341797,23.127452850341797,22.94276958763342,22.959559411833936,35200
2018-03-13,23.127452850341797,23.4128734570875,23.085479891006273,23.253374930679897,95100
2018-03-14,23.429664611816406,23.555585098139538,23.345717087212364,23.412874786662428,20500
2018-03-15,23.203006744384766,23.370901793366,23.14424395759109,23.354111968234704,96100
2018-03-16,23.144245147705078,23.211402850517757,23.068692531895074,23.068692531895074,24500
2018-03-19,22.68253517150879,23.001533845942774,22.506245208431846,23.001533845942774,27100
2018-03-20,22.380325317382812,22.590193335438663,22.338352354238005,22.590193335438663,31400
2018-03-21,22.867216110229492,22.87561102201048,22.254401960708613,22.27958669605158,31300
2018-03-22,22.20404052734375,22.632169944113645,22.111698072151807,22.52303926165912,21700
2018-03-23,21.76751136779785,22.26280002484796,21.7339317159191,22.26280002484796,36600
2018-03-26,22.078109741210938,22.17884707103941,21.82626881838806,21.994163834380338,50800
2018-03-27,21.809480667114258,22.413901490051337,21.78429753360232,22.21242681496187,61800
2018-03-28,21.171483993530273,21.675167531129418,21.137905944978773,21.62479965771925,52500
2018-03-29,21.809480667114258,21.893428181540592,21.17148179910604,21.314192093281108,46300
2018-04-02,21.347774505615234,22.338351781633698,21.314194855027417,22.027746418359857,42000
2018-04-03,21.683565139770508,21.78430250028271,21.44851236601939,21.633197260097422,31200
2018-04-04,21.76751136779785,21.76751136779785,21.18827518221679,21.38135337702183,55300
2018-04-05,22.052932739257812,22.14527358267079,21.826274885018172,21.826274885018172,19300
2018-04-06,21.574434280395508,22.078116275103067,21.465302007353795,21.943800863025583,12300
2018-04-09,21.515666961669922,21.742324789175203,21.45690417702021,21.708746741303568,25700
2018-04-10,22.38871955871582,22.49785022031859,22.069720885351998,22.069720885351998,15900
2018-04-11,22.464271545410156,22.52303433088016,22.363534198057422,22.363534198057422,8700
2018-04-12,22.31316566467285,22.363533536275824,22.16206044869816,22.363533536275824,26400
2018-04-13,22.28798484802246,22.61538007393442,22.279591535583997,22.472669744989734,32500
2018-04-16,22.061323165893555,22.497847357931796,21.968980740094285,22.30476919595665,18300
2018-04-17,22.279590606689453,22.313168658541514,22.09490571742218,22.15366850903777,33100
2018-04-18,22.89240264892578,23.085480831601192,22.5734023807817,22.5734023807817,84500
2018-04-19,23.00992774963379,23.16103296816949,22.8756123556389,23.16103296816949,45200
2018-04-20,22.800058364868164,23.001531443652826,22.7245057601782,22.917583927201125,24400
2018-04-23,22.43069076538086,22.66574349657987,22.363533070919104,22.66574349657987,12400
2018-04-24,22.15366554260254,22.58179645425882,22.09490275885544,22.58179645425882,11100
2018-04-25,21.85146141052246,22.044539627542772,21.76751387233264,21.977381917224136,47200
2018-04-26,21.93540382385254,21.98577329937477,21.817878249965712,21.98577329937477,29000
2018-04-27,21.93540382385254,22.405509321731554,21.725535812674146,21.901825774670243,48300
2018-04-30,21.76751136779785,21.93540482369383,21.675168926297207,21.93540482369383,49100
2018-05-01,21.49048614501953,21.67516943115654,21.23025024156148,21.666774517991318,52200
2018-05-02,21.6751708984375,21.92701350694455,21.6751708984375,21.70035563963803,44600
2018-05-03,21.84306526184082,21.96059084796341,21.658380368029867,21.834670348379774,62500
2018-05-04,21.994171142578125,22.052933937351394,21.59122329053872,21.666775912723228,36200
2018-05-07,21.92700958251953,22.10329793587348,21.834667149144153,21.96898254250882,19000
2018-05-08,21.88503646850586,21.88503646850586,21.72553632790125,21.868246642933606,56000
2018-05-09,22.29637908935547,22.29637908935547,21.952195647778208,21.952195647778208,20700
2018-05-10,22.783273696899414,22.842036491363142,22.481064810919378,22.481064810919378,45400
2018-05-11,22.84203338623047,22.993138609262363,22.78327059975492,22.934375822786816,43100
2018-05-14,22.833641052246094,22.90919366699599,22.758088437496195,22.900798754116455,20000
2018-05-15,22.64056396484375,22.64056396484375,22.29638050146807,22.455880662914346,26100
2018-05-16,22.9847469329834,22.9931418466856,22.640563477023598,22.640563477023598,20400
2018-05-17,22.976350784301758,23.152639146789113,22.942771133637955,23.00153392113374,30900
2018-05-18,22.79166603088379,22.842033905985225,22.707718504937475,22.825245681728667,10600
2018-05-21,22.951168060302734,23.07708855900996,22.875615440845195,23.07708855900996,31200
2018-05-22,23.0938777923584,23.16943040987442,23.026720088029265,23.035115001216155,96400
2018-05-23,22.5482177734375,22.71611120783162,22.346744691465123,22.71611120783162,34600
2018-05-24,22.220827102661133,22.42230022532965,22.08651168754879,22.388722172134585,10900
2018-05-25,21.826276779174805,22.010960083194174,21.775908896472455,22.010960083194174,18100
2018-05-29,21.137908935546875,21.725538478244868,21.137908935546875,21.55764500940232,54100
2018-05-30,21.649986267089844,21.649986267089844,21.238643528312735,21.280618094088954,61600
2018-05-31,21.549243927001953,21.792689947541813,21.406533638697347,21.66676948166495,36200
2018-06-01,21.750722885131836,21.977380745813488,21.683565178392758,21.683565178392758,21200
2018-06-04,22.044538497924805,22.2376167050513,21.784302583921008,22.036143584419385,47300
2018-06-05,22.49785041809082,22.581797943766375,22.19564156729106,22.237614529545894,78400
2018-06-06,23.0938777923584,23.16943040987442,22.724509617965182,22.825246975041868,53600
2018-06-07,22.9847469329834,23.41287792479912,22.81685346243763,23.41287792479912,94700
2018-06-08,22.808456420898438,22.909193774760805,22.665746103606867,22.766483457469235,40400
2018-06-11,22.850425720214844,22.892400278079258,22.808452763516094,22.892400278079258,28900
2018-06-12,22.707719802856445,22.707719802856445,22.497851776578045,22.64895701168505,22600
2018-06-13,22.531431198120117,22.74969413534971,22.497851545700506,22.66574660546664,16400
2018-06-14,22.187246322631836,22.50624499402689,22.162061584956234,22.50624499402689,27300
2018-06-15,21.5996150970459,21.87664080481572,21.44850987441402,21.86824589231775,29900
2018-06-18,21.498884201049805,21.498884201049805,21.137910888005305,21.280621230344615,43100
2018-06-19,20.79372215270996,20.98680033147978,20.617432197319314,20.98680033147978,173300
2018-06-20,20.776933670043945,20.911249072746916,20.667803005784993,20.911249072746916,19000
2018-06-21,20.684593200683594,20.860883184253492,20.424357283301987,20.65101514739212,44500
2018-06-22,20.91124725341797,21.179878035452386,20.844089557909363,20.97001003684228,31400
2018-06-25,20.239669799804688,20.667800698563827,20.063379852708234,20.667800698563827,42100
2018-06-26,20.222883224487305,20.306830755581412,20.09696272842913,20.180910259523237,56000
2018-06-27,19.870304107666016,20.32361819620695,19.870304107666016,20.147329828764896,19800
2018-06-28,19.794750213623047,19.979433482033183,19.56809238341574,19.811540038341917,25400
2018-06-29,20.248064041137695,20.33200995480145,19.962643451417062,19.962643451417062,26200
2018-07-02,20.054990768432617,20.155728139069502,19.903885513060384,20.155728139069502,17700
2018-07-03,19.82833480834961,20.2312810951045,19.81154497944327,20.21449126619816,48700
2018-07-05,19.861906051635742,19.895485697929377,19.643643154224115,19.87869587478256,21700
2018-07-06,19.954252243041992,19.962647156199477,19.66883160035136,19.71080456497282,28200
2018-07-09,20.48311996459961,20.533487844842377,20.222884048651586,20.222884048651586,54800
2018-07-10,20.46632957458496,20.533487280116987,20.357198903532673,20.533487280116987,44900
2018-07-11,19.500934600830078,19.79475012746825,19.484144776184284,19.752777167019573,55500
2018-07-12,19.702404022216797,19.811536260915613,19.55969374164831,19.685615801864717,46300
2018-07-13,19.694015502929688,19.710805329896225,19.517727123279116,19.702410416412956,37400
2018-07-16,19.5596981048584,19.64364563000713,19.416987792455316,19.64364563000713,17600
2018-07-17,19.72759437561035,19.752779115062793,19.559699314926004,19.559699314926004,22700
2018-07-18,19.811542510986328,19.82833233780071,19.526121859805926,19.56809482567586,19400
2018-07-19,19.22391128540039,19.54291158860972,19.139963752915516,19.54291158860972,39700
2018-07-20,19.366619110107422,19.40019875923275,19.24909354050037,19.2826715884599,132900
2018-07-23,19.33304214477539,19.34983036911238,19.299462493769642,19.34143705752683,27800
2018-07-24,19.971040725708008,20.14732908665664,19.794750763593516,19.794750763593516,70400
2018-07-25,20.180908203125,20.231276076182677,19.811540064648455,20.013013158044984,23500
2018-07-26,20.06338119506836,20.088565932385926,19.89548774978207,20.021408234038244,32100
2018-07-27,19.937461853027344,20.122145133772495,19.895488889592603,20.122145133772495,26600
2018-07-30,19.962646484375,20.063382236542722,19.937461745750113,19.996224534708936,14600
2018-07-31,20.29843521118164,20.34040817484057,20.0717773646252,20.08017227759017,15900
2018-08-01,19.76956558227539,20.180908284258575,19.735987533823884,20.16411845944991,40100
2018-08-02,19.165142059326172,19.190326790966992,18.88811641593902,19.190326790966992,32400
2018-08-03,19.21551513671875,19.29106775098145,19.089594646669546,19.181937086583048,20500
2018-08-06,19.089597702026367,19.10638753036444,18.988861934330252,19.10638753036444,108500
2018-08-07,19.148359298706055,19.425385044239455,19.148359298706055,19.358227336266694,19700
2018-08-08,19.114778518676758,19.13996165484551,19.03922590783884,19.13996165484551,13100
2018-08-09,19.27427864074707,19.375015997225113,19.20712093681703,19.324648119569073,10100
2018-08-10,18.829355239868164,18.980460440194772,18.569119395508785,18.980460440194772,194100
2018-08-13,18.560728073120117,18.737016440144235,18.51875350871015,18.737016440144235,194700
2018-08-14,18.31728172302246,18.51875484321114,18.25851892977985,18.51875484321114,44800
2018-08-15,17.4106502532959,17.90593889454284,17.133624538798955,17.847176106795896,49100
2018-08-16,17.58694076538086,17.704466344534637,17.50299323691419,17.50299323691419,174600
2018-08-17,17.595333099365234,17.662492399339115,17.326702304133068,17.502992264232827,121500
2018-08-20,17.696073532104492,17.83878386708784,17.620520907632947,17.704468446064233,46800
2018-08-21,17.964702606201172,18.03186031010382,17.830387198395876,17.847177024663026,27300
2018-08-22,18.132596969604492,18.132596969604492,17.989886654150766,18.006676479772594,12300
2018-08-23,17.729652404785156,17.973098494199593,17.696072750429483,17.973098494199593,350900
2018-08-24,18.090621948242188,18.14099142383439,17.914333587167054,17.956306548994696,38100
2018-08-27,18.560728073120117,18.594306123482177,18.28370235267799,18.28370235267799,62900
2018-08-28,18.5775146484375,18.79577756049457,18.543936601056444,18.703436729322334,14500
2018-08-29,18.64467430114746,18.661464127182988,18.48517575730777,18.543938547266176,20700
2018-08-30,18.16617202758789,18.409619655509164,18.132593983040675,18.409619655509164,23500
2018-08-31,17.889148712158203,18.02346411037547,17.889148712158203,17.973096236335458,10400
2018-09-04,17.4106502532959,17.620518267344064,17.234361890055062,17.620518267344064,31000
2018-09-05,17.52817726135254,17.570151828292243,17.419046589641322,17.452626243193087,10900
2018-09-06,17.36867904663086,17.62891496202957,17.309916252943996,17.544967427691457,22500
2018-09-07,17.10843849182129,17.27633353068145,16.965728189139877,17.167202876238374,22600
2018-09-10,17.024494171142578,17.142019748673885,16.98251960690575,17.142019748673885,7400
2018-09-11,16.8649959564209,16.95733840712735,16.663522828560897,16.89018069784068,32200
2018-09-12,17.31830406188965,17.36867352718565,16.915357946514835,16.915357946514835,16300
2018-09-13,17.51978302001953,17.83878170601407,17.452625317643527,17.68767647537658,19700
2018-09-14,17.486204147338867,17.61212464475847,17.402256615337134,17.561756766023827,12000
2018-09-17,17.49459457397461,17.612120127936716,17.49459457397461,17.49459457397461,4600
2018-09-18,17.85556983947754,17.905937711193992,17.71285953530944,17.74643758273182,20200
2018-09-19,18.359249114990234,18.45998483513035,18.031854021621346,18.031854021621346,194900
2018-09-20,18.720224380493164,18.7621989398943,18.644671774736842,18.686646334137976,18900
2018-09-21,19.072805404663086,19.17354276048464,18.888122120350513,18.888122120350513,62800
2018-09-24,18.795778274536133,19.131568368097813,18.695042527400293,19.131568368097813,25200
2018-09-25,18.787384033203125,18.95527908598151,18.70343810797982,18.91330612336986,44900
2018-09-26,18.64467430114746,18.921701627235848,18.560728373301703,18.737016743176923,100000
2018-09-27,18.48517608642578,18.535543964263198,18.32567593858034,18.535543964263198,37200
2018-09-28,18.5439395904541,18.7034397444324,18.518754849984045,18.518754849984045,41600
2018-10-01,18.669857025146484,18.72022489665088,18.569121282137697,18.66146211303479,18800
2018-10-02,18.636280059814453,18.76220054646877,18.636280059814453,18.653068283846732,8300
2018-10-03,18.70343780517578,18.795778641659616,18.669858154697394,18.795778641659616,6600
2018-10-04,18.409622192382812,18.68664790302586,18.25851696818372,18.68664790302586,49800
2018-10-05,18.006675720214844,18.27530651416908,17.863965410780924,18.27530651416908,51000
2018-10-08,17.754831314086914,17.771621137264376,17.595331196232355,17.729648180486386,20500
2018-10-09,17.7380428314209,17.746437743644055,17.469412044943024,17.63730708707459,25900
2018-10-10,17.058073043823242,17.578546457293267,17.058073043823242,17.578546457293267,34000
2018-10-11,17.133621215820312,17.234358547538925,16.9573328867697,17.049673706249063,17000
2018-10-12,17.343496322631836,17.528179638717297,17.175601234433252,17.51978632535697,172500
2018-10-15,17.42743682861328,17.54496238218954,17.293121452764538,17.3770689629614,15500
2018-10-16,17.511388778686523,17.57854648363821,17.360283542253732,17.511388778686523,17700
2018-10-17,17.326702117919922,17.419044553225746,17.284729157053174,17.419044553225746,6700
2018-10-18,16.781047821044922,17.07486338913279,16.655127320768987,17.07486338913279,36500
2018-10-19,16.755855560302734,16.94893528197987,16.697092793291773,16.94893528197987,18500
2018-10-22,16.806230545043945,16.90696629271134,16.789440720044098,16.90696629271134,5200
2018-10-23,16.369705200195312,16.453652726583336,16.067494745664774,16.445257813827947,29000
2018-10-24,15.630973815917969,16.327735711187433,15.58060432866989,16.30255096756339,20500
2018-10-25,15.72331428527832,15.849234797956653,15.72331428527832,15.798866913118557,106800
2018-10-26,15.782074928283691,15.857627545801837,15.211235242052998,15.45468131981571,14200
2018-10-29,15.387521743774414,16.02552065789707,15.387521743774414,15.975152786066952,13200
2018-10-30,15.79886531829834,15.85762811153866,15.471471698150262,15.59739219811752,30200
2018-10-31,16.218597412109375,16.243782146399028,15.916387005296077,15.975151385305267,52800
2018-11-01,17.091651916503906,17.10004682937276,16.554388701058645,16.5627836139275,38700
2018-11-02,17.284730911254883,17.704466967184015,17.18399355331886,17.427441234317428,31300
2018-11-05,17.284730911254883,17.41904632105893,17.167205327967842,17.41904632105893,14200
2018-11-06,17.066463470458984,17.23435848903151,17.00770069430827,17.167200801835612,14000
2018-11-07,17.385467529296875,17.578547341475552,17.225968972981793,17.343494562091024,24100
2018-11-08,17.0832576751709,17.335098666472632,17.032889797143746,17.259546048848918,12700
2018-11-09,16.579578399658203,16.856604202542545,16.44526295590618,16.722288758790523,34500
2018-11-12,16.193418502807617,16.48723247366258,16.193418502807617,16.41167985225243,27800
2018-11-13,16.403287887573242,16.629944169260824,16.268970859789903,16.369708230335863,21400
2018-11-14,16.403287887573242,16.545996627333555,16.27736577409925,16.445260857953784,26300
2018-11-15,16.789440155029297,16.923755548176267,16.436861847727048,16.436861847727048,15900
2018-11-16,16.906965255737305,16.948939815662445,16.789439690278392,16.789439690278392,22700
2018-11-19,16.74747085571289,17.04128484171413,16.680313144460303,16.890181192270408,6200
2018-11-20,16.15144157409668,16.671914934278387,16.09267878851416,16.470441840352965,14900
2018-11-21,16.571178436279297,16.74746840323045,16.319337456252963,16.37810024484805,13200
2018-11-23,16.05910301208496,16.386498269695192,16.050709698833856,16.26897106901907,12800
2018-11-26,16.05910301208496,16.352918612025956,16.05910301208496,16.06749792650227,11300
2018-11-27,15.916387557983398,16.033914720917206,15.824046731379457,15.958362116590363,5800
2018-11-28,16.352916717529297,16.352916717529297,15.907997513119552,16.042312925903552,11000
2018-11-29,16.55438995361328,16.613154348141546,16.504022073755085,16.504022073755085,8300
2018-11-30,16.571178436279297,16.579573349102294,16.36970533202505,16.411678294974138,24000
2018-12-03,17.326702117919922,17.536570124585293,17.11683411125455,17.21757145896689,24400
2018-12-04,16.814624786376953,17.326701619105638,16.806229874212118,17.326701619105638,13100
2018-12-06,16.294151306152344,16.294151306152344,16.033915435848353,16.24378343474384,12000
2018-12-07,16.20180892944336,16.545992320710873,16.20180892944336,16.31094118589351,2600
2018-12-10,15.857627868652344,16.025522933481113,15.689734404989581,16.025522933481113,23200
2018-12-11,16.07588768005371,16.445255790005493,16.008729987441175,16.176625019555356,13500
2018-12-12,16.43686294555664,16.554388522118412,16.26057458071399,16.268967892326206,4200
2018-12-13,16.344518661499023,16.462045825962413,16.268966056188884,16.462045825962413,6800
2018-12-14,16.05070686340332,16.22699523152605,15.907996545851907,16.067495088106018,10400
2018-12-17,15.916387557983398,16.1850199295709,15.907994247427697,16.143045370963932,10800
2018-12-18,15.874415397644043,16.059098661291113,15.849230661215262,16.017125701742252,58500
2018-12-19,15.614182472229004,16.159839055156933,15.505050194943774,15.958365929206593,11900
2018-12-20,15.471470832824707,15.681338854754145,15.370733477785564,15.454681006790526,29800
2018-12-21,15.228021621704102,15.563811703829163,15.177653749851654,15.379126838427224,48200
2018-12-24,15.286784172058105,15.43788938647149,15.169258605810253,15.169258605810253,4300
2018-12-26,15.588996887207031,15.698129158584873,15.11049803883062,15.31197115387511,30200
2018-12-27,15.639366149902344,15.647761063917972,15.295182681092234,15.295182681092234,46300
2018-12-28,15.641946792602539,15.857281965014883,15.633333188560806,15.831441152889687,14500
2018-12-31,15.771149635314941,15.900350427127162,15.659176053844936,15.900350427127162,48800
2019-01-02,15.67640495300293,15.753925765017003,15.116532056706312,15.504136116776682,42900
2019-01-03,15.219889640808105,15.469677579764895,15.090688869425149,15.469677579764895,44400
2019-01-04,16.02094078063965,16.08123437969564,15.504135921352429,15.504135921352429,17000
2019-01-07,16.15013885498047,16.236273257449113,16.04677724344268,16.107072475184687,10700
2019-01-08,16.2276611328125,16.442996337183285,16.15875393312894,16.2276611328125,15100
2019-01-09,16.5032901763916,16.598038193441155,16.434382975685725,16.434382975685725,7800
2019-01-10,16.563581466674805,16.563581466674805,16.451607897188875,16.486060671308767,11900
2019-01-11,16.5032901763916,16.572197377097478,16.279341363378187,16.442996581133617,3900
2019-01-14,16.434383392333984,16.55497058590711,16.38270340121369,16.55497058590711,34700
2019-01-15,16.399932861328125,16.57220006964307,16.399932861328125,16.57220006964307,20100
2019-01-16,16.598037719726562,16.710011301598872,16.460223322248083,16.460223322248083,28800
2019-01-17,16.8736629486084,16.916729322639835,16.554966194994446,16.572193401757765,10700
2019-01-18,16.951183319091797,17.183745676043948,16.951183319091797,17.02009050157279,29500
2019-01-22,16.262107849121094,16.537738187984687,16.244882287779372,16.537738187984687,12700
2019-01-23,16.31379508972168,16.589423880795287,16.287954274479585,16.41715506493569,5800
2019-01-24,16.30518341064453,16.44299782246027,16.23627620473666,16.33102258606162,11800
2019-01-25,16.8564395904541,16.93396039571148,16.57219718546946,16.57219718546946,12000
2019-01-28,16.753080368041992,16.753080368041992,16.520517941775058,16.589425144793708,28300
2019-01-29,16.89950942993164,16.985642206899158,16.813375010086713,16.88228221738717,7500
2019-01-30,17.338788986206055,17.41630978697634,17.045934635701485,17.045934635701485,72200
2019-01-31,17.64887046813965,17.743618469369377,17.485215277709294,17.502442485728697,17700
2019-02-01,17.519672393798828,17.631645977427826,17.433537983304166,17.57135238294473,18900
2019-02-04,17.545509338378906,17.545509338378906,17.21819897929594,17.35601334852765,15300
2019-02-05,17.640256881713867,17.666097693768727,17.571349692444553,17.63164327769558,8600
2019-02-06,17.735004425048828,17.846977988640987,17.62302921857973,17.62302921857973,60200
2019-02-07,17.46799087524414,17.64025803827339,17.39908368145702,17.64025803827339,9200
2019-02-08,17.338788986206055,17.41630978697634,17.287108999984913,17.41630978697634,47100
2019-02-11,17.097610473632812,17.209584023757348,16.93395530694919,17.183744858354547,7800
2019-02-12,17.17513656616211,17.244043766670316,17.12345493362302,17.244043766670316,24400
2019-02-13,17.338788986206055,17.47660502092434,17.252656223463198,17.37324340560491,252400
2019-02-14,17.44215202331543,17.44215202331543,17.149296006061682,17.209589602047345,9300
2019-02-15,17.69194221496582,17.76084941868163,17.562739770481013,17.562739770481013,20800
2019-02-19,18.269031524658203,18.303485933820305,17.795294898815868,17.795294898815868,109900
2019-02-20,18.837520599365234,18.94949416017315,18.561890213382483,18.561890213382483,164000
2019-02-21,18.6221866607666,18.820294627517615,18.527438658026114,18.803067419223527,111800
2019-02-22,19.164833068847656,19.216513057567017,18.811683467323785,18.811683467323785,241700
2019-02-25,19.39739418029785,19.52659496486191,19.311259776296108,19.39739418029785,140100
2019-02-26,19.449073791503906,19.50936738028243,19.34571218011424,19.37155299368093,329800
2019-02-27,19.1131534576416,19.414623076400584,19.01840544072034,19.311261454043095,76000
2019-02-28,18.79445457458496,18.992562549341777,18.74277459049124,18.992562549341777,29900
2019-03-01,18.74277687072754,19.035632887682443,18.73416326518448,18.923657658499952,19300
2019-03-04,18.82890510559082,18.89781228444984,18.604956363579817,18.80306429743991,132100
2019-03-05,18.820297241210938,18.880590835736598,18.70832201462565,18.785842819837853,37500
2019-03-06,18.7600040435791,19.07869923363638,18.742776832528097,18.949498436508367,24200
2019-03-07,18.28626251220703,18.68248008515539,18.23458253064924,18.648025668865536,60200
2019-03-08,17.933115005493164,18.036476623277586,17.829755030585922,17.984794992946785,25000
2019-03-11,18.225971221923828,18.251812037395567,18.027863231938767,18.027863231938767,130900
2019-03-12,18.44130516052246,18.60496036155892,18.320717982325643,18.34655715315234,33200
2019-03-13,18.475757598876953,18.71693192942563,18.424075977007742,18.53605118151412,33200
2019-03-14,18.303491592407227,18.492985972751665,18.260425210517134,18.492985972751665,21400
2019-03-15,18.398239135742188,18.441305516536147,18.22597032681211,18.406852740476403,27500
2019-03-18,18.596345901489258,18.656639487813933,18.475758728839903,18.48437069013456,11000
2019-03-19,18.768617630004883,18.940884811707836,18.751390418971408,18.82891122574478,14600
2019-03-20,18.803068161010742,18.923655338072564,18.56189216401003,18.751388176966685,20500
2019-03-21,19.01840591430664,19.061472299682947,18.828911518622686,18.84613708704683,85000
2019-03-22,18.372398376464844,18.803068757200425,18.329331995542134,18.79445515244046,33300
2019-03-25,18.329334259033203,18.475762272280793,18.21735902620293,18.251813449497575,10300
2019-03-26,18.553279876708984,18.60495985984583,18.458531871893896,18.458531871893896,63600
2019-03-27,18.43269157409668,18.55328039528927,18.329331604933987,18.544666790712867,21000
2019-03-28,18.475757598876953,18.579117556861554,18.389623205305178,18.49298316328978,9800
2019-03-29,18.82890510559082,18.940878655157956,18.7599979267318,18.846130668148025,41800
2019-04-01,19.319873809814453,19.37155379621176,19.250966613658992,19.250966613658992,139500
2019-04-02,19.38016700744629,19.42323338808977,19.233739013230498,19.42323338808977,22700
2019-04-03,19.49213981628418,19.72470220551813,19.41462066274991,19.57827421706087,182400
2019-04-04,19.621339797973633,19.621339797973633,19.423230207969155,19.43184381126299,28100
2019-04-05,19.707475662231445,19.716089266887668,19.586888482798553,19.707475662231445,27700
2019-04-08,19.91419792175293,19.93142348735228,19.72470191426686,19.75915633121961,64000
2019-04-09,19.750547409057617,19.879748217504794,19.716092983937084,19.879748217504794,111800
2019-04-10,19.802227020263672,19.9055886507456,19.750547026461398,19.750547026461398,19900
2019-04-11,19.50936508178711,19.690247469689098,19.449071500112073,19.673020262674264,20400
2019-04-12,19.871131896972656,20.000332687771945,19.8539046867655,19.89697271228339,14500
2019-04-15,19.83667755126953,19.871130326083026,19.74192954549756,19.862516721660388,12900
2019-04-16,19.91419792175293,19.983105112781402,19.767769935457796,19.845290730724457,21900
2019-04-17,20.232894897460938,20.27596292255422,20.069239687860815,20.069239687860815,82500
2019-04-18,20.052013397216797,20.163986972664937,19.81945099873553,20.12953419671055,81000
2019-04-22,19.853899002075195,19.98310139875765,19.75915265881857,19.98310139875765,15900
2019-04-23,19.612728118896484,19.63856728843624,19.535207324523217,19.56104649406297,44500
2019-04-24,19.285417556762695,19.466299956271836,19.199284801915187,19.466299956271836,16800
2019-04-25,18.94088363647461,19.1303780174534,18.880590044475774,19.05285885836716,67800
2019-04-26,18.949493408203125,19.027014194485012,18.846131812201666,18.846131812201666,23000
2019-04-29,18.854747772216797,18.958109381138083,18.828908602144253,18.940882172505027,23200
2019-04-30,18.58773422241211,18.68248223523633,18.53605423490671,18.673868630172567,17500
2019-05-01,18.191518783569336,18.570507560295717,18.174291572933438,18.527441176583203,19100
2019-05-02,17.87282371520996,18.070931728365085,17.812530114934695,18.002024521925158,37600
2019-05-03,18.29487419128418,18.320715000782588,18.036472667807374,18.036472667807374,54200
2019-05-06,17.907272338867188,17.915884299364645,17.666096373016888,17.674709976391206,35800
2019-05-07,17.39046859741211,17.6488701414115,17.269879786385705,17.6488701414115,20600
2019-05-08,17.338788986206055,17.37324340560491,17.1665218178432,17.200974594364915,221400
2019-05-09,17.106225967407227,17.13206513566643,16.890890803236953,17.020091573163732,107300
2019-05-10,17.209590911865234,17.26988451243983,16.899509302784825,17.09761731692347,144400
2019-05-13,16.5032901763916,16.873666996264664,16.442996581133617,16.82198700645457,41500
2019-05-14,16.753080368041992,16.83921313965732,16.66694595354935,16.71862594509401,10400
2019-05-15,16.778921127319336,16.821989160072537,16.66694752791595,16.66694752791595,11300
2019-05-16,16.839210510253906,17.10622731777477,16.839210510253906,16.93395851568886,15100
2019-05-17,16.580810546875,16.710011339444037,16.511903347979697,16.6497177457703,10400
2019-05-20,16.399932861328125,16.434385645840106,16.365478433938623,16.382705647633372,18500
2019-05-21,16.460224151611328,16.58081134476159,16.460224151611328,16.58081134476159,3700
2019-05-22,16.038164138793945,16.382700081237417,15.969256950305251,16.365472873396,29500
2019-05-23,15.702240943908691,15.814216157609684,15.512746576792381,15.719468152613004,167100
2019-05-24,15.82282829284668,15.943415456826527,15.745307503751953,15.874508271284201,119700
2019-05-28,15.926193237304688,16.2190492782921,15.926193237304686,16.029554869426235,15600
2019-05-29,15.960644721984863,15.977870288433934,15.753923138702064,15.865896713567999,19000
2019-05-30,15.883124351501465,16.00371153428454,15.805603550318873,15.986484324493489,321500
2019-05-31,15.848670959472656,15.891738986742618,15.641949357208603,15.650562962662596,9600
2019-06-03,16.11568260192871,16.141523412590224,15.87450827392884,15.917574648821132,32200
2019-06-04,16.529130935668945,16.529130935668945,16.115686089983832,16.227661317542577,92800
2019-06-05,16.262107849121094,16.520510983766346,16.132907103236775,16.520510983766346,34600
2019-06-06,16.287952423095703,16.36547321713334,16.16736525142694,16.27072521489245,5100
2019-06-07,16.477449417114258,16.57219743449195,16.348248620702932,16.417155821647455,18100
2019-06-10,16.615266799926758,16.71862678822861,16.615266799926758,16.63249236939214,33400
2019-06-11,17.0717716217041,17.157906016296465,17.01147803835253,17.01147803835253,20400
2019-06-12,16.959802627563477,17.020096227157595,16.89950902796936,16.968416233630833,24600
2019-06-13,17.002866744995117,17.080387546374258,16.89950677174103,17.002866744995117,7900
2019-06-14,16.813371658325195,16.977025216240918,16.796144449214985,16.977025216240918,34400
2019-06-17,16.813371658325195,16.87366524733384,16.658330062087494,16.80475805377009,140100
2019-06-18,17.4249210357666,17.4249210357666,17.097612310119263,17.097612310119263,135100
2019-06-19,17.416309356689453,17.442150170600172,17.27849496825315,17.442150170600172,12400
2019-06-20,17.82975196838379,18.010632714844373,17.709163161199836,17.709163161199836,21100
2019-06-21,17.976179122924805,18.002018289595846,17.846976718062308,17.846976718062308,21100
2019-06-24,18.036476135253906,18.062315306842983,17.872820929388844,17.976182544376552,66400
2019-06-25,17.881431579589844,18.070925925733064,17.881431579589844,18.03647315501469,8500
2019-06-26,18.079544067382812,18.079544067382812,17.924502453040073,18.002023260211445,20100
2019-06-27,18.06561279296875,18.143969800581324,18.022081860116717,18.091732349039155,16300
2019-06-28,18.109140396118164,18.152672981564567,18.065609471270104,18.109140396118164,21300
2019-07-01,18.19620704650879,18.50092855482564,18.152676114148647,18.370334097146596,22500
2019-07-02,18.19620704650879,18.19620704650879,18.022081656469606,18.187500527917035,22600
2019-07-03,18.100435256958008,18.187497105294515,18.056902672191445,18.187497105294515,9800
2019-07-05,17.70865821838379,17.847959230751485,17.525824601776776,17.804428287111225,45700
2019-07-08,17.586767196655273,17.647711171418337,17.534528080630846,17.647711171418337,9800
2019-07-09,17.06438636779785,17.32557528573714,17.04697333044226,17.32557528573714,23900
2019-07-10,17.229808807373047,17.316870682584163,17.13403875192223,17.316870682584163,10200
2019-07-11,17.264631271362305,17.282044308673285,17.06438632408193,17.23851171539583,38300
2019-07-12,17.238510131835938,17.334280167650093,17.203685721011645,17.28204272111441,16700
2019-07-15,17.36910629272461,17.395224185773884,17.31686718542908,17.31686718542908,11700
2019-07-16,17.194978713989258,17.30816012169651,17.1079151985076,17.264629194254898,16900
2019-07-17,17.12533187866211,17.22110193213538,17.081800941955418,17.186275854290994,40600
2019-07-18,17.116622924804688,17.16886037354305,17.020852884952223,17.134035961250326,27600
2019-07-19,17.430055618286133,17.58676966717646,17.290754610516732,17.290754610516732,58400
2019-07-22,17.438756942749023,17.62158883824467,17.430050424782777,17.5693513910457,22200
2019-07-23,17.412635803222656,17.53452372245374,17.360398360780525,17.45616672849137,11400
2019-07-24,17.395225524902344,17.456169494173594,17.19498057998292,17.438758117666534,26400
2019-07-25,17.151451110839844,17.447466124492014,17.151451110839844,17.43875960519651,20300
2019-07-26,17.02085304260254,17.194980087474622,17.00344166659419,17.10791656503858,21100
2019-07-29,16.951200485229492,17.012146105905778,16.76836860499573,16.98602655418737,39800
2019-07-30,16.811901092529297,16.846727164722743,16.629069195309267,16.794489717031095,38800
2019-07-31,16.559419631958008,16.933791625854006,16.533300076361098,16.820608545532668,48300
2019-08-01,15.880324363708496,16.306933760700957,15.845499954055247,16.28952072557512,38200
2019-08-02,15.488543510437012,15.714906360828593,15.410186500455811,15.67137542666068,33000
2019-08-05,14.983575820922852,15.122878467725505,14.887807430781878,15.044521455410964,38300
2019-08-06,14.913924217224121,15.131582199534213,14.818155834214743,15.131582199534213,17700
2019-08-07,14.879100799560547,14.879100799560547,14.670149321827653,14.818156826129961,22100
2019-08-08,15.23606014251709,15.270886219930253,14.940045126900284,14.940045126900284,36800
2019-08-09,14.800742149353027,15.157701091871893,14.800742149353027,15.157701091871893,27700
2019-08-12,14.556965827941895,14.69626680921608,14.539554450731634,14.69626680921608,49900
2019-08-13,14.887805938720703,15.009693874283787,14.487314398072808,14.496020916412826,58700
2019-08-14,14.365424156188965,14.548256030180545,14.365424156188965,14.548256030180545,21100
2019-08-15,14.139063835144043,14.321897423238381,14.060706820332012,14.295777864768105,20800
2019-08-16,14.11294174194336,14.191298742682218,14.06070429498362,14.182593885354343,15400
2019-08-19,14.304485321044922,14.435079800751213,14.26965924080383,14.313191841105196,39300
2019-08-20,14.200007438659668,14.21742047718329,14.14776998368755,14.21742047718329,11200
2019-08-21,14.217419624328613,14.287070113646259,14.191300068110001,14.287070113646259,43800
2019-08-22,14.060705184936523,14.287069683554153,14.017174253147926,14.12164915368,13700
2019-08-23,13.799516677856445,14.121649567979407,13.799516677856445,13.964937212583688,47100
2019-08-26,13.816929817199707,13.973643013467608,13.816929817199707,13.973643013467608,19600
2019-08-27,13.860458374023438,13.991052812389936,13.843045339415003,13.930108851858796,54900
2019-08-28,13.999761581420898,14.043292514345136,13.782103595602415,13.912698054973776,32800
2019-08-29,14.20871353149414,14.304483579901099,14.147769559089241,14.147769559089241,34200
2019-08-30,14.408957481384277,14.452490073349542,14.321895618650919,14.321895618650919,41400
2019-09-03,14.139063835144043,14.139063835144043,13.973643286029889,14.069413339822104,21000
2019-09-04,14.435077667236328,14.478608600504886,14.34801414010055,14.365427177647438,37000
2019-09-05,14.879100799560547,14.931338253844089,14.635323245239473,14.635323245239473,53300
2019-09-06,14.948751449584961,15.070639397729911,14.887807475512487,15.027108462134928,35400
2019-09-09,15.027107238769531,15.027107238769531,14.91392415847888,14.974869788188483,11600
2019-09-10,15.270886421203613,15.279591280072866,15.035815377362791,15.053228416298879,37400
2019-09-11,15.35794734954834,15.40147994420954,15.288296858689113,15.384066906345058,20900
2019-09-12,15.62784194946289,15.653959841474144,15.323120478077008,15.427595367318872,85700
2019-09-13,15.932564735412598,16.019628266437547,15.81067678833691,15.819383307499278,64000
2019-09-16,15.775850296020508,15.88903170903798,15.636547668355021,15.775850296020508,50800
2019-09-17,15.558196067810059,15.601727007759488,15.288298926207077,15.532076507481053,58700
2019-09-18,15.410186767578125,15.593018686971028,15.349241133848436,15.505955156527335,37700
2019-09-19,15.462422370910645,15.593016820645998,15.384065368949727,15.384065368949727,63700
2019-09-20,15.584312438964844,15.61913851598763,15.523368464773721,15.593018958220542,49200
2019-09-23,15.331827163696289,15.427595536451502,15.166406649885005,15.427595536451502,47600
2019-09-24,15.192526817321777,15.514659679744234,15.105463298078394,15.384065231178413,23400
2019-09-25,15.270886421203613,15.270886421203613,14.983576260554523,15.070639794636175,20500
2019-09-26,14.983575820922852,15.288297350968433,14.94004488545866,15.288297350968433,10200
2019-09-27,15.009690284729004,15.088047270451574,14.913920266490713,14.913920266490713,40500
2019-09-30,14.896512985229492,15.088051413705296,14.896512985229492,15.044520481060362,12600
2019-10-01,14.583085060119629,14.887806572600066,14.48731501490041,14.887806572600066,18500
2019-10-02,14.234832763671875,14.46990378952559,14.20000668846451,14.443784233120066,40300
2019-10-03,14.330601692199707,14.339308211331389,14.086825798907535,14.165182810493942,16000
2019-10-04,14.313188552856445,14.365426000618381,14.226125032854206,14.234831550914283,21000
2019-10-07,14.278362274169922,14.417663239919989,14.278362274169922,14.304481827972497,19200
2019-10-08,14.156475067138672,14.260949966486614,14.078118062328421,14.260949966486614,15400
2019-10-09,14.104236602783203,14.269655458283378,14.06941053177361,14.269655458283378,16900
2019-10-10,14.48731517791748,14.50472821553485,14.226126256051616,14.226126256051616,34600
2019-10-11,14.948751449584961,15.018401942896181,14.7397999696513,14.7397999696513,62900
2019-10-14,14.913924217224121,14.931337254352597,14.82686235277898,14.870393285001551,9700
2019-10-15,14.896512985229492,14.96616347382057,14.800742940692274,14.96616347382057,16900
2019-10-16,14.844274520874023,14.870394077959553,14.704973537615283,14.800743586330182,9800
2019-10-17,14.93133544921875,15.070636408208436,14.88780452225888,14.88780452225888,17100
2019-10-18,14.983575820922852,15.05322797462355,14.913925327820897,14.983575820922852,30300
2019-10-21,15.175115585327148,15.32312308745605,15.053227640255832,15.053227640255832,35900
2019-10-22,15.088050842285156,15.183820883195336,15.035813392969862,15.148994809919426,16900
2019-10-23,15.227352142333984,15.26217821636038,15.088051167425617,15.114170722945413,10800
2019-10-24,15.114171981811523,15.41018699329668,15.02710845009258,15.41018699329668,30300
2019-10-25,15.35794734954834,15.36665386848058,15.16640891483514,15.16640891483514,69000
2019-10-28,15.584312438964844,15.636549893900272,15.445011452071206,15.445011452071206,53100
2019-10-29,15.680081367492676,15.697494404757304,15.401479413653162,15.479836420745354,52300
2019-10-30,15.514659881591797,15.671373886149054,15.357945877034542,15.671373886149054,27500
2019-10-31,15.218642234802246,15.453713200336862,15.140285246290707,15.453713200336862,34100
2019-11-01,15.601726531982422,15.671377030136853,15.201234922145293,15.201234922145293,29900
2019-11-04,16.028335571289062,16.071866508636003,15.81938408294588,15.81938408294588,64200
2019-11-05,16.385292053222656,16.4201181262269,16.10669011158294,16.176340596992866,111600
2019-11-06,16.298233032226562,16.411416140148418,16.263408610203776,16.394003098837512,21200
2019-11-07,16.542007446289062,16.6116579375337,16.44623739810317,16.44623739810317,68600
2019-11-08,16.498477935791016,16.498477935791016,16.315644342621265,16.498477935791016,140800
2019-11-11,16.245990753173828,16.35046730947076,16.16763375110076,16.35046730947076,30600
2019-11-12,16.037036895751953,16.228575282868828,16.002210828677097,16.228575282868828,55400
2019-11-13,15.819380760192871,15.915150794958876,15.758436796468493,15.906444277198469,23200
2019-11-14,15.714905738830566,15.793262745710386,15.68008132499433,15.732318776048,15500
2019-11-15,15.923859596252441,16.002214946135577,15.810676509734801,15.8455025857706,375800
2019-11-18,15.880324363708496,15.949974843613418,15.82808691892941,15.949974843613418,42400
2019-11-19,15.949974060058594,16.202458075184488,15.949974060058594,16.115394564430787,48600
2019-11-20,15.810678482055664,16.010923462445174,15.767147542179304,15.984805562758924,53200
2019-11-21,15.7410249710083,15.801968939417629,15.662667965739567,15.758438007867708,45400
2019-11-22,15.767142295837402,15.862910663819312,15.758435778639345,15.819379738427386,36900
2019-11-25,15.932564735412598,16.019628266437547,15.897740319361858,15.897740319361858,41700
2019-11-26,15.941268920898438,16.01962592129017,15.854205402618904,15.94997543878624,20300
2019-11-27,16.00221824645996,16.10669483551608,15.923862880416683,16.03704432967835,36300
2019-11-29,15.784551620483398,15.854202088427465,15.69748978100192,15.854202088427465,41600
2019-12-02,15.714905738830566,15.819382301536534,15.688787843603047,15.819382301536534,26700
2019-12-03,15.471126556396484,15.627840536690606,15.2969995426034,15.357943499251498,34800
2019-12-04,15.758437156677246,15.828087639754113,15.540779189487225,15.540779189487225,16000
2019-12-05,15.775850296020508,15.836794261537495,15.732317705938007,15.836794261537495,11900
2019-12-06,16.054452896118164,16.14151641929618,15.976095891317806,15.976095891317806,31400
2019-12-09,16.219871520996094,16.26340411223354,16.141516177965805,16.158927553862224,45300
2019-12-10,16.324342727661133,16.324342727661133,16.20245483335263,16.245985749720518,19400
2019-12-11,16.72484016418457,16.811903697560297,16.376587691280445,16.376587691280445,828800
2019-12-12,17.24721908569336,17.24721908569336,16.73354608384546,16.890260106185323,748600
2019-12-13,17.212390899658203,17.62158724344744,17.177564830945066,17.369104887670613,251100
2019-12-16,17.438756942749023,17.80442239433882,17.412637388850285,17.612882320278423,129900
2019-12-17,17.25592613220215,17.508410211599873,17.221101715394845,17.508410211599873,394500
2019-12-18,17.229808807373047,17.26463322533773,17.160156650246037,17.2385136664151,130900
2019-12-19,17.29075050354004,17.33428143540369,17.17756742373678,17.19498046072168,92500
2019-12-20,17.151451110839844,17.3429895535447,17.081800617074556,17.334283034249196,30100
2019-12-23,17.1079158782959,17.160153325421188,17.064384949124573,17.064384949124573,44000
2019-12-24,17.238510131835938,17.316867131938704,17.19497920315595,17.28204272111441,13300
2019-12-26,17.45616912841797,17.473582165158795,17.325574674058952,17.386518642053254,96600
2019-12-27,17.586767196655273,17.787012159619273,17.551941119305656,17.551941119305656,119300
2019-12-30,17.77446174621582,17.818111525185905,17.660969656681864,17.713351389604767,57300
2019-12-31,17.739543914794922,17.77446507662004,17.68716383718989,17.722083333882363,44000
2020-01-02,18.080015182495117,18.15858612393161,17.82684344408057,17.82684344408057,70500
2020-01-03,17.57366943359375,17.826842828396963,17.56494080940892,17.818112539079703,83000
2020-01-06,17.477642059326172,17.57367192516615,17.320500159601,17.54748271863373,74600
2020-01-07,17.57366943359375,17.591130012228266,17.37287777469409,17.460179002734247,78900
2020-01-08,17.46891212463379,17.57367228316288,17.41653204536924,17.521292203898337,44500
2020-01-09,17.372880935668945,17.468912470499184,17.329231146273056,17.468912470499184,41000
2020-01-10,17.52128791809082,17.59985885033509,17.355415765004885,17.399067207991862,84700
2020-01-13,17.896682739257812,17.896682739257812,17.521288639769274,17.54747950664023,106700
2020-01-14,17.940332412719727,17.98398385724627,17.89668263332553,17.89668263332553,49200
2020-01-15,17.634780883789062,17.818111958076244,17.55620994762816,17.818111958076244,95800
2020-01-16,17.60858917236328,17.87049117025322,17.556209105811753,17.713350970598633,45300
2020-01-17,17.77446174621582,17.82684181400639,17.62605016653226,17.669699945502348,58200
2020-01-21,17.198278427124023,17.617322358726426,17.145896686824297,17.617322358726426,100100
2020-01-22,17.04986572265625,17.16335615569265,17.041135433171533,17.145895576723216,54500
2020-01-23,16.60462760925293,16.840340382522793,16.307804487016533,16.805419231609278,132100
2020-01-24,16.412565231323242,16.604628238360117,16.34272459198225,16.604628238360117,37100
2020-01-27,15.679241180419922,15.836383070245532,15.6617822655424,15.836383070245532,123800
2020-01-28,15.818920135498047,15.88003048487154,15.609396558885875,15.687967483832406,48100
2020-01-29,15.818920135498047,15.984790608045492,15.801459559925009,15.88003048487154,31800
2020-01-30,15.644322395324707,15.792734001878802,15.495910788770614,15.62686181452243,37500
2020-01-31,15.268925666809082,15.51336876154861,15.234006176207638,15.487177894748262,52200
2020-02-03,15.242735862731934,15.347497672104968,15.146706008033497,15.251466152274059,38300
2020-02-04,15.941141128540039,15.976060615198639,15.687967773453488,15.687967773453488,72800
2020-02-05,16.220508575439453,16.30780981611962,16.185589078246988,16.290349234957052,60400
2020-02-06,16.133207321166992,16.30780980238022,16.08082724285609,16.264158349510577,59400
2020-02-07,15.557021141052246,15.932415302266598,15.557021141052246,15.932415302266598,69200
2020-02-10,15.591940879821777,15.60067116941762,15.364958345727345,15.513369938591685,46800
2020-02-11,15.923681259155273,16.115742607129466,15.775269687724046,15.775269687724046,43400
2020-02-12,16.499868392944336,16.526059260210996,16.255426958985048,16.255426958985048,86000
2020-02-13,16.272884368896484,16.31653581030881,16.15939395148889,16.31653581030881,38700
2020-02-14,16.22923469543457,16.41256575513113,16.17685463054016,16.325266202017858,14200
2020-02-18,15.976062774658203,16.124474359565188,15.897491837640837,16.124474359565188,50100
2020-02-19,16.06336212158203,16.10701356211409,15.97606090565011,15.97606090565011,32800
2020-02-20,15.880034446716309,16.115745615230377,15.845113286857897,15.976064306061836,76800
2020-02-21,15.609396934509277,15.836379427024442,15.57447744765504,15.836379427024442,70900
2020-02-24,14.849881172180176,14.937182392757276,14.622898664732631,14.771310240174014,81600
2020-02-25,14.448296546936035,14.928452438289986,14.308615256939477,14.928452438289986,76800
2020-02-26,14.326075553894043,14.579248927762071,14.317345265298702,14.378455620333801,38400
2020-02-27,13.793540954589844,14.142745018384652,13.618939338975526,14.142745018384652,223000
2020-02-28,13.618940353393555,13.618940353393555,13.147515539837343,13.365767783753482,81100
2020-03-02,14.020522117614746,14.029252406212596,13.53163761206119,13.592747967113848,41700
2020-03-03,13.732430458068848,14.31734652433463,13.706240422545873,14.09036399629228,51600
2020-03-04,13.95068073272705,14.064172813336668,13.810999452847676,14.064172813336668,10600
2020-03-05,13.627668380737305,13.749889924232072,13.540367991869173,13.662588702797787,26100
2020-03-06,13.182435035705566,13.38322668783646,13.09513381060837,13.252275682756851,29200
2020-03-09,11.488798141479492,12.300696766218458,11.488798141479492,12.257046150333284,64700
2020-03-10,12.344348907470703,12.457840189769549,11.820543117255472,12.405459277721484,593600
2020-03-11,11.38403606414795,12.01260270755516,11.349115741323446,12.01260270755516,301100
2020-03-12,10.109442710876465,10.563407725731919,9.838810425730141,10.476106505162441,68800
2020-03-13,11.113402366638184,11.244354194924165,10.24039350832947,10.834039798400555,30500
2020-03-16,9.175323486328125,10.126903294353014,9.088022265704025,10.126903294353014,166900
2020-03-17,10.249123573303223,10.476106071331266,9.66420758438194,10.057062228109748,45600
2020-03-18,9.149133682250977,9.690399980822178,8.834850750154422,9.568178424279289,70300
2020-03-19,9.367385864257812,9.533258035074496,8.738820004245994,9.061833223782514,71700
2020-03-20,9.131673812866211,9.961032163617341,9.035643126380494,9.71658988638428,54300
2020-03-23,8.450727462768555,9.079293348999569,8.39834655596617,9.079293348999569,478100
2020-03-24,9.734050750732422,9.812621699865751,9.140405152128096,9.166595190983765,87500
2020-03-25,10.39753532409668,10.650707858604203,9.78642929244743,10.030871538593905,98700
2020-03-26,10.493569374084473,10.598330362107822,10.310237436902032,10.493569374084473,57600
2020-03-27,10.057063102722168,10.371346012469917,9.95230130024007,10.240394175650387,25400
2020-03-30,9.943572044372559,10.05706330554515,9.70785923288344,9.917381176940747,33300
2020-03-31,10.327695846557617,10.694359673393551,10.07452328351054,10.07452328351054,78200
2020-04-01,9.77769947052002,10.196744173612993,9.690399080443349,9.934841338250655,58700
2020-04-02,10.039602279663086,10.34515572554886,9.899920989852271,9.934841312304975,68700
2020-04-03,9.934842109680176,10.196744965378981,9.821350844458486,10.161824640123555,44500
2020-04-06,10.511027336120605,10.624518595332951,10.275315361268952,10.275315361268952,70100
2020-04-07,11.069753646850586,11.36657682023042,10.999912998121943,11.209434944307873,117200
2020-04-08,11.288005828857422,11.32292615305651,10.999912946073394,11.14832453206107,64400
2020-04-09,11.698318481445312,11.768159124180151,11.532447163091604,11.619748382793219,87600
2020-04-13,11.724509239196777,11.855460234980182,11.349115163520702,11.724509239196777,60200
2020-04-14,12.265776634216309,12.41418823103581,11.794351806838558,12.108634747568304,97100
2020-04-15,11.523716926574707,11.794350042817236,11.39276592899789,11.794350042817236,60600
2020-04-16,11.462603569030762,11.52371390754787,11.384032658042525,11.52371390754787,32000
2020-04-17,11.820541381835938,11.960222683368485,11.654670044407595,11.811811092348597,58400
2020-04-20,11.645938873291016,11.986411811860316,11.602288261725008,11.715779518770162,38800
2020-04-21,11.235623359680176,11.38403492497466,11.09594208235974,11.349114605644552,78700
2020-04-22,11.680859565734863,11.71577988957968,11.514987403047337,11.558638015994907,16200
2020-04-23,11.916572570800781,12.117365074642219,11.759431516236031,11.803082132946454,18500
2020-04-24,12.099903106689453,12.152284007245466,11.968952104148679,12.056253327553309,31500
2020-04-27,12.213394165039062,12.257044776029975,11.934031586803078,12.073712875921071,22500
2020-04-28,12.265776634216309,12.440378267955058,12.204665437983051,12.41418823103581,38800
2020-04-29,13.095134735107422,13.095134735107422,12.780851801188692,12.780851801188692,73400
2020-04-30,12.580060005187988,12.937993574735428,12.518949639431,12.937993574735428,53700
2020-05-01,12.1522855758667,12.387997577379116,12.134824995905488,12.274507137896348,44900
2020-05-04,12.082446098327637,12.134826178182024,12.003875145979698,12.012605436810883,21900
2020-05-05,12.265776634216309,12.41418823103581,12.222126017640056,12.300696960964059,82600
2020-05-06,12.178473472595215,12.440376298013998,12.134822862931061,12.38799539990379,69700
2020-05-07,12.466567039489746,12.484027617374464,12.265775389212555,12.37926664776469,36800
2020-05-08,12.737200736999512,12.850692000614966,12.614979184052203,12.649899508813403,33200
2020-05-11,12.649898529052734,12.65862881770841,12.475296918769986,12.518947529482212,123800
2020-05-12,12.353076934814453,12.72847106873895,12.353076934814453,12.684820452516012,35900
2020-05-13,12.091175079345703,12.510219003052033,12.003873845623751,12.510219003052033,54400
2020-05-14,12.047524452209473,12.047524452209473,11.584829912036795,11.934033181494238,35600
2020-05-15,12.25704574584961,12.309426649696492,11.942762820466982,12.099903866875184,29200
2020-05-18,13.095134735107422,13.19116542344103,12.684820280288841,12.684820280288841,65100
2020-05-19,13.147515296936035,13.29592605409617,12.9641833821309,13.147515296936035,34500
2020-05-20,13.383227348327637,13.453067998825706,13.130054782130575,13.374497058873821,59700
2020-05-21,13.147515296936035,13.365767536819947,13.007833164054704,13.357037247408698,46700
2020-05-22,12.946722984313965,13.103864865648543,12.807041682046,13.103864865648543,28700
2020-05-26,13.435606956481934,13.505447600243157,13.199894159363199,13.304655125005032,101800
2020-05-27,13.514179229736328,13.531639809767842,13.269736937259081,13.522909519752085,31600
2020-05-28,13.522909164428711,13.70624108711105,13.479258548063152,13.70624108711105,66900
2020-05-29,13.575288772583008,13.706239776592579,13.400687156381519,13.6800497423039,33700
2020-06-01,14.072905540466309,14.072905540466309,13.69751057873957,13.69751057873957,33900
2020-06-02,14.404646873474121,14.474487518982642,14.099093424949718,14.186394648118451,122300
2020-06-03,14.649090766906738,14.788772065567029,14.500679178938626,14.500679178938626,90200
2020-06-04,14.736388206481934,14.788769934781634,14.500677089662025,14.631628080146905,58600
2020-06-05,15.12924575805664,15.277657353236236,14.97210387314501,15.01575532180519,119400
2020-06-08,15.268925666809082,15.557018541083504,15.129244374138596,15.234006176207638,84100
2020-06-09,15.10305404663086,15.286386790514952,14.849882319050101,15.111784335876047,51600
2020-06-10,15.277656555175781,15.391146985498823,15.076864897225251,15.277656555175781,48400
2020-06-11,13.968141555786133,14.69273883238725,13.889570626324257,14.69273883238725,155400
2020-06-12,14.387189865112305,14.649093599593849,14.18639816760271,14.561792354766668,67300
2020-06-15,14.36972713470459,14.491949525242292,13.758621842546074,13.92449318383867,36500
2020-06-16,14.544327735900879,14.902261241726052,14.526867158755191,14.902261241726052,63900
2020-06-17,14.45702838897705,14.684010925891725,14.41337860558798,14.684010925891725,33300
2020-06-18,14.378458023071289,14.509410708752197,14.34353852798693,14.360999108095394,94700
2020-06-19,14.4832181930542,14.71020071327752,14.422107834750301,14.587978331537345,112000
2020-06-22,14.814960479736328,14.884801125348755,14.622899120585238,14.622899120585238,45500
2020-06-23,15.234004974365234,15.268924462211809,14.954640745931535,14.954640745931535,54100
2020-06-24,14.806229591369629,15.155434470424337,14.622898528484948,15.094324116129444,159200
2020-06-25,15.085594177246094,15.103053089497621,14.727660666539006,14.876072244036992,68800
2020-06-26,14.88480281829834,15.146706517982278,14.753851801022634,15.059405284754298,116300
2020-06-29,15.0259428024292,15.11360908397485,14.894444216158345,14.999644088432174,26900
2020-06-30,15.464273452758789,15.508107432171974,15.034710487081638,15.061010874729549,188100
2020-07-01,15.516875267028809,15.551940780811918,15.420442177958208,15.46427448821096,46700
2020-07-02,15.648375511169434,15.867540429611314,15.604541524223679,15.753573735647983,103800
2020-07-06,16.437362670898438,16.437362670898438,16.06916568018651,16.218197835286457,166600
2020-07-07,16.297101974487305,16.542567262584846,15.648374076046103,16.297101974487305,113800
2020-07-08,16.717897415161133,16.744197803716467,16.411066237063828,16.498732526819545,124100
2020-07-09,16.92829704284668,17.12116323222281,16.70036533764479,16.945830636807337,142000
2020-07-10,16.954593658447266,16.99842596149306,16.66529611089755,16.91076135540147,74800
2020-07-13,17.26142692565918,17.743589007029755,17.20882614900046,17.48935860822748,256300
2020-07-14,17.33155632019043,17.340323114629843,16.893226630790135,17.22635645901253,121000
2020-07-15,17.366622924804688,17.620854963350173,17.235124344082443,17.541955480497794,55200
2020-07-16,16.998428344726562,17.217593234873508,16.91952885050603,17.112395023976408,82800
2020-07-17,17.26142692565918,17.29649243800294,17.051028835310454,17.051028835310454,37100
2020-07-20,17.603321075439453,17.664686967264917,17.410456605117254,17.42798852271371,91500
2020-07-21,17.6734561920166,17.7786560725349,17.647155803863182,17.76988927648376,68600
2020-07-22,17.822490692138672,17.866323005983716,17.67345848413169,17.743591189541117,132700
2020-07-23,17.78742218017578,18.09425166961385,17.752354997328396,17.84002128235155,113500
2020-07-24,17.559490203857422,17.734821098772027,17.35785725016747,17.734821098772027,81600
2020-07-27,18.059186935424805,18.13808642812887,17.813721661223788,17.813721661223788,130200
2020-07-28,17.892621994018555,18.03288739383474,17.787423780204147,17.962754693926648,82200
2020-07-29,17.971521377563477,17.971521377563477,17.78742366849669,17.971521377563477,106900
2020-07-30,17.463058471679688,17.708523750006666,17.305259483619157,17.708523750006666,97500
2020-07-31,17.3841609954834,17.54196000186015,17.270195975375522,17.54196000186015,52000
2020-08-03,17.64715576171875,17.76988923404622,17.42799087724979,17.533190757516856,48500
2020-08-04,17.88385581970215,17.88385581970215,17.603325010310037,17.620858603920926,32500
2020-08-05,18.611480712890625,18.742979302971285,18.032885578859485,18.094251476090776,185400
2020-08-06,18.95337677001953,18.979675481609892,18.620245265050855,18.74297704472611,551000
2020-08-07,18.462448120117188,18.830645167394522,18.287117227948855,18.830645167394522,167600
2020-08-10,18.567649841308594,18.58518343389929,18.444918037364577,18.46244995785985,72900
2020-08-11,18.3835506439209,18.58518361650415,18.243285246008035,18.56765002374118,122500
2020-08-12,18.409849166870117,18.541347755071566,18.322182884037396,18.532580959578766,69900
2020-08-13,18.339717864990234,18.45368287084349,18.243284779356053,18.31341747651853,110200
2020-08-14,18.252050399780273,18.366017070387592,18.190684502728004,18.366017070387592,48900
2020-08-17,18.865711212158203,18.92707710432372,18.63777956118976,18.63777956118976,104600
2020-08-18,18.93584632873535,19.181309928891007,18.874480428696437,19.076111720851546,82500
2020-08-19,19.26897430419922,19.391707764188936,19.146242516304703,19.146242516304703,117500
2020-08-20,19.03227424621582,19.198839995806217,18.883243757539486,18.970908357444372,90200
2020-08-21,18.664081573486328,18.830645674719435,18.58518208465157,18.830645674719435,58200
2020-08-24,18.60271644592285,18.93584803631111,18.532583743540407,18.81311455307019,74500
2020-08-25,18.304651260375977,18.874481323984504,18.216986640216618,18.664083225830232,54900
2020-08-26,18.71668243408203,18.786815133848002,18.330951749321454,18.330951749321454,68400
2020-08-27,18.48874855041504,18.8131116213513,18.330949576621073,18.8131116213513,212900
2020-08-28,19.155012130737305,19.19884444083807,18.760514651448634,18.830647350867128,219600
2020-08-31,19.47060775756836,19.496908145961477,19.251442870578558,19.286510055102713,209800
2020-09-01,19.85633659362793,19.89140377491452,19.505673141238198,19.55827224107285,112400
2020-09-02,19.81250762939453,20.005372142700967,19.59334272568905,20.005372142700967,86700
2020-09-03,19.023513793945312,19.689773611675555,18.89201351761612,19.672241690647738,175600
2020-09-04,19.49690818786621,19.57580768111975,18.97967891969096,19.295276892705118,76600
2020-09-08,18.804346084594727,19.19884183831151,18.65531390952077,19.19884183831151,214100
2020-09-09,19.514440536499023,19.59334002472425,19.058577198329992,19.058577198329992,156000
2020-09-10,18.95337677001953,19.54950375136726,18.935843180895898,19.426771971692006,141300
2020-09-11,19.36540985107422,19.453076141660375,19.16377855319285,19.16377855319285,72700
2020-09-14,19.540740966796875,19.610873659587146,19.365408398773553,19.610873659587146,82300
2020-09-15,19.61087417602539,19.72483917777503,19.549506605134454,19.681006870662554,62800
2020-09-16,19.79497528076172,19.900175176878722,19.628409475282975,19.63717627263403,73600
2020-09-17,19.83880615234375,19.83880615234375,19.365410834491144,19.505676237713804,67900
2020-09-18,19.847570419311523,20.07550208852035,19.838803623715574,19.95277029436763,119900
2020-09-21,19.005979537963867,19.558274325321683,18.778047851596945,19.33034263895476,150000
2020-09-22,18.742979049682617,18.997211102885508,18.58518174697544,18.979677511886287,80300
2020-09-23,17.848787307739258,18.6202469040384,17.840020512405772,18.593946518037942,284000
2020-09-24,17.91015625,17.97152215567923,17.541959143829093,17.62962543998322,117700
2020-09-25,17.927690505981445,17.971522819630113,17.7348243128979,17.857557800886223,60500
2020-09-28,18.041650772094727,18.25204883195618,17.945217700955883,18.25204883195618,120200
2020-09-29,17.91015625,18.120554357512585,17.79618956337098,18.059188451833357,59000
2020-09-30,18.164384841918945,18.20821882163338,17.840021752508893,17.840021752508893,60600
2020-10-01,18.059186935424805,18.225752716921757,17.94522025836543,18.225752716921757,75200
2020-10-02,18.155616760253906,18.164383555575956,17.717287026722772,17.796186512525995,89000
2020-10-05,18.409849166870117,18.444916348841314,18.164383909357554,18.164383909357554,46700
2020-10-06,17.971521377563477,18.55888336264083,17.85755636796434,18.52381617685928,94100
2020-10-07,18.3835506439209,18.52381604183376,18.11178664447666,18.11178664447666,129400
2020-10-08,18.55011749267578,18.629016992529433,18.366019774414287,18.506285180355103,39900
2020-10-09,18.84817886352539,18.84817886352539,18.71668027564078,18.71668027564078,56700
2020-10-12,18.690380096435547,18.848179072484616,18.690380096435547,18.848179072484616,104300
2020-10-13,18.462448120117188,18.63778068438078,18.409849019676212,18.62024709353537,80700
2020-10-14,18.63778305053711,18.707915750727178,18.497517650156972,18.611482660930033,30900
2020-10-15,18.567649841308594,18.567649841308594,18.260818659353124,18.374783667001797,35400
2020-10-16,18.585182189941406,18.65531488351459,18.462448722116857,18.629014496388905,56700
2020-10-19,18.567649841308594,18.90954653635003,18.567649841308594,18.699148441547962,22000
2020-10-20,19.146244049072266,19.155010844923023,18.73421467665877,18.760513392115698,73300
2020-10-21,19.61087417602539,19.71607238193347,19.295276214110483,19.295276214110483,144100
2020-10-22,19.549510955810547,19.61087854035863,19.286513710415885,19.523212234528504,72900
2020-10-23,19.6722412109375,19.70730672423353,19.418009133135715,19.70730672423353,52700
2020-10-26,19.20760726928711,19.567037488566168,19.023509598381054,19.567037488566168,121300
2020-10-27,19.198843002319336,19.3391083906466,19.023512102957916,19.242676981231185,43700
2020-10-28,18.576417922973633,18.944615032378007,18.471218032245723,18.84818193855205,186600
2020-10-29,18.82187843322754,18.900777920193406,18.418615875042224,18.532580871717776,136600
2020-10-30,18.84817886352539,18.900777964260183,18.59394681113258,18.725447071112455,36500
2020-11-02,19.041044235229492,19.172544501339356,18.970911540282057,19.04981103110984,141800
2020-11-03,19.707307815551758,19.707307815551758,19.400476614767033,19.45307739576706,129400
2020-11-04,19.453075408935547,19.593340799751957,19.19007654708326,19.575807207876068,101700
2020-11-05,20.02290153503418,20.031668329994385,19.549504639754073,19.81250347227474,258100
2020-11-06,20.513830184936523,20.60149646174596,20.16316674979392,20.16316674979392,119100
2020-11-09,20.882030487060547,21.618424652476396,20.785597400226557,21.478159256406272,213400
2020-11-10,20.69793128967285,20.978462061590072,20.689164494038526,20.91709616424509,205400
2020-11-11,20.610265731811523,20.76806471460024,20.513832648530563,20.73299753082703,106600
2020-11-12,20.619029998779297,20.882027156439662,20.58396281930717,20.63656358851536,82600
2020-11-13,20.987228393554688,20.987228393554688,20.741763137502524,20.741763137502524,90100
2020-11-16,21.793758392333984,21.863891094097834,21.539526303380338,21.54829310011276,183300
2020-11-17,21.820053100585938,21.855120281071354,21.504456836693183,21.749920411710303,134000
2020-11-18,21.802522659301758,21.96908676160464,21.802522659301758,21.890187272263145,131700
2020-11-19,21.662256240844727,21.74115573252051,21.4781585416648,21.548291237366012,143700
2020-11-20,22.205785751342773,22.249618058853283,21.855122274972636,21.86388907089381,99300
2020-11-23,22.495080947875977,22.819445674252883,22.302216474305624,22.547680045741494,245300
2020-11-24,23.240243911743164,23.31037660596412,22.749315052196497,22.793147359048845,237900
2020-11-25,23.0561466217041,23.187646898299928,22.924648017203754,23.161346508561667,165100
2020-11-27,23.617210388183594,23.669809496656086,23.231479691162455,23.36297829839144,256300
2020-11-30,23.617210388183594,23.9152747896869,23.485711780954606,23.669809496656086,263700
2020-12-01,24.108137130737305,24.257169318065678,23.91527263564574,23.91527263564574,269800
2020-12-02,24.36237144470215,24.37113656938695,23.88897445113797,24.265938352214146,245900
2020-12-03,24.774396896362305,24.87082997341892,24.546465232834557,24.546465232834557,251800
2020-12-04,25.537094116210938,25.545860913104054,24.98479928870888,25.089999179330743,346700
2020-12-07,25.107524871826172,25.52832265781785,25.07245936504902,25.475721889509437,299100
2020-12-08,24.993562698364258,25.116294494043665,24.651666026345733,25.002329494069258,223600
2020-12-09,24.90589714050293,25.300394598268273,24.590299174290653,25.17766112691052,164600
2020-12-10,25.379291534423828,25.440657427876197,24.83576194424035,24.83576194424035,195400
2020-12-11,24.897130966186523,25.309162026161545,24.7743991638597,25.203962144098984,246000
2020-12-14,24.791934967041016,25.291630689183922,24.72180226344369,25.081232578391937,127900
2020-12-15,25.291629791259766,25.291629791259766,24.80070088350783,24.958498206927906,88600
2020-12-16,25.44066047668457,25.502026377491028,25.221495589749853,25.4231268844269,111500
2020-12-17,26.212120056152344,26.212120056152344,25.72119117923136,25.72119117923136,284700
2020-12-18,26.09815788269043,26.352388308786974,26.03679197542904,26.343621511735982,209100
2020-12-21,26.036787033081055,26.071852542533264,25.42312473276248,25.68612190598744,171800
2020-12-22,25.361759185791016,25.765021746558865,25.300393289334625,25.765021746558865,253400
2020-12-23,26.133220672607422,26.159521061016772,25.615991405224612,25.615991405224612,135400
2020-12-24,26.238418579101562,26.29978447534212,26.133218705478278,26.177052682861007,50100
2020-12-28,26.554018020629883,26.860847519081307,26.501417244813613,26.536484428691125,203100
2020-12-29,26.466352462768555,26.676750555548693,26.19458679651073,26.676750555548693,182800
2020-12-30,27.000690460205078,27.098166420082585,26.619651605602073,26.646234729075395,200100
2020-12-31,26.903221130371094,27.426044063602944,26.867774705660466,27.1336178204545,119300
2021-01-04,28.188121795654297,28.35648892187791,27.869112444604514,27.895695571254567,652600
2021-01-05,28.81728172302246,28.85272814478458,28.37421159206644,28.37421159206644,412400
2021-01-06,29.33124351501465,29.67684108255664,29.28693717467042,29.28693717467042,504100
2021-01-07,30.483224868774414,30.483224868774414,30.07559779919025,30.128767429229054,409400
2021-01-08,30.04015350341797,30.53638984160378,29.579360203419338,30.447777175601033,680000
2021-01-11,28.897035598754883,29.357828958402838,28.61347097441106,29.2869361121384,478800
2021-01-12,29.455303192138672,29.508469443339912,28.861587470989623,29.00336977478754,341800
2021-01-13,28.9945125579834,29.579365038121733,28.932483005571537,29.49961227354118,217400
2021-01-14,29.242626190185547,29.44643802768648,29.05653756207903,29.15401352357003,237000
2021-01-15,28.37421226501465,29.074263899813854,28.090647644906067,29.02109426590965,411000
2021-01-19,28.737529754638672,28.81728251561856,28.383072287982053,28.569164317173087,369300
2021-01-20,29.242626190185547,29.419854903773135,29.074260771473444,29.366685275589894,254500
2021-01-21,29.286935806274414,29.685699611454897,29.118570368690182,29.499610962489648,296300
2021-01-22,28.710947036743164,28.799559714491117,28.365349480669412,28.764113291249146,283800
2021-01-25,28.179264068603516,28.79956302521815,27.833669853158074,28.7109503372835,332900
2021-01-26,27.72732925415039,28.152676168819976,27.496932586159765,28.1083681421804,240100
2021-01-27,26.37153434753418,26.991831515594434,25.88415619029568,26.94752517865385,542700
2021-01-28,27.257673263549805,27.355149228226118,26.58420649615904,26.814603155280487,509300
2021-01-29,26.318363189697266,27.23108646451637,26.318363189697266,27.23108646451637,325600
2021-02-01,27.92228126525879,27.984310816295498,27.239952823497994,27.301982374534703,883700
2021-02-02,27.603267669677734,28.19698168801257,27.372871008364985,27.93114029659389,476400
2021-02-03,27.833663940429688,28.046337388616077,27.505793008292546,27.709604851532212,288500
2021-02-04,27.709606170654297,27.91341802359647,27.55896225974521,27.87797160212214,279200
2021-02-05,28.321041107177734,28.34762592269933,27.73618868712962,27.753911897477348,272500
2021-02-08,29.278074264526367,29.34010381073605,28.622329001279624,28.622329001279624,513700
2021-02-09,29.623674392700195,29.685703951423832,29.39327599142033,29.54392162000446,560600
2021-02-10,30.18193817138672,30.616145001454576,29.765451171628055,30.412333149330937,607200
2021-02-11,30.270553588867188,30.527535096288243,30.03129529371901,30.30600001341294,340000
2021-02-12,30.270553588867188,30.430059118965975,29.862929847662333,30.128771271041277,404900
2021-02-16,32.11372375488281,32.352978644744816,31.573177668131947,31.599760793592893,557000
2021-02-17,32.627689361572266,32.70744213304077,32.04283683092234,32.26437193162848,549300
2021-02-18,32.92897415161133,33.07961976377698,32.52135041575117,32.92011423576961,1131900
2021-02-19,34.86075973510742,34.984818836954545,33.89486666741008,33.89486666741008,1557700
2021-02-22,35.74689865112305,36.37605743196172,35.454470739254525,36.189968786421865,1723300
2021-02-23,35.87982177734375,35.90640490429092,34.116401115447964,35.17977013797487,1493700
2021-02-24,35.622840881347656,35.69373034785112,34.68353094258847,35.312689746868614,897000
2021-02-25,34.07209014892578,35.80006415326928,33.96575427522423,35.71144810822092,931400
2021-02-26,32.769466400146484,33.76194254457367,32.47704187221244,33.673329870740766,925000
2021-03-01,33.58470916748047,33.76193447277527,33.19480538297745,33.442926895031015,828000
2021-03-02,33.566993713378906,33.76194227029894,32.982141281905214,33.301152313683005,927200
2021-03-03,33.682186126708984,34.10753637989548,33.37203842163181,33.63787979460602,905700
2021-03-04,31.333921432495117,33.15050836467763,30.944017538514604,33.15050836467763,1537900
2021-03-05,32.24664306640625,32.32639582389735,31.07693821010801,31.839019363832545,580900
2021-03-08,32.08713912963867,32.45931980968853,31.53773309565331,32.18461510251737,722600
2021-03-09,32.175758361816406,32.52135256859092,31.70610166254579,32.23778791788582,579800
2021-03-10,32.25550842285156,32.45045699111969,31.8921910333683,32.24664512681024,732100
2021-03-11,33.98347854614258,34.09867772958585,32.96441924755026,33.10620155780471,921500
2021-03-12,33.73535919189453,33.73535919189453,33.08847721226034,33.4606544962868,320700
2021-03-15,33.58470916748047,33.76193447277527,33.19480538297745,33.73535135305226,411300
2021-03-16,32.90239334106445,33.50496907145274,32.87580683095268,33.50496907145274,332200
2021-03-17,33.274566650390625,33.50496501489195,32.52134876877858,32.840359808637714,251100
2021-03-18,32.57451248168945,33.380899933848205,32.46817660348078,33.27456405563953,325400
2021-03-19,32.08713912963867,32.335260709790894,31.679515407015884,32.335260709790894,439300
2021-03-22,32.30867385864258,32.44159625303683,31.909910055816734,32.087138788223434,300100
2021-03-23,30.580703735351562,31.768132007292305,30.44778470348466,31.750412173995944,838500
2021-03-24,30.093324661254883,30.82882275444491,30.04015840512062,30.68704043749175,554800
2021-03-25,29.88951301574707,30.040158630088836,29.10970857648624,29.667977932576377,487900
2021-03-26,31.227582931518555,31.351642021824443,30.483225009326542,30.483225009326542,348300
2021-03-29,31.076932907104492,31.245298308474844,30.828814761852147,31.183268772161757,455500
2021-03-30,31.31619644165039,31.457978745854053,30.802233476189127,30.8908495290394,190100
2021-03-31,31.511154174804688,31.626349994167942,31.298478989194052,31.484567663879986,280500
2021-04-01,32.264366149902344,32.290949275509064,31.679513724057095,31.90104878506449,347900
2021-04-05,33.18595504760742,33.407490123518876,32.654268837205734,32.72516168406876,750200
2021-04-06,33.41634750366211,33.58471631200795,33.035306931578106,33.230258865302034,543900
2021-04-07,33.07075881958008,33.363186768510175,32.787194167479115,33.30115721213542,271200
2021-04-08,33.558135986328125,33.620165543871494,33.141652297159425,33.256848115250044,532800
2021-04-09,33.21253967285156,33.38976841764495,33.07075735308828,33.34546207653589,148300
2021-04-12,31.971942901611328,33.01758532131899,31.9099099721283,32.982142279216134,390200
2021-04-13,32.60110092163086,32.654267173712704,32.04283161227372,32.18461391842001,418300
2021-04-14,33.95689392089844,34.151845856529405,33.017584044189036,33.035307254733375,1225200
2021-04-15,35.259525299072266,35.29497172431907,34.55947361205517,34.66580950743841,1205400
2021-04-16,35.2152214050293,35.463339638285944,34.92279344695619,35.44561642443084,606300
2021-04-19,35.03799057006836,35.711455754857745,34.82531539677017,35.46333753630753,669000
2021-04-20,33.97461700439453,35.12659864261464,33.84169461598743,35.00253954962494,615900
2021-04-21,34.53289031982422,34.559473448454895,33.46065793350585,33.85942176475176,524200
2021-04-22,33.93917465209961,34.568333487889646,33.60244037336187,34.55947357176686,361600
2021-04-23,34.754425048828125,34.79873138954293,34.2759084562512,34.346797925323465,855700
2021-04-26,35.98616027832031,36.02160670372814,35.26838537541918,35.39244448398939,1186800
2021-04-27,35.897544860839844,36.18997280518138,35.73804270434847,36.11022003675707,669100
2021-04-28,36.01274108886719,36.15452340101403,35.4633350518428,35.773482803302464,426300
2021-04-29,35.950714111328125,37.00521992211189,35.47219750595443,36.58873625182638,632300
2021-04-30,34.967098236083984,35.87982511705816,34.878485551107346,35.78234913536951,792700
2021-05-03,35.445613861083984,35.622842606460836,35.179772433197286,35.29497162474581,533600
2021-05-04,35.897544860839844,35.959577796598516,35.26838601013546,35.66714985225698,835700
2021-05-05,37.2621955871582,37.28878209240947,36.26971948693234,36.33174903192416,1172200
2021-05-06,37.92679977416992,37.953386278735465,37.217888292292805,37.56348242843561,1307000
2021-05-07,39.28260040283203,39.30918352963142,38.32556727377117,38.50279600659987,1871800
2021-05-10,39.87631607055664,41.61315035923294,39.787703386987175,40.80676276946486,3672600
2021-05-11,39.87631607055664,40.009238476268045,38.13061848530908,38.99903562964723,1560000
2021-05-12,38.25467300415039,39.699082559442424,38.130613909896496,39.69022264429148,1619400
2021-05-13,37.12928009033203,38.254675301715736,36.571010752303216,37.89135791228425,1390300
2021-05-14,37.20903396606445,37.3862593278836,36.68621103584095,36.96091237487488,1658800
2021-05-17,37.625518798828125,37.6698251406678,36.925467104546875,37.21789504533165,1070400
2021-05-18,37.98883056640625,38.49393022512062,37.758435594855904,38.10402974235977,872500
2021-05-19,36.05705261230469,36.95205633296585,35.7203216852599,36.934333118854425,1476000
2021-05-20,35.87095260620117,36.15451718171609,35.64055765622894,36.092487642094476,865300
2021-05-21,35.42789077758789,36.322894423841106,35.046850156764386,36.21655514801327,716000
2021-05-24,35.41016387939453,35.4544702161994,35.05570980459881,35.3038279949915,524300
2021-05-25,34.87848663330078,35.472199077851634,34.69239796086162,35.45447586423495,748700
2021-05-26,35.3481330871582,35.40130271766598,34.79872709333796,34.887339763827555,718200
2021-05-27,36.65962219238281,36.765961459129926,35.711452369540766,35.711452369540766,1157200
2021-05-28,36.544429779052734,36.76596486811491,36.243141922713896,36.70393193324888,855600
2021-06-01,37.15586471557617,37.44828926990348,37.031805608870215,37.17358792801376,1217400
2021-06-02,36.70392990112305,37.35081530008388,36.597594010760545,37.2090329861482,766400
2021-06-03,35.72031784057617,36.243140769339256,35.516505970767795,36.09249515578527,1460500
2021-06-04,36.34061050415039,36.464672979807425,35.89754037501716,36.19882819804203,515300
2021-06-07,35.52536392211914,36.278581807164436,35.277245725700816,36.2519986805073,742900
2021-06-08,35.383583068847656,35.56967172381962,35.06457201440598,35.498782256364265,542000
2021-06-09,35.2152214050293,35.43675650768199,35.117745419004926,35.40131007997178,324400
2021-06-10,35.144325256347656,35.401306762629645,34.96709651476155,35.232937936962166,406200
2021-06-11,35.48106002807617,35.97729645509223,35.44561360318727,35.534226285052384,247200
2021-06-14,35.01140594482422,35.44561623101136,34.878486912172356,35.365863459277286,518500
2021-06-15,33.4517936706543,34.17842838856845,32.70743574250361,34.17842838856845,1332500
2021-06-16,32.503623962402344,32.9910004136643,32.308672029754874,32.81377169128994,881200
2021-06-17,30.92629623413086,32.16689056221429,30.536392358723283,32.12258422556074,3587900
2021-06-18,30.722484588623047,31.14783493516817,30.625011988745207,30.89085342006801,1178600
2021-06-21,31.85674476623535,31.89219118986058,31.076940348265452,31.13010998370329,837900
2021-06-22,32.29981231689453,32.3884249884578,31.53773117216618,32.00738441609362,777400
2021-06-23,32.92011642456055,33.221404288566816,32.78719401559764,32.79605393202844,757100
2021-06-24,33.088478088378906,33.21253718633924,32.707437498725376,32.98214220160675,515000
2021-06-25,33.442935943603516,33.64674780412223,33.389766309415485,33.41634943633103,498800
2021-06-28,32.990997314453125,33.38089776276367,32.866938234552336,33.363177934511896,522900
2021-06-29,32.813899993896484,33.11649644977217,32.279907845899054,32.90290094858891,437800
2021-06-30,33.06309509277344,33.241090189580895,32.81389584617307,32.91179518644048,354100
2021-07-01,32.91179275512695,33.427988003844135,32.75159446380359,33.232189337773676,233300
2021-07-02,33.11648941040039,33.16988997186481,32.55579879269749,33.06309224397452,421700
2021-07-06,32.244300842285156,33.33008850127883,31.9239042612681,33.33008850127883,825400
2021-07-07,32.929595947265625,33.241090767129606,32.449001029442144,32.84949679429504,521000
2021-07-08,32.19981002807617,32.25321060312034,31.52341632434112,31.941712341255183,493500
2021-07-09,33.463584899902344,33.53478564921856,32.82279513124931,33.12539152576606,675000
2021-07-12,33.463584899902344,33.5436840453638,32.85839211086883,33.1965888800437,512300
2021-07-13,32.974098205566406,33.56149092438883,32.7694011030264,33.24109427866037,434500
2021-07-14,32.50239944458008,33.2855907334361,32.279902189396786,33.08089027103343,389500
2021-07-15,32.65370559692383,33.10760203283562,32.28881012640635,32.573606425588785,496500
2021-07-16,31.327617645263672,32.52910159703343,31.26531867858163,32.52910159703343,439300
2021-07-19,30.001529693603516,30.393127043636913,29.74343205745219,30.37532685545005,2716300
2021-07-20,30.3397274017334,30.571123065122002,29.681133998946233,30.037130983432085,610200
2021-07-21,31.60350799560547,31.630209974315722,30.677922012922977,30.731319180266254,462200
2021-07-22,31.808212280273438,31.941708609729275,31.53231443400227,31.84380926443825,337100
2021-07-23,32.10190963745117,32.11970982855927,31.665816837940262,32.03961066609247,245500
2021-07-26,32.99189758300781,33.18769628280083,32.27100514789284,32.395606480967885,540000
2021-07-27,32.92070007324219,32.97409724928885,32.484603896972445,32.80500053340913,779900
2021-07-28,33.258888244628906,33.32118720352265,32.644797051945424,32.84059571991927,445100
2021-07-29,34.22897720336914,34.53157360870217,33.65048637217042,33.78398268935226,1011500
2021-07-30,33.68608474731445,34.344678149135355,33.56148682143887,34.10438069421579,519900
2021-08-02,33.748382568359375,34.522675473025686,33.69498539909876,34.41587434442698,494800
2021-08-03,33.67718505859375,33.74838241563195,33.027493473566096,33.59708591002657,502700
2021-08-04,33.169891357421875,33.63268605766282,33.13429098162518,33.63268605766282,537200
2021-08-05,33.10758972167969,33.46358326576063,32.97409002075032,33.14319009459931,246800
2021-08-06,33.13429260253906,33.516988173478076,33.03639326182831,33.241090340114944,270700
2021-08-09,32.804996490478516,32.96519478895381,32.591397627498544,32.929594412617355,401500
2021-08-10,33.37458801269531,33.419086784371174,32.626997105409394,32.82279577482957,396300
2021-08-11,33.997581481933594,34.00647987837911,33.454687632712094,33.56148536525181,341800
2021-08-12,33.68608474731445,33.89078521986875,33.24109021487945,33.89078521986875,230900
2021-08-13,34.14887619018555,34.300176082108976,33.89968036235698,33.97977950630738,227700
2021-08-16,33.18769073486328,33.65048542380259,32.84059556691845,33.65048542380259,638000
2021-08-17,31.719205856323242,32.64479518559685,31.478908430740375,32.64479518559685,797900
2021-08-18,31.09621810913086,31.567914643447505,31.069519522391072,31.54121266166871,261700
2021-08-19,29.574338912963867,30.10833443756549,29.45863937337764,30.07273405691755,751800
2021-08-20,29.5654354095459,29.5743338056516,29.26283901637333,29.405237119334625,464200
2021-08-23,30.775819778442383,30.873715711930238,30.117226456108128,30.215125784634424,439700
2021-08-24,31.514511108398438,31.630210631778148,31.185216121128615,31.229714893185832,327600
2021-08-25,31.656904220581055,31.754803540681742,31.470007370409647,31.719203170638192,187600
2021-08-26,31.327617645263672,31.683611255584054,31.19411791949412,31.541213132448092,133400
2021-08-27,32.635894775390625,32.7070955245183,31.496709949656484,31.576809094905826,298700
2021-08-30,32.885093688964844,33.26778922428326,32.671494838655605,33.03639018686171,510600
2021-08-31,32.85839080810547,33.01858909267686,32.55579782062445,32.90289297218299,214100
2021-09-01,32.644798278808594,32.79609478608271,32.21760394675145,32.43119941526064,640300
2021-09-02,33.0363883972168,33.26778742210302,32.55579695137303,32.626994300926846,203000
2021-09-03,33.57928466796875,33.703882585153565,33.2054909164143,33.2054909164143,233400
2021-09-07,33.267791748046875,33.65048731239737,33.027494296358974,33.427990049172145,237400
2021-09-08,32.19981002807617,32.99189988518111,32.05741188966449,32.99189988518111,515800
2021-09-09,32.50239944458008,32.68039792773445,32.10190370624242,32.484599256760774,301500
2021-09-10,33.11648941040039,33.712783797451465,33.07199064003265,33.15208978471,653500
2021-09-13,33.44579315185547,33.73058940199571,33.18769548921615,33.614889864426516,221500
2021-09-14,33.00968933105469,33.3567844682516,32.715991356479876,33.33898428236479,207300
2021-09-15,33.69499206542969,33.73059244867256,33.018598363972814,33.018598363972814,264900
2021-09-16,32.297698974609375,32.83169097277702,31.98620081314631,32.715991461659975,479600
2021-09-17,31.265316009521484,32.28880137123854,31.042818748925765,32.155305051904364,459300
2021-09-20,29.7701358795166,30.179530048032632,29.29843935097173,29.859133430919577,990100
2021-09-21,29.80573081970215,30.170626145937433,29.467534075008512,30.161724355397986,271300
2021-09-22,30.544424057006836,31.033917357624233,30.499925283321403,30.508823680042966,1089900
2021-09-23,31.06061553955078,31.149613076038392,30.722418789828758,30.722418789828758,251300
2021-09-24,30.7313175201416,30.998316922588977,30.535522258728875,30.695720542181927,301100
2021-09-27,30.909317016601562,31.00721634807841,30.482122711552314,30.633419209261227,206800
2021-09-28,30.402029037475586,31.051720705495136,30.268529307797408,30.87372219760395,256600
2021-09-29,29.823532104492188,30.39312795850083,29.814633707650284,30.268526637442193,153800
2021-09-30,30.437623977661133,30.71351839029209,30.03712825525009,30.135027586843737,948000
2021-10-01,30.775819778442383,30.882617502726326,30.30412332236463,30.43762302399839,233700
2021-10-04,30.669017791748047,31.140714234485422,30.437622163170698,30.962715769020658,186000
2021-10-05,30.95381736755371,31.051716704030067,30.455425683730386,30.775822277638934,155000
2021-10-06,30.464326858520508,30.580026393547744,29.832435404594644,30.526625824680014,686900
2021-10-07,31.514511108398438,31.576810068286278,30.731319819044426,30.731319819044426,421500
2021-10-08,31.514511108398438,31.861606283498883,31.372113000792133,31.790408927215076,185400
2021-10-11,32.27989959716797,32.82279339942445,32.08410094191785,32.128599710373315,407100
2021-10-12,32.55579376220703,32.73378881617436,32.30659457558432,32.49349141927283,301800
2021-10-13,33.34788513183594,33.37458371239362,32.66259327220354,32.70709203814575,622500
2021-10-14,34.41587448120117,34.57607277969715,33.988680150224816,34.148878448720794,879600
2021-10-15,35.3770637512207,35.448264502854315,34.771870942489805,35.05666715894685,922100
2021-10-18,35.68855285644531,35.777553781783574,35.1545608845684,35.37705810535681,662600
2021-10-19,35.563961029052734,35.875459228372065,35.216865848557575,35.78645828783566,545200
2021-10-20,35.59956359863281,35.78646049271629,35.24356660463091,35.51056604765181,786000
2021-10-21,34.42477798461914,34.78077497565452,34.237881092093076,34.71847261644025,670500
2021-10-22,34.042076110839844,34.41586982675226,33.64158041876348,34.07767648236625,568300
2021-10-25,34.7985725402832,34.96767264253723,34.2912790235991,34.2912790235991,405200
2021-10-26,34.380279541015625,35.154569099689006,34.0954833034567,34.97657060245494,496200
2021-10-27,33.169891357421875,33.8106845416076,33.11649079372683,33.72168360211586,910300
2021-10-28,33.356788635253906,33.445789575806124,32.653696482565735,33.27668948627628,613100
2021-10-29,33.21439743041992,33.24999781404185,32.77830461368941,32.929601151523414,296100
2021-11-01,33.392391204833984,33.54368772115246,33.00079722579884,33.11649336355804,355700
2021-11-02,32.52909851074219,33.28559122659682,32.11080597342646,33.28559122659682,624200
2021-11-03,32.28880310058594,32.7070990593217,31.843808555561154,32.6536984917047,915100
2021-11-04,32.11970138549805,32.520197092556806,31.861603774833686,32.306598250445994,566400
2021-11-05,32.11970138549805,32.16420015405159,31.772606237726592,32.0752026169445,425700
2021-11-08,33.02749252319336,33.08088969067581,32.43119812434316,32.43119812434316,882300
2021-11-09,32.42230224609375,33.0274950881787,32.09300723923658,33.00969489928928,1712000
2021-11-10,31.60350799560547,32.404499456140776,31.461109890959037,32.404499456140776,507900
2021-11-11,33.0363883972168,33.17878649136279,32.25320057693299,32.26209897248783,748100
2021-11-12,33.60598373413086,33.62378392184691,33.08979187051998,33.2499901649258,584300
2021-11-15,32.680397033691406,33.39238755179216,32.52019874273891,33.39238755179216,348200
2021-11-16,32.31550216674805,32.68929592123042,32.19090085354861,32.68929592123042,296500
2021-11-17,31.977310180664062,32.52910249873158,31.78151148278498,32.44010494244426,805500
2021-11-18,32.057403564453125,32.235402040001915,31.60350728205179,32.235402040001915,346400
2021-11-19,32.039608001708984,32.4223035911103,31.95061044860874,32.13750734714267,476800
2021-11-22,32.19090270996094,32.5112993151591,31.90610648201565,32.039606199194495,673300
2021-11-23,32.440101623535156,32.689297471676035,32.14640360676443,32.190902380355475,173000
2021-11-24,32.440101623535156,32.440101623535156,31.97730690910295,32.13750521006175,200800
2021-11-26,30.962722778320312,31.20302025184021,30.2952309280003,31.20302025184021,835600
2021-11-29,31.612407684326172,31.656906452498845,30.749117322615074,31.389910448424416,4756200
2021-11-30,31.60350799560547,32.08410287192665,31.06061755573,31.61240978685509,1094400
2021-12-01,31.16741371154785,32.37779923743918,31.149613524986105,32.217600953421886,5042800
2021-12-02,31.665809631347656,31.826004524784356,31.08731543462724,31.318711076292285,793500
2021-12-03,31.274213790893555,31.87050820297978,30.953817198732445,31.737008491233084,3086700
2021-12-06,31.817106246948242,32.03070509738807,31.08731555008986,31.62130758363161,504300
2021-12-07,32.689292907714844,33.027489650858804,32.306597397192604,32.306597397192604,310600
2021-12-08,33.00968933105469,33.107588655912956,32.715991356479876,32.974088959281076,961800
2021-12-09,32.787193298339844,32.84949225370142,32.36889740230775,32.804993484877215,464800
2021-12-10,32.52909851074219,32.94739444309665,32.395602192677536,32.91179406693058,219400
2021-12-13,32.51129913330078,32.77829856616496,32.15530554787991,32.53800111361049,5902300
2021-12-14,32.14640426635742,32.63589757598012,32.039606528539835,32.093007094968065,261800
2021-12-15,31.772600173950195,31.88829966613899,30.87370960354439,31.86159769407218,592200
2021-12-16,32.057403564453125,32.62699597017841,31.95060583713927,32.32439958025704,607600
2021-12-17,31.83490562438965,32.20869935935418,31.719206108550807,32.20869935935418,242500
2021-12-20,30.936016082763672,31.381010581851427,30.660121666153966,31.381010581851427,498600
2021-12-21,31.82600212097168,31.95060342096017,31.265311548695756,31.389909453645963,218600
2021-12-22,32.440101623535156,32.47570200042351,31.621309930297006,31.82600700484684,220200
2021-12-23,32.73379898071289,32.86729870768091,32.22650545029695,32.404503954574615,248800
2021-12-27,32.99189758300781,33.05419655202574,32.60920197616101,32.75160010463616,493600
2021-12-28,32.85839080810547,33.12539021241676,32.61809677628683,32.96519192784537,174100
2021-12-29,33.000789642333984,33.20548667945272,32.8405913706692,32.92958890157711,213100
2021-12-30,32.96031951904297,33.33803502434999,32.93333738962208,33.167164214424226,269100
2021-12-31,33.19414520263672,33.3380373237246,32.97830530567552,32.97830530567552,309800
2022-01-03,33.068241119384766,33.35602537108016,32.780456867689374,33.27508583587465,385300
2022-01-04,33.6438102722168,33.88662888252056,33.29307342310879,33.29307342310879,614200
2022-01-05,33.19414520263672,34.15642440566041,33.167166502013615,33.67078721049179,926400
2022-01-06,33.014278411865234,33.356023477853775,32.690520289419105,33.275083947242244,489800
2022-01-07,33.77871322631836,33.8326706345164,33.12220512485489,33.16717077523966,320700
2022-01-10,33.706764221191406,33.706764221191406,33.176161332273644,33.64381162679939,407700
2022-01-11,34.65105438232422,34.74998086174651,33.652801261839514,33.814680331683455,713700
2022-01-12,36.52165985107422,36.557633744417345,35.36152752070299,35.36152752070299,1077100
2022-01-13,36.08998107910156,36.72850220650708,36.04501543067255,36.26085191539543,541000
2022-01-14,35.72126007080078,35.91011786739037,34.98381240069533,35.69427793510274,381900
2022-01-18,36.018035888671875,36.43172537303922,35.62233335110215,35.64032029789977,380400
2022-01-19,36.68354034423828,37.079242894177284,36.51266605964917,36.746492944668134,488800
2022-01-20,36.37776184082031,37.22312761407507,36.359774897049945,37.0522567942447,616400
2022-01-21,35.226627349853516,36.36877274048703,35.1906568869513,36.27884143724254,723000
2022-01-24,34.38125991821289,34.41723381018725,33.09522244073255,33.985557398472466,1035400
2022-01-25,34.47119140625,34.714006577593054,33.62582217765256,34.17441197136141,414700
2022-01-26,34.38125991821289,35.33454747157835,34.03052304811083,35.12770273871455,307900
2022-01-27,33.913604736328125,34.76796567920083,33.77870780681686,34.372263216378975,397800
2022-01-28,33.239112854003906,33.61683183882569,32.636565632651156,33.61683183882569,354700
2022-01-31,33.6438102722168,33.67078897425312,32.97830703316289,33.284078235324046,206900
2022-02-01,34.29133224487305,34.417237449437245,33.64381584350345,34.120457955256335,4234500
2022-02-02,34.57011032104492,34.80393713827455,34.19239482797027,34.78595019612931,254700
2022-02-03,34.19240188598633,34.543138753571654,34.093475399096285,34.174414940128216,119900
2022-02-04,34.417232513427734,34.6150854811729,33.85065574348596,33.922603524723854,150300
2022-02-07,34.821929931640625,35.019779467166536,34.498171779941316,34.54313742753089,956100
2022-02-08,35.6223258972168,35.69427023869379,34.74997802869506,34.94783097140934,683600
2022-02-09,36.863407135009766,37.01629104468107,35.91911124808657,35.95508514353611,765200
2022-02-10,37.05226135253906,37.88863547213157,36.80044753943369,36.86340356570441,660900
2022-02-11,36.674537658691406,37.411985196409674,36.350779533710956,36.95333013979318,617200
2022-02-14,36.91736602783203,37.12421078897167,36.413745193982336,36.872400372046826,416000
2022-02-15,37.079246520996094,37.32206518811602,36.701530881471605,37.205151734170926,311300
2022-02-16,37.420982360839844,37.53789578562889,37.02527644021812,37.052258572498,372300
2022-02-17,36.91736602783203,37.30407684277212,36.69253431824638,37.28608989432611,204100
2022-02-18,36.746490478515625,37.3130672750193,36.62957704385251,37.05226170179357,830600
2022-02-22,36.70152282714844,37.15118616446908,36.23387254465588,36.81843282477732,1565100
2022-02-23,36.46769714355469,37.03427392738715,36.39575279121198,36.881386603837825,361500
2022-02-24,36.18891143798828,36.269850986088535,35.18166296592745,35.81119240330061,466200
2022-02-25,37.67279052734375,37.77171700172986,36.377761465178715,36.377761465178715,703100
2022-02-28,38.311309814453125,38.347283699958325,37.34003892042247,37.627823143147005,925700
2022-03-01,38.3203125,38.98581235878414,37.93360173179062,38.428230746975416,725800
2022-03-02,39.44446563720703,39.5973495140889,38.59909642874905,39.21063879759402,626100
2022-03-03,40.361785888671875,40.42473848732443,39.615343032278204,40.02004075980132,1167200
2022-03-04,40.02003479003906,40.18191385690091,39.28258723240565,40.11896126763895,664600
2022-03-07,38.778968811035156,40.19091154542849,38.644071855846725,39.95708809803962,2201000
2022-03-08,38.3203125,38.95883365470509,37.951588678063054,38.67104937566451,4700700
2022-03-09,38.554134368896484,38.6530608540334,37.77172110655944,38.60809520551455,527000
2022-03-10,39.399505615234375,39.4174925616682,38.796954917008705,38.895881407065104,613600
2022-03-11,38.59910202026367,39.21064447769746,38.47319682561423,39.11172141808665,436500
2022-03-14,36.90837097167969,38.122460722716006,36.69253104026958,38.04152117726963,669500
2022-03-15,36.32380294799805,36.32380294799805,35.61333406911741,35.88313480941258,615200
2022-03-16,38.07748794555664,38.09547488902989,37.02527405165318,37.11520876901941,873400
2022-03-17,38.958831787109375,39.012792623339934,38.077492045964576,38.185410287766636,342900
2022-03-18,39.48942947387695,39.68728241669893,38.79694760465865,38.95882666139324,924700
2022-03-21,40.442726135253906,40.67654958706542,39.705278454832225,39.705278454832225,442100
2022-03-22,40.6315803527832,41.09023545772323,40.37976997600508,40.77547248675057,473700
2022-03-23,41.07224655151367,41.33305210396064,40.54164712024828,40.73050489381653,845500
2022-03-24,41.530906677246094,41.80070399719566,41.1981567636636,41.1981567636636,432500
2022-03-25,41.79171371459961,41.899631960255945,41.37802081670852,41.52191295447002,866600
2022-03-28,41.38701248168945,41.41399118314198,40.69453055558388,41.30607294667299,545300
2022-03-29,40.93735122680664,41.09923030500987,40.37976964113944,41.09923030500987,508000
2022-03-30,41.297080993652344,41.593860455510764,40.946344124662694,40.946344124662694,364600
2022-03-31,40.9283561706543,41.36902775844072,40.919364413240274,41.252114328104064,181500
2022-04-01,41.99855422973633,42.0435198750217,41.23412453724973,41.2431197247021,780300
2022-04-04,42.133453369140625,42.42123763080849,41.845669107472766,42.37627198317145,402900
2022-04-05,40.9283561706543,42.47519917595472,40.757485334515394,42.18741490947916,454300
2022-04-06,40.127960205078125,40.73950269361987,39.76823154930379,40.568631839426516,366700
2022-04-07,40.52366256713867,40.65855951450918,39.813193646746306,40.09198616036662,259500
2022-04-08,40.86540603637695,41.04527207141468,40.550643048055385,41.04527207141468,554700
2022-04-11,40.02903366088867,40.67655004341487,39.714270658638114,40.56863178988031,577400
2022-04-12,40.17292022705078,40.86540216643974,40.07399717627432,40.58661309765879,267600
2022-04-13,41.557891845703125,41.593865742135705,40.44272850156983,40.44272850156983,662200
2022-04-14,41.467952728271484,41.818689575808314,41.270099765800886,41.7827156861484,184200
2022-04-18,41.84566879272461,41.98956092247624,41.51291888592254,41.56687972107651,441000
2022-04-19,41.6747932434082,41.75573277164785,41.27909078904694,41.57586677215324,525300
2022-04-20,40.95534133911133,41.28809127863275,40.38876452158942,41.243125626912445,292300
2022-04-21,38.778968811035156,40.7934622567133,38.365279326069064,40.7934622567133,1444100
2022-04-22,36.872398376464844,38.48219415333219,36.773471880695645,38.44622025838712,674400
2022-04-25,36.17991638183594,36.26085593023349,35.163676147657654,35.71226603894557,7750800
2022-04-26,34.71400451660156,35.865144868562055,34.68702581708937,35.83816273839123,1104700
2022-04-27,36.098968505859375,36.3507788513803,35.47843439840054,35.47843439840054,493700
2022-04-28,36.422733306884766,36.62957804731882,35.766225192291635,36.46769895816882,649300
2022-04-29,36.0090446472168,37.23212960172788,36.0090446472168,36.78246621731406,487100
2022-05-02,35.53239822387695,35.649311661437956,34.98381179058762,35.649311661437956,576200
2022-05-03,35.919105529785156,36.17991108428498,35.58635562649925,35.7932003464153,703700
2022-05-04,36.692527770996094,36.764475551942084,35.21763256819345,35.78420933583657,444300
2022-05-05,34.794952392578125,36.43172688168857,34.363275943537296,36.43172688168857,1517500
2022-05-06,34.15642547607422,34.48917537326932,33.05924587423338,34.48917537326932,1847800
2022-05-09,32.10595703125,33.34702857324228,31.971056682746656,33.34702857324228,1250300
2022-05-10,31.65630340576172,32.61858278784317,31.269592615131668,32.483682398308254,1001100
2022-05-11,31.935089111328125,32.960324415152485,31.890123463158584,31.890123463158584,429900
2022-05-12,30.900861740112305,31.47643020058912,30.514151037480946,31.089719497957766,461100
2022-05-13,31.890121459960938,32.1869008944238,31.170660842464528,31.170660842464528,448800
2022-05-16,32.4656982421875,32.69052995696902,31.96207739669911,32.01603481262446,318300
2022-05-17,34.00354766845703,34.08448721798195,33.39200516774864,33.49093166501904,388200
2022-05-18,32.93334197998047,33.90461643870691,32.79844503670781,33.86864254823726,376300
2022-05-19,34.38125991821289,34.749983734302134,33.050256791094185,33.050256791094185,890800
2022-05-20,34.33629608154297,34.893877713949344,33.805693154212264,34.866899008873666,441400
2022-05-23,35.226627349853516,35.38850644022106,34.55213228354186,35.019782607863725,600900
2022-05-24,34.911865234375,35.1007230343257,34.59710223445716,34.65105964549485,315300
2022-05-25,34.81293487548828,34.94783524942657,34.4891767225636,34.68702968949735,401000
2022-05-26,35.11871337890625,35.19965293395219,34.82193729751096,34.82193729751096,274200
2022-05-27,35.70326614379883,35.74823178695887,35.29856849404115,35.39749496738843,307800
2022-05-31,35.55937957763672,36.42273241143853,35.31656094988136,36.06300034869151,682700
2022-06-01,35.54138946533203,36.161923616100005,35.1546787330587,35.80219501605756,293800
2022-06-02,37.187156677246094,37.23212575556956,36.26984648678225,36.35977778211117,681900
2022-06-03,36.63857650756836,37.13320557717878,36.42273655920875,37.13320557717878,167500
2022-06-06,37.09722900390625,37.28608680093153,36.89937601807443,36.92635815383471,594600
2022-06-07,37.48393630981445,37.582862793554106,36.62957527738722,36.86340213543713,301800
2022-06-08,36.64756393432617,37.06125340323275,36.43172401148059,37.05226164549965,260400
2022-06-09,35.415489196777344,36.377768567137345,35.3435414083926,36.28783383165642,394800
2022-06-10,34.588104248046875,34.76797027516365,34.228375624472456,34.740991571826825,650500
2022-06-13,32.762474060058594,33.52690043190041,32.46569458327761,33.45495607522156,679600
2022-06-14,32.30381393432617,32.94233850884707,32.04301179445279,32.82542507539125,288000
2022-06-15,32.834415435791016,33.12220312835693,32.12394996895404,32.897371459325974,540400
2022-06-16,31.4764347076416,32.10596408792626,31.161671732828836,32.02502454716596,760500
2022-06-17,31.05374526977539,31.422469025126812,30.442202929583967,31.422469025126812,403600
2022-06-21,31.278579711914062,31.638311743288895,31.197640176387672,31.350527490452592,439300
2022-06-22,29.59684181213379,30.253349897052473,29.497915325384827,30.253349897052473,770400
2022-06-23,27.80718231201172,29.12919197579306,27.546376739281406,29.12919197579306,954500
2022-06-24,28.922348022460938,28.958321915669522,27.906109553933383,28.067986927383092,307400
2022-06-27,29.48892593383789,29.713757628794276,29.003288649373836,29.03026735495759,435600
2022-06-28,29.32704734802246,30.163421542229244,29.246107799206982,29.947581601834813,347400
2022-06-29,28.57115364074707,29.720620728024937,28.52517565883499,29.720620728024937,627300
2022-06-30,27.936647415161133,28.175736780624753,27.440078543773293,27.945843362365224,1129600
2022-07-01,27.394100189208984,27.578013868947288,26.695223996729275,27.42168627649857,867900
2022-07-05,25.968759536743164,26.437742306391108,25.444602839474147,26.437742306391108,681400
2022-07-06,25.950368881225586,26.051522548314168,25.141144806359804,25.913586845705495,694100
2022-07-07,27.52284049987793,28.10217114605362,26.888334170106383,26.888334170106383,1207800
2022-07-08,27.081445693969727,27.504448746692862,26.741202659170487,27.504448746692862,358600
2022-07-11,25.858413696289062,26.483722350593766,25.794042062776764,26.39176638204297,352300
2022-07-12,25.28827667236328,25.72047567861525,25.223906794192523,25.702085537671916,455300
2022-07-13,25.32505989074707,25.619323186572707,24.800901421866612,25.10436066493025,320300
2022-07-14,24.387094497680664,24.60779197115929,23.918111708808237,24.60779197115929,644600
2022-07-15,24.745729446411133,24.791707432284152,24.037657238701147,24.469858023277553,536200
2022-07-18,25.59173583984375,26.06071863436708,25.545757856712054,25.619323682091345,717800
2022-07-19,26.125085830688477,26.13428177716041,25.444601577292293,25.702082816664138,1195800
2022-07-20,25.968759536743164,26.318198504220867,25.830823840716718,26.318198504220867,273400
2022-07-21,25.987152099609375,25.996348046774216,25.43540754735201,25.931978170567913,442800
2022-07-22,25.692890167236328,26.382570455607777,25.610128392315943,26.17106716750697,433100
2022-07-25,26.005542755126953,26.281414141140306,25.876801254899558,26.08830452172046,416200
2022-07-26,25.803234100341797,26.36417454402773,25.720472338029204,26.253824942961803,562000
2022-07-27,26.5756778717041,26.58487381858697,25.536560429205103,26.01473914342921,346000
2022-07-28,26.860746383666992,27.118227645802175,26.318199525437045,26.915922067376563,407300
2022-07-29,28.037799835205078,28.138953496009925,26.99868240255966,27.26535784384401,530300
2022-08-01,27.42168617248535,28.019408698775855,27.210184652312147,27.936646929325896,579300
2022-08-02,26.548093795776367,27.16420825201347,26.483722162720717,27.136620409275334,1201100
2022-08-03,26.428544998168945,26.676830290596275,26.217043491559345,26.621656365817127,367800
2022-08-04,26.66763687133789,26.87913839799073,26.437743450033256,26.437743450033256,193900
2022-08-05,27.200986862182617,27.246964840340524,26.345783138444986,26.511306666129357,229700
2022-08-08,28.24930191040039,28.506783163947482,27.844690767044657,28.010212550809705,513600
2022-08-09,27.9642333984375,28.378042225384426,27.789513921065744,28.304476406588023,687700
2022-08-10,29.11370277404785,29.214856440825304,28.12056326279348,28.460806298532784,460600
2022-08-11,29.233247756958008,29.757404467253917,29.224051809801356,29.352791562099277,325200
2022-08-12,29.610271453857422,29.610271453857422,29.0033530011141,29.196462620647203,435100
2022-08-15,28.61713218688965,28.709088146890874,28.138953477514246,28.55276055936228,506500
2022-08-16,29.012548446655273,29.19646388134514,28.828634765912984,28.902200588999413,733300
2022-08-17,28.460803985595703,28.709087527771214,28.184930849698787,28.709087527771214,896900
2022-08-18,28.85622215270996,28.920593785513283,28.57115479465729,28.70909049991196,258000
2022-08-19,28.166542053222656,28.626328909653598,27.936648625007184,28.617134715998926,448200
2022-08-22,27.7987117767334,27.982627213328517,27.66997202348537,27.826299618406946,349900
2022-08-23,29.141286849975586,29.178068880629,28.010210028764448,28.129755574769657,534900
2022-08-24,29.040138244628906,29.17807395296597,28.598743276371234,28.8286367082489,392200
2022-08-25,29.9321231842041,29.968906974038486,29.31600873605926,29.31600873605926,2101900
2022-08-26,29.297616958618164,30.24477669262895,29.205659243116305,30.189604518854388,1610000
2022-08-29,28.85622215270996,29.14129126471029,28.672308463686285,28.78265632631096,324200
2022-08-30,27.660778045654297,28.81944116922388,27.476862595964757,28.690701406809833,414400
2022-08-31,27.44927406311035,27.844691016984772,27.31133836509423,27.532035832709536,1209500
2022-09-01,26.400959014892578,26.980291404618928,26.21704533471645,26.980291404618928,926200
2022-09-02,26.71361541748047,27.256164043519004,26.612463502657242,26.943508843634167,264900
2022-09-06,26.925119400024414,27.41249235356892,26.796377885358954,27.127424988859143,297900
2022-09-07,26.96190071105957,26.96190071105957,26.345786259440782,26.594071580379914,252300
2022-09-08,27.78951644897461,27.86308227446302,26.89753059568418,26.95270452631358,473000
2022-09-09,28.874614715576172,28.938984595920516,28.414827851462068,28.45161164248609,608800
2022-09-12,29.44474983215332,29.628665270841708,29.086114902105724,29.21485641076664,434700
2022-09-13,28.27688980102539,29.049331809076524,28.212519926012387,28.506783214041857,323500
2022-09-14,28.129756927490234,28.24010477870433,27.780317972768167,28.24010477870433,245600
2022-09-15,27.633188247680664,28.27689052212099,27.504448494371633,28.04699710324196,365700
2022-09-16,27.486059188842773,27.614800708225637,26.86994469805686,27.200991813687427,501900
2022-09-19,28.019407272338867,28.028603218914878,26.897528099277277,27.053855683174564,477900
2022-09-20,27.320533752441406,27.669972740234304,27.081446134201176,27.568819072091998,515900
2022-09-21,26.78718376159668,27.550429938011614,26.732009825238972,27.495256001653903,289300
2022-09-22,26.842355728149414,27.40329447018918,26.750398011011683,27.22857673696982,278200
2022-09-23,25.297470092773438,26.115890040243322,25.049184798390172,26.115890040243322,2377300
2022-09-26,24.736530303955078,25.444602420224165,24.543420683489423,24.892857891261922,589800
2022-09-27,25.03079605102539,25.52736670219732,24.8744684483173,25.168733512316045,353900
2022-09-28,26.106698989868164,26.15267873112576,24.948035819393525,25.049189496212453,778200
2022-09-29,26.06071662902832,26.152674342163312,25.40781844432263,25.931976883007827,637300
2022-09-30,25.987152099609375,26.53889665186674,25.720474893671746,25.968760205279697,296100
2022-10-03,27.17340087890625,27.265358595450365,26.336588990855166,26.336588990855166,219000
2022-10-04,28.001020431518555,28.23091386115681,27.669973331576212,27.7711270018803,324100
2022-10-05,27.761926651000977,27.81710057425787,27.127420394730816,27.467663388367683,211000
2022-10-06,27.219379425048828,27.587208521208783,26.961898180763118,27.27455335098595,171300
2022-10-07,26.44693946838379,26.93431415427963,26.34578580147486,26.925118206929035,253600
2022-10-10,26.44693946838379,26.93431415427963,26.391765538227833,26.71361492576058,98000
2022-10-11,25.968759536743164,26.59406989627376,25.830823840716718,26.189457001174986,167900
2022-10-12,26.106698989868164,26.171068873681012,25.600934113669105,26.023937209552276,126500
2022-10-13,26.64924430847168,26.869941776916555,25.242297727892144,25.398625320617377,310400
2022-10-14,25.784849166870117,26.76879281304744,25.711281582010436,26.76879281304744,186500
2022-10-17,26.35498046875,26.722809575170064,26.336588574942112,26.41935034313007,245100
2022-10-18,26.069913864135742,26.704420186782826,25.84002044691047,26.695224239620106,316100
2022-10-19,25.748062133789062,26.069913261250935,25.57334264963304,25.867605936244736,333800
2022-10-20,25.738866806030273,26.64004858144491,25.6653009826076,25.738866806030273,849100
2022-10-21,26.869945526123047,26.897533371258373,25.352649122636496,25.738870184791967,1571200
2022-10-24,25.885997772216797,26.47452609807071,25.76645397002864,26.47452609807071,1079200
2022-10-25,26.52970314025879,26.566485178347342,25.91358865523279,26.023936523446192,185700
2022-10-26,27.71595001220703,28.09297507876325,26.759594301950255,26.759594301950255,658800
2022-10-27,27.38490104675293,27.706750387227217,27.21937752653909,27.587206597043533,231800
2022-10-28,26.814767837524414,27.09983518157446,26.364176953720285,27.09983518157446,499900
2022-10-31,26.36417579650879,26.787178820471038,26.263022136888473,26.437741616065157,367400
2022-11-01,27.660778045654297,27.872279585033866,27.357318781429957,27.357318781429957,618100
2022-11-02,26.704421997070312,27.945845131084564,26.686030101498087,27.5964078849508,401200
2022-11-03,26.842355728149414,27.081445091128483,26.21704535634994,26.382568896408337,372100
2022-11-04,29.472333908081055,29.63785744081059,28.580348125418837,28.617131912224284,1160900
2022-11-07,29.306812286376953,29.656249493164157,29.12289685925895,29.637857599662855,480300
2022-11-08,30.217191696166992,30.465477010797436,29.3068139631363,29.59188131292629,812100
2022-11-09,29.15968132019043,30.162016798149665,29.09531144152385,29.996493250751236,336000
2022-11-10,31.136762619018555,31.41263399710073,30.35512295524169,30.56662796992941,538500
2022-11-11,32.479339599609375,32.736819087685134,31.936791029810504,31.936791029810504,857900
2022-11-14,32.02875518798828,32.26784281795935,31.762077960327723,32.258648623993146,958400
2022-11-15,32.304622650146484,32.67244999793365,32.12990141514469,32.562102144387005,639400
2022-11-16,31.80805778503418,32.212668992954285,31.642534220908765,32.18508290156526,396300
2022-11-17,31.026418685913086,31.099982759003574,30.557434126866802,30.888481225512333,670300
2022-11-18,30.768936157226562,31.20113693275928,30.63100220249374,31.127569350585457,462000
2022-11-21,30.64939308166504,30.686173363636875,30.024082685505206,30.355126270623405,365800
2022-11-22,31.58735466003418,31.642530343947538,31.04480604585277,31.04480604585277,569400
2022-11-23,31.909204483032227,31.96437665373994,31.495395663249965,31.568963234720094,216500
2022-11-25,31.890817642211914,32.03794930056544,31.789663969363467,32.03794930056544,70000
2022-11-28,31.072399139404297,31.70690379030208,31.0448095403944,31.66092580247974,314200
2022-11-29,32.074729919433594,32.166685881347874,31.670115268062556,31.670115268062556,297300
2022-11-30,33.27936935424805,33.27936935424805,32.26783973561003,32.56210302495546,1717000
2022-12-01,33.831119537353516,33.92307551037214,33.33454886410367,33.54605040836293,1620300
2022-12-02,33.969051361083984,33.987443256110424,33.132239430804965,33.26097918809477,498800
2022-12-05,33.26097869873047,34.27251186293049,33.14143664466034,34.16216400229066,999800
2022-12-06,33.16902542114258,33.76674977151879,32.939131979904886,33.35294087571184,369400
2022-12-07,33.04948043823242,33.38052756077526,32.94833026891819,33.141439921102986,382500
2022-12-08,33.757545471191406,34.07939833075207,33.398912334222395,33.55524166781354,421700
2022-12-09,33.61041259765625,34.17135302519939,33.59202070568331,33.95065382941883,266200
2022-12-12,33.408111572265625,33.61041538495551,33.058672611590374,33.61041538495551,354000
2022-12-13,33.95985412597656,34.84264396080885,33.81272248683785,34.26331159699611,498500
2022-12-14,34.024227142333984,34.21733677881452,33.70237774819976,34.01503294874242,250400
2022-12-15,32.74601745605469,33.647199190594385,32.61727770939116,33.56443742375426,787300
2022-12-16,32.84716796875,33.003493786748294,32.368989307040145,32.70923053460295,315900
2022-12-19,32.562103271484375,33.260977711997185,32.414971625697724,33.104651873052994,233500
2022-12-20,32.902339935302734,33.36212670246077,32.718428034755235,32.718428034755235,322100
2022-12-21,33.78513717651367,33.82191745622169,33.104651137436974,33.104651137436974,365200
2022-12-22,32.58049392700195,33.251782254624985,32.12070711291261,33.104650614432195,318100
2022-12-23,33.132240295410156,33.14143799711104,32.45175770115066,32.773607102774015,185000
2022-12-27,33.54604721069336,33.84031050577789,33.40811326431352,33.56443910512304,335700
2022-12-28,33.15062713623047,33.8495050273294,33.11384335082634,33.73915367111703,605100
2022-12-29,33.489994049072266,33.685243021862995,33.276149429336186,33.5178857461118,173900
2022-12-30,32.94143295288086,33.46210039665427,32.913541257471195,33.30403918023366,125600
2023-01-03,33.24825668334961,33.79681589579916,33.0530076958906,33.24825668334961,889800
2023-01-04,33.67594528198242,33.78751561129919,33.03440790820814,33.55507535628111,315600
2023-01-05,34.187313079833984,34.37326599290699,33.37842198673677,33.52718360784381,430500
2023-01-06,35.66563415527344,35.76790843742235,34.30818388454054,34.401158570081236,858700
2023-01-09,36.44664001464844,36.91152061803233,36.31647401318215,36.5489143148741,524200
2023-01-10,37.21833038330078,37.311308608077866,36.502414012922,36.6232839317539,726200
2023-01-11,37.37639617919922,37.56234910481853,37.03238557219558,37.460074818390055,721900
2023-01-12,38.15739822387695,38.23177727112779,37.17185013381298,37.67392200309598,725900
2023-01-13,38.18528747558594,38.21317917317249,37.673919588209095,37.91565590972571,320900
2023-01-17,37.2927131652832,37.82267663573732,37.069568971365165,37.543749053407254,1308800
2023-01-18,37.49726486206055,38.72454916474932,37.46007356882587,37.934250143918696,1805900
2023-01-19,37.83197784423828,37.97144342780131,37.19044396271403,37.24623090549066,373500
2023-01-20,38.38053512573242,38.44561811568975,37.65532263948966,38.00863283265583,325200
2023-01-23,38.371238708496094,38.38053475836233,37.971441175866744,38.35264306200671,331300
2023-01-24,38.5850830078125,38.65016599661525,37.757596252957384,38.17598942865853,421400
2023-01-25,38.771034240722656,38.79892593563919,38.12949688358861,38.38053277810758,428800
2023-01-26,38.798927307128906,39.1336418449859,38.38053413480766,39.00347586843193,599200
2023-01-27,38.52000427246094,38.79893190480912,38.213181394147846,38.60368291684112,312600
2023-01-30,37.77619171142578,38.21317698453431,37.66461783395577,37.74829646867984,408900
2023-01-31,38.38983154296875,38.454914527535855,37.376391937451004,37.52515355171248,297900
2023-02-01,38.95698928833008,39.12434656053204,37.91565436201635,38.23177325986928,520600
2023-02-02,37.63672637939453,38.83611896921443,37.37639442380828,38.83611896921443,611500
2023-02-03,36.976600646972656,37.776195788011044,36.911517651470206,37.19044528173174,685500
2023-02-06,36.13051223754883,36.73485474628186,35.860880702222246,36.73485474628186,878700
2023-02-07,37.06027603149414,37.17184636443535,36.177002324380275,36.45592993011177,449000
2023-02-08,36.64188766479492,37.05098130384484,36.51172166813165,36.948710554150416,362700
2023-02-09,36.52101135253906,37.41358461803351,36.35365408693115,37.19973646450146,432100
2023-02-10,35.74931335449219,36.28857292329123,35.544764786969985,36.26068122654073,395500
2023-02-13,36.177001953125,36.269976638495734,35.52616851525919,35.66563409007218,215200
2023-02-14,36.725563049316406,36.725563049316406,35.87018454909219,36.11192087188165,328100
2023-02-15,36.36295700073242,36.381552648247265,35.60984923678829,35.96315944605608,383300
2023-02-16,36.595401763916016,36.846437716026855,36.009651208990725,36.18630456191722,555800
2023-02-17,36.43733215332031,36.493119089908014,35.94455996044422,36.344357472430886,177300
2023-02-21,36.57679748535156,37.3206055679368,36.53960619453312,36.66977216564095,438000
2023-02-22,35.72141647338867,36.16770488147894,35.628441790644665,36.16770488147894,400100
2023-02-23,35.20075607299805,35.89807690313903,34.893933205292576,35.67493267692077,698300
2023-02-24,34.14082717895508,34.44764648372963,33.81540868065587,34.401159140188874,680500
2023-02-27,34.8939323425293,34.91252798981746,34.30818541335879,34.3267775138899,526900
2023-02-28,35.21005630493164,35.488983960761196,34.77307094460978,35.07059425039565,648600
2023-03-01,36.79994201660156,36.85572540657744,36.093321671682055,36.21419159455769,328400
2023-03-02,36.48381805419922,36.5767927223816,36.00963802490284,36.344352505169404,343900
2023-03-03,37.534454345703125,37.63672863345346,36.54890985666996,36.89292046811981,529100
2023-03-06,36.595401763916016,37.078878018341605,36.418744864231975,37.078878018341605,325200
2023-03-07,34.8939323425293,36.28857396832832,34.75447030800363,36.28857396832832,480700
2023-03-08,35.30303192138672,35.68423385016257,34.79166045262629,34.99620904013046,289400
2023-03-09,33.917686462402344,35.303032142030936,33.75032917099064,35.303032142030936,355400
2023-03-10,33.50858688354492,34.28028665984266,33.471395592775785,33.945572136433825,298500
2023-03-13,33.81541061401367,34.09433823796253,33.03441113890256,33.10879373022608,430300
2023-03-14,34.233802795410156,34.596409050331765,34.00136252463917,34.373268376575574,226200
2023-03-15,32.17903518676758,33.09020072263893,31.844320592619436,33.09020072263893,769100
2023-03-16,32.54164123535156,32.54164123535156,31.64907135554656,31.723450405484932,628600
2023-03-17,32.746185302734375,33.08089984808028,32.327792121052,32.541636736854784,770600
2023-03-20,33.87120056152344,34.03855786008701,33.22036701674927,33.22036701674927,648900
2023-03-21,34.066444396972656,34.35467160008738,33.79681284051923,34.18731432689263,493800
2023-03-22,33.889793395996094,34.76376756842128,33.834006452189605,34.103638027118514,297900
2023-03-23,34.02925109863281,34.57781022917051,33.86189383529882,34.289586589794986,348100
2023-03-24,33.936279296875,33.936279296875,33.18317154797483,33.675947330381774,254200
2023-03-27,34.16871643066406,34.25239506175228,33.7410272258828,34.085037799575844,279200
2023-03-28,34.77306365966797,34.89393003892619,34.466240819804405,34.466240819804405,501300
2023-03-29,35.35881042480469,35.42389341240739,34.959012902812766,35.098478474393886,386300
2023-03-30,36.084022521972656,36.10261816595248,35.7121167358891,35.86087834097123,367800
2023-03-31,35.99104690551758,36.22348715194447,35.86088093499959,36.009642550842536,411600
2023-04-03,36.558204650878906,36.660478935115066,36.14911106069126,36.214194051249365,355400
2023-04-04,35.981754302978516,36.41873959632598,35.74001443735419,36.325764907551715,282100
2023-04-05,35.69352722167969,35.84228885230917,35.3030292713112,35.75861021340777,460600
2023-04-06,35.92596435546875,36.0747259731138,35.53546643918427,35.7772027378237,225400
2023-04-10,35.8980712890625,35.95385467682527,35.56335677545947,35.81439266066174,186000
2023-04-11,37.16254806518555,37.31130968235545,36.5489059510151,36.632584582345466,538900
2023-04-12,37.5158576965332,37.71111021646009,37.264825329175935,37.5158576965332,487200
2023-04-13,38.75244140625,38.891906984462786,37.999333668063535,38.03652496182121,512000
2023-04-14,38.668766021728516,39.254516534039375,38.3712427401516,39.01277665103483,433400
2023-04-17,38.56648635864258,38.68735628331483,38.12949754796683,38.668760637460885,4742000
2023-04-18,39.366085052490234,39.459059743637695,38.789634164510325,39.0592621875408,411000
2023-04-19,38.81752395629883,39.096451562801086,38.789632259675685,39.08715551284568,635500
2023-04-20,38.33405303955078,38.93839922547071,38.12950444491497,38.65947158072206,753500
2023-04-21,37.3577995300293,37.90635869517759,36.97659763877418,37.748297471275386,1090900
2023-04-24,37.21833038330078,37.2369260282562,36.89291546347253,37.13465175437971,749600
2023-04-25,35.870182037353516,36.30716730719204,35.72141686850672,36.26997601498034,519700
2023-04-26,36.177001953125,36.76275240187992,36.07472767116306,36.46522915258531,389300
2023-04-27,36.725563049316406,36.781349991540324,36.1491121666976,36.2978737992043,222300
2023-04-28,36.71626281738281,36.7906418517866,36.35365305436053,36.45592733007784,193000
2023-05-01,36.725563049316406,37.40428821930052,36.68837175450046,37.23693093938585,310700
2023-05-02,36.2327880859375,36.40944140291273,35.91666919725348,36.40944140291273,262000
2023-05-03,36.19559860229492,36.42803886891805,36.07472867055893,36.381551524944825,304200
2023-05-04,36.03753662109375,36.35365551894356,35.860883298996505,36.19559784339712,306400
2023-05-05,37.27412033081055,37.311311623727335,36.37225098474153,36.558203902568536,285800
2023-05-08,37.63672637939453,37.81337969971993,37.42288176634056,37.74829671082337,324400
2023-05-09,37.43217849731445,37.571644074206084,37.01378886015346,37.22763347709886,226600
2023-05-10,36.41873550415039,37.385687764482455,36.04683324408496,37.329904376188786,408900
2023-05-11,34.41975402832031,35.27513248023932,34.298884100372845,35.27513248023932,651300
2023-05-12,34.51272964477539,34.52202924158373,34.15942299471225,34.34537236979518,289600
2023-05-15,35.572654724121094,35.60984601578673,34.83814622088708,34.93112090329439,2100600
2023-05-16,34.819549560546875,35.256534811237294,34.74516697938282,35.19145182609709,1586300
2023-05-17,35.00550079345703,35.386702636809865,34.74516531858342,35.34021175242623,271200
2023-05-18,34.410457611083984,34.64289789189767,34.11293433538305,34.64289789189767,405100
2023-05-19,34.41975402832031,34.735872922889705,34.33607539308851,34.735872922889705,261700
2023-05-22,34.34537124633789,34.50343246609648,34.261692611584955,34.373266489093446,211100
2023-05-23,33.44350814819336,34.066446387336384,33.37842515445475,34.066446387336384,289400
2023-05-24,32.634613037109375,33.32263780843182,32.5230426987285,33.29474611052588,367000
2023-05-25,32.44865798950195,32.72758556012887,32.374275412397985,32.71828596461263,219500
2023-05-26,33.11808776855469,33.248253748704975,32.81126846488,33.11808776855469,481300
2023-05-30,32.56952667236328,33.155277095047374,32.35568206812297,33.00651547702121,1099800
2023-05-31,32.16972732543945,32.355680224063256,31.779229430410346,32.29059724155841,580800
2023-06-01,33.28544235229492,33.508586547918,32.364980968896816,32.364980968896816,866100
2023-06-02,34.707984924316406,34.90323391173901,34.49413674179764,34.49413674179764,922600
2023-06-05,34.224510192871094,34.57781688636942,33.95487860039283,34.57781688636942,300600
2023-06-06,34.763763427734375,34.782359073454955,34.14082525650032,34.14082525650032,301800
2023-06-07,34.50343322753906,35.14496707696472,34.466241934215475,34.78236083395209,293000
2023-06-08,35.03339767456055,35.05199332171642,34.466242849956274,34.763766110936054,246200
2023-06-09,34.95901107788086,35.154263577253204,34.83814470536064,35.06128535213384,192700
2023-06-12,34.74517059326172,34.83814882938754,34.503434272848686,34.828849232396436,249600
2023-06-13,35.63774490356445,35.81439823691223,35.23794734415255,35.23794734415255,545000
2023-06-14,36.51171875,36.902216708779996,36.17700418718451,36.25138677748,759600
2023-06-15,36.920814514160156,37.41359033677489,36.362959241369026,36.362959241369026,1865800
2023-06-16,36.78135299682617,37.246233579738124,36.660483052177,37.22763793081076,1969300
2023-06-20,35.75860595703125,36.18629515083817,35.395999747205536,36.18629515083817,596800
2023-06-21,35.92596435546875,36.121213313610994,35.33091788488855,35.358809579835516,270800
2023-06-22,35.74931335449219,36.00964531551538,35.62844342397844,35.92596667850693,183500
2023-06-23,34.763763427734375,34.9962036791065,33.93627670033068,34.9962036791065,597900
2023-06-26,35.321624755859375,35.41459944454084,34.8195529247626,34.8195529247626,281400
2023-06-27,35.41460037231445,35.47038731503903,35.10777750746498,35.256539141306725,311600
2023-06-28,34.85674285888672,35.06128787535634,34.66149034546282,35.06128787535634,322400
2023-06-29,34.88030242919922,34.889729004516134,34.41850090385306,34.67296450963333,638800
2023-06-30,35.48347091674805,35.492893895153394,35.00281632883324,35.276129439986015,686700
2023-07-03,36.01124954223633,36.12434687163866,35.76621251890126,35.85103371836051,324500
2023-07-05,35.521175384521484,35.98298053691527,35.37038252571266,35.98298053691527,254700
2023-07-06,34.371376037597656,34.917998720734964,34.10748587780759,34.90857574136398,370300
2023-07-07,35.15361404418945,35.44577674801636,34.52217014276397,34.597564766057566,206200
2023-07-10,35.558868408203125,35.6059904944135,34.87087588301446,35.03109169516667,227500
2023-07-11,35.926429748535156,35.945279304173106,35.690815695838495,35.822758990119006,192100
2023-07-12,37.23644256591797,37.321263767009654,36.64269775346124,36.64269775346124,299000
2023-07-13,38.23544692993164,38.3673902198846,37.70767017493479,37.77364541509628,588900
2023-07-14,37.56630325317383,38.122352533458574,37.55687667823505,38.122352533458574,373400
2023-07-17,37.12334442138672,37.17046650635667,36.65211638131797,37.01967367734205,281900
2023-07-18,37.34954071044922,37.35896369069337,36.859463048495215,37.076227545962055,365300
2023-07-19,37.1893196105957,37.292990364539904,36.79348974482872,37.14219752112606,246500
2023-07-20,37.12334442138672,37.556873355405656,37.085645315336905,37.377807994446,871000
2023-07-21,36.7369384765625,37.03852414201481,36.55787311119541,37.00082503503709,164500
2023-07-24,37.04795455932617,37.245869498711784,36.64269810524035,36.859462600070074,247000
2023-07-25,38.74436950683594,38.93286143935671,37.95270626639636,38.02810088229392,625800
2023-07-26,38.348541259765625,38.55588277301391,38.00926004970261,38.452212016389765,1910900
2023-07-27,38.037532806396484,38.80092002746131,37.9621345847093,38.34854148289343,1939000
2023-07-28,38.63127899169922,38.73494614776441,38.20717300712387,38.32968971752406,407700
2023-07-31,39.3475456237793,39.63028175952394,39.04595993296034,39.11193157812792,2136100
2023-08-01,38.48991012573242,38.97998776554348,38.28256861787794,38.84804447697607,346600
2023-08-02,37.377811431884766,38.01868191293049,37.161046944940615,38.01868191293049,672400
2023-08-03,37.773651123046875,37.83019620146548,37.05738230480305,37.3683946168476,350000
2023-08-04,37.73594665527344,38.1223535488011,37.509755588122715,37.839617411251474,555200
2023-08-07,37.67939758300781,37.81134087276121,37.38723487342172,37.81134087276121,173400
2023-08-08,37.132774353027344,37.208168976759495,36.341111030322466,36.81233911299954,282300
2023-08-09,36.925437927246094,37.27414574975863,36.76521848759302,37.217600672974974,252500
2023-08-10,36.63327407836914,37.4249374861698,36.43535912521531,37.132778344424246,352000
2023-08-11,36.2374382019043,36.38823103591898,35.973548045990036,36.133767454422056,437200
2023-08-14,35.690818786621094,35.8698877830962,35.40808261793751,35.8698877830962,430800
2023-08-15,34.43735122680664,35.34210833739963,34.33368046712064,35.34210833739963,605900
2023-08-16,34.06036376953125,34.47504676529442,33.92842048731016,34.25827869286287,461900
2023-08-17,34.14518356323242,34.83317607456759,34.09806147797091,34.663533691478406,175900
2023-08-18,33.900150299072266,33.98497149996544,33.43834518416831,33.75878043252196,312800
2023-08-21,34.371376037597656,34.42792110419318,34.04151423665627,34.21115662681246,4783000
2023-08-22,34.644683837890625,35.09706591899506,34.55986264708162,34.85202532546477,628200
2023-08-23,35.16303634643555,35.285553043798764,34.72950383323234,34.97454441832778,961800
2023-08-24,34.31482696533203,34.899148749333044,34.28655443237247,34.87087621637348,326300
2023-08-25,34.333683013916016,34.66354127812582,33.95669905894586,34.62584575877715,175600
2023-08-28,34.80490493774414,34.889726132689134,34.49389269121756,34.59756344005976,192700
2023-08-29,35.74736022949219,35.766209782950675,34.748355467300826,35.02166859967177,546900
2023-08-30,35.73793411254883,36.00182426916019,35.6908120258919,35.917003075103814,303100
2023-08-31,35.681392669677734,35.81333596378839,35.51175026433972,35.681392669677734,358500
2023-09-01,36.096073150634766,36.56730126903779,36.0206785211866,36.22801644855797,426500
2023-09-05,35.728511810302734,36.26571151777745,35.67196314813204,36.16204076805692,706200
2023-09-06,35.624839782714844,35.8510308280993,35.32325411899204,35.57771769685529,243600
2023-09-07,34.86145782470703,35.14419397706354,34.72008795093616,35.14419397706354,278100
2023-09-08,34.55986404418945,34.82375420136576,34.44677031693376,34.72008345338772,204000
2023-09-11,35.54002380371094,35.89815818011329,35.41750708154019,35.50232469141906,236200
2023-09-12,35.05937194824219,35.46462840866771,35.0028232810252,35.30440898247882,230900
2023-09-13,34.823753356933594,35.219583190322524,34.78605425036759,34.9933957412959,169500
2023-09-14,35.94527816772461,36.086648032947096,35.558871277326155,35.558871277326155,395800
2023-09-15,36.096073150634766,36.435357971114584,35.992402389356464,36.21859346807142,241500
2023-09-18,35.73793411254883,35.90757650066157,35.58714127813581,35.90757650066157,154200
2023-09-19,35.36095428466797,36.06779637928243,35.26670651494182,35.78506026047361,141300
2023-09-20,35.247859954833984,36.096068296789554,35.247859954833984,35.48347398235243,514800
2023-09-21,34.39965057373047,34.776634483845356,34.28655683877001,34.776634483845356,321400
2023-09-22,34.35253143310547,35.210166486823496,34.31483231982031,35.210166486823496,196200
2023-09-25,34.23000717163086,34.25827970574706,33.72107998642986,33.92842149044172,285000
2023-09-26,33.55143737792969,34.23000695388106,33.41949409264689,34.08863709382956,226500
2023-09-27,33.36294937133789,33.85302340885474,33.02366457983782,33.6645350537413,360700
2023-09-28,34.069793701171875,34.15461490455546,33.560866480870374,33.62683812848148,266700
2023-09-29,34.31482696533203,34.67296129528706,34.1169120442456,34.47504637420063,283800
2023-10-02,33.10848617553711,34.02266621341363,32.96711631231844,34.02266621341363,525900
2023-10-03,32.38278579711914,32.93883493047583,32.24141597187198,32.56185112660607,495400
2023-10-04,32.043514251708984,32.33567699944722,31.760778080289825,32.30740086567547,415600
2023-10-05,32.090633392333984,32.2225766871658,31.826746802670357,32.2225766871658,212900
2023-10-06,33.1179084777832,33.32524998087933,32.137753220655014,32.28854606058359,399700
2023-10-09,33.24042892456055,33.306400567609764,32.844595471080325,33.16503070668435,352400
2023-10-10,33.86244583129883,33.975539549535625,33.51373810287775,33.61740524740387,247600
2023-10-11,33.67395782470703,34.154612474747935,33.45719334152217,34.013242614104165,214100
2023-10-12,32.85402297973633,33.89072333870642,32.58070982494394,33.89072333870642,520100
2023-10-13,32.7597770690918,33.19330966850528,32.70323199604432,33.051939795516176,179500
2023-10-16,33.36294937133789,33.5137422125396,32.95769293651113,32.985965470741164,413600
2023-10-17,33.35352325439453,33.50431609766653,32.590136058223464,32.740928901495465,324300
2023-10-18,32.505313873291016,33.05193656537847,32.44876521058479,32.938842835150865,459500
2023-10-19,32.231998443603516,32.63725484295991,32.147177253152535,32.27912052825748,301800
2023-10-20,31.487462997436523,31.996390232513004,31.468613441116812,31.779625727614192,472200
2023-10-23,31.355518341064453,31.591132392083708,30.87486366368152,31.242424603227043,245900
2023-10-24,31.704227447509766,31.9115689714828,31.383792180999283,31.5722841486852,493700
2023-10-25,31.261268615722656,31.84559401437561,31.24242265657826,31.52515878114766,461500
2023-10-26,31.421485900878906,31.64767694231915,31.02565247715464,31.280116050580673,372300
2023-10-27,31.77962303161621,32.17545289519451,31.704224812733703,31.902139744522856,270800
2023-10-30,31.412065505981445,32.04350940683921,31.27069564405377,31.986960743031158,161400
2023-10-31,30.959678649902344,31.4591827825007,30.88428403820985,31.4591827825007,592800
2023-11-01,30.780616760253906,30.8560149756035,30.3942098945492,30.780616760253906,847800
2023-11-02,31.657106399536133,31.723078051126457,31.148179148537626,31.148179148537626,483600
2023-11-03,32.081207275390625,32.34509383925326,31.86444279861992,32.0340851882987,254600
2023-11-06,31.845598220825195,32.45819263911166,31.817322088003877,32.32624933656336,209800
2023-11-07,30.931415557861328,31.459192381484186,30.82774478936528,31.459192381484186,358000
2023-11-08,30.10205078125,30.79946813616081,30.00780480407989,30.79946813616081,797000
2023-11-09,30.205718994140625,30.893711554625447,30.149172128268678,30.535580804905617,582100
2023-11-10,30.25284194946289,30.328240169575466,29.8287377468847,30.196296879563473,428100
2023-11-13,30.413061141967773,30.601553095653333,30.24341874316927,30.29054083279441,215200
2023-11-14,31.63825035095215,31.855014818155862,31.33666469265267,31.364937224623045,362400
2023-11-15,32.14717483520508,32.4204879388993,31.949259937433812,31.968105893730215,315400
2023-11-16,31.657106399536133,32.052936309078056,31.48746398253663,31.855021354307098,273600
2023-11-17,32.081207275390625,32.288545177632066,31.902138311182586,32.19430100344821,255100
2023-11-20,32.53358459472656,32.7126499572106,31.958685805719043,32.13775116820308,442800
2023-11-21,32.65610885620117,33.08963784652669,32.59956018978193,32.77862557399854,388500
2023-11-22,32.458187103271484,32.73150023775595,32.34509337683075,32.363942930434995,734700
2023-11-24,32.505313873291016,32.6466801372793,32.354521034592594,32.45818819011006,167700
2023-11-27,32.01524353027344,32.241431042172735,31.88330021580123,32.156609826414076,330200
2023-11-28,32.70322799682617,32.75035008366499,31.892715160533243,31.93041426807821,711400
2023-11-29,32.420494079589844,32.7974743950546,32.326246304334894,32.7974743950546,204200
2023-11-30,32.401641845703125,32.401641845703125,31.996385433574325,32.26969856643974,677900
2023-12-01,33.81532287597656,33.83417242772718,32.722074040731066,32.90113938958542,448400
2023-12-04,33.0707893371582,33.466619229058566,32.85402483513869,33.174460097946934,2535100
2023-12-05,32.354522705078125,32.77862511412453,32.279124484243624,32.76920213411274,200200
2023-12-06,32.420494079589844,33.051937995465444,32.39221794942085,32.872872615258565,271300
2023-12-07,32.81632614135742,32.91999690346779,32.56186252395523,32.91999690346779,233900
2023-12-08,33.28754806518555,33.41006836079148,32.65610422472533,32.81632003074613,222300
2023-12-11,32.9388427734375,33.127334720253586,32.73150127242132,33.127334720253586,550200
2023-12-12,32.66553497314453,32.78805529789235,32.448770457166354,32.67495795419339,303900
2023-12-13,33.88130187988281,33.89072486021576,32.43934141635039,32.514739639754644,379800
2023-12-14,35.021671295166016,35.06879338484669,34.418499918809424,34.418499918809424,1276500
2023-12-15,35.021671295166016,35.34210653825358,34.92742711580467,35.247862358892235,510700
2023-12-18,34.983970642089844,35.36095453327522,34.983970642089844,35.078218412478606,345200
2023-12-19,35.86045837402344,35.96412913322774,35.26670995006205,35.26670995006205,369500
2023-12-20,35.15361404418945,35.86045616409347,35.125341509852475,35.700240342604,467400
2023-12-21,35.97355270385742,36.02067839167647,35.53060071887714,35.53060071887714,232400
2023-12-22,35.90757369995117,36.28455755417221,35.86045161696966,36.17146383597969,539600
2023-12-26,36.25629425048828,36.331688883409406,36.05837569930137,36.086651832434015,345500
2023-12-27,36.60499954223633,36.68982074541187,36.312836821257186,36.34111295243913,134500
2023-12-28,35.98712158203125,36.78683555637618,35.98712158203125,36.520265442176346,3293700
2023-12-29,35.70151138305664,35.987122747771984,35.49206135411747,35.73007143000451,3054400
2024-01-02,35.425418853759766,35.77767638123118,35.3302162760216,35.40637761186302,725400
2024-01-03,35.187408447265625,35.330215944277484,34.48290066242908,34.911315889973636,365400
2024-01-04,35.11124801635742,35.26357432227835,34.80659540451556,34.96844051566785,232900
2024-01-05,35.11124801635742,35.64438827120787,34.90179798381154,35.13028925856574,160200
2024-01-08,35.34925842285156,35.40637851825851,34.70187070877152,34.987482081043154,168200
2024-01-09,34.701866149902344,34.911312525121716,34.616182386302775,34.85419243721878,125700
2024-01-10,34.739952087402344,34.901797194896304,34.60666339495696,34.80659461775227,235300
2024-01-11,34.80659484863281,34.92083866831256,34.416258468960244,34.92083866831256,1958900
2024-01-12,35.09220504760742,35.49206021907233,35.016040082521485,35.19693005872788,1725000
2024-01-16,34.02592086791992,34.67330491069755,33.9021546158579,34.67330491069755,257000
2024-01-17,33.2166862487793,33.46421876624166,32.99771741055989,33.416613844751936,191100
2024-01-18,33.2262077331543,33.254767779832804,32.95011517611038,33.10244147797159,151200
2024-01-19,33.597503662109375,33.62606370946381,32.83587213477778,32.96915719809261,189000
2024-01-22,32.816829681396484,33.18812481028248,32.75018715219877,33.11195984448768,306400
2024-01-23,33.568939208984375,33.683186659259015,33.15004278654721,33.17860283324312,293800
2024-01-24,34.60666275024414,34.98748031521679,34.52097897971257,34.825635210737964,818300
2024-01-25,34.920833587646484,35.19692610747033,34.61618102499431,34.8351498274165,306600
2024-01-26,34.739952087402344,35.20644979985184,34.530502059590845,34.84467346956257,761600
2024-01-29,35.03508377075195,35.13028998375888,34.416259729062524,34.65426981396131,587100
2024-01-30,34.958919525146484,34.996998375437194,34.52097824522222,34.54001948624026,679700
2024-01-31,34.4543342590332,35.33973195429261,34.416255410354424,34.89227552041882,337700
2024-02-01,34.949398040771484,35.05412305335071,34.58762534681024,34.720910405821805,337500
2024-02-02,34.083045959472656,34.43529989436463,33.92120083297357,34.35913855005504,831000
2024-02-05,33.41661071777344,33.502294483993175,32.96915427795505,33.502294483993175,358600
2024-02-06,33.94976043701172,33.96880168077539,33.54990521321223,33.54990521321223,590600
2024-02-07,33.559417724609375,33.949754069186085,33.42613267500931,33.949754069186085,478200
2024-02-08,33.35948944091797,33.65461957825869,33.321406961343314,33.34044820113064,1447400
2024-02-09,32.95011520385742,33.111960310832586,32.80730770685362,33.111960310832586,1920000
2024-02-12,33.50230026245117,33.64510777469719,32.95011872070811,32.95011872070811,196600
2024-02-13,32.50265884399414,33.15956904772866,32.274171180583295,33.15956904772866,433100
2024-02-14,33.140525817871094,33.20716835168452,32.63594196389634,32.63594196389634,432600
2024-02-15,33.549903869628906,33.61654640425997,33.27381129373122,33.283330099358906,227000
2024-02-16,34.31153106689453,34.53049988593841,33.69270345917618,33.76886842149334,362300
2024-02-20,34.20680618286133,34.701867544471135,34.20680618286133,34.52097757418862,421300
2024-02-21,34.24488830566406,34.36865092096192,34.00687824767473,34.130640862972584,311200
2024-02-22,34.26393127441406,34.63522640252662,34.187766308777924,34.60666272454034,502300
2024-02-23,34.692344665527344,34.75898719107189,34.36865084213446,34.53049956970353,143600
2024-02-26,34.178245544433594,34.25440687395779,33.949754292370514,34.11160301919546,597700
2024-02-27,34.5019416809082,34.5781030155417,34.27345041351674,34.31153289670624,298200
2024-02-28,33.84503173828125,34.21632687200382,33.78791164493655,34.21632687200382,215700
2024-02-29,34.2544059753418,34.42577350195721,34.01639592523652,34.063997208908546,426800
2024-03-01,34.701866149902344,34.84467000140485,34.130639848656834,34.3115298116699,268600
2024-03-04,34.82563781738281,34.88275791418224,34.58762772939659,34.739954040437944,353000
2024-03-05,34.2544059753418,34.968436125657625,34.03543716505436,34.80659103482371,1050000
2024-03-06,35.53014373779297,35.78719505483635,35.00652229866557,35.33021614622996,1681800
2024-03-07,36.196571350097656,36.891560308486795,36.06328629393335,36.320337601569676,5484200
2024-03-08,36.215614318847656,36.62499194330708,36.05376557739493,36.53930817000754,397400
2024-03-11,36.46315002441406,36.49171370868879,35.96808853402496,36.03473107775558,602200
2024-03-12,36.282257080078125,36.55834964376502,35.95856322686656,36.46314343297009,390200
2024-03-13,38.471946716308594,38.77659930861245,37.03436752335888,37.12005129192843,6224200
2024-03-14,38.63379669189453,38.9860505821276,38.243456686716314,38.89084437412847,4652600
2024-03-15,39.59535598754883,39.842884866113444,39.04317087358432,39.281180947173404,5208500
2024-03-18,39.10029220581055,39.9476074348543,39.071732160886235,39.842882427804795,671500
2024-03-19,38.54811096191406,38.89084239806007,38.30057846543909,38.55762976635757,1619100
2024-03-20,39.785762786865234,39.93808908108907,38.519547515336555,38.65283256881424,799000
2024-03-21,39.7667236328125,40.10945872073692,39.42398854488809,40.0142525120104,2444700
2024-03-22,39.30974197387695,39.5477520314106,39.15741568232522,39.33830201862251,606200
2024-03-25,39.12885284423828,39.74768045978334,39.10029279888078,39.37638534315444,731100
2024-03-26,38.748043060302734,39.300224576062604,38.738520623003275,39.12885702212954,818200
2024-03-27,39.42398452758789,39.47158581122782,38.557628091058604,38.61475181047361,664000
2024-03-28,40.39507293701172,40.53788044431693,39.462073816056126,39.49063386481886,1278300
2024-04-01,40.68067932128906,40.89012933780192,40.347466687514355,40.77588552504279,904400
2024-04-02,41.19478225708008,41.242383543466474,40.69020208424267,40.90917090701637,1624700
2024-04-03,42.242027282714844,42.451477311808574,41.46135452376891,41.55656073324131,1137200
2024-04-04,42.432437896728516,43.403519484681,42.22298785861748,43.08934442751445,2460000
2024-04-05,42.499080657958984,42.55620438640766,41.775531589671075,42.09922545405544,1823400
2024-04-08,43.317832946777344,43.39399791277874,42.5181189624901,43.34639299315513,1601200
2024-04-09,44.48883819580078,44.56500315518502,43.90809309160402,43.98425805098826,1642600
2024-04-10,44.098506927490234,44.5554858410904,43.02270035886629,43.870019286562936,807100
2024-04-11,44.0413818359375,44.29843314782033,43.31783281977303,44.29843314782033,1263000
2024-04-12,43.298789978027344,44.98390165025919,43.16550492458731,44.9267779280369,1078300
2024-04-15,43.61296463012695,44.58404610913989,43.27974836762759,44.412678575682,2592700
2024-04-16,42.984622955322266,43.1179080223131,42.11826638813611,42.36579527944114,1573200
2024-04-17,43.203590393066406,44.06994693206987,43.022700409395476,43.42255922910623,2477000
2024-04-18,43.993778228759766,44.33651329320054,43.508239308632184,44.20322824186141,1008000
2024-04-19,43.774810791015625,44.307954644921175,43.62248449443481,44.2889134038804,900700
2024-04-22,43.0607795715332,43.33687211244523,42.43243315910136,43.33687211244523,1136500
2024-04-23,42.270591735839844,42.71804821744825,41.93737544420014,42.4229180420408,1624600
2024-04-24,42.46099853515625,42.794214839668925,42.18490959132612,42.74661354809447,853700
2024-04-25,43.774810791015625,43.92713708759644,42.470516649558306,42.63236175078682,1331000
2024-04-26,45.2409553527832,45.269515399536864,44.26987381395789,44.42220011621997,1768300
2024-04-29,45.71697235107422,45.755054831951945,44.82205584091924,45.6217661488799,1222500
2024-04-30,43.57488250732422,44.58404647579264,43.56536007108419,44.53644155808317,2168300
2024-05-01,43.38447570800781,44.146107213364616,42.98462052960005,43.013180576130466,818300
2024-05-02,43.508243560791016,43.889057511585584,42.87037465479804,43.574886092973706,729300
2024-05-03,44.403160095214844,44.47932506431259,43.784336064150914,44.11754872458952,664300
2024-05-06,45.079105377197266,45.12671029614154,44.74589273505988,44.74589273505988,623300
2024-05-07,45.136226654052734,45.25047046348592,44.75540911361516,45.17430913444554,1358600
2024-05-08,44.555484771728516,44.755412360677894,44.117547110674025,44.50788348365659,811600
2024-05-09,45.612247467041016,45.67888999288339,44.75540980371715,44.89821729151955,1057400
2024-05-10,45.678890228271484,46.39292040747242,45.64080774709523,45.99306525035764,2228700
2024-05-13,45.97402572631836,46.25963708231365,45.755056898997125,46.154912071041444,972100
2024-05-14,47.325923919677734,47.67818145653781,46.37388358993932,46.4595673648856,2444200
2024-05-15,47.297359466552734,48.106592218758216,46.392920511193765,48.087550978127524,3264900
2024-05-16,46.99271011352539,47.24976143210958,46.78326008392074,47.17359646434587,1221700
2024-05-17,49.191917419433594,49.20143985560358,47.60201196310368,47.611530767528365,3889000
2024-05-20,50.191566467285156,50.36293401417766,49.13480113869656,49.60129885832404,2713600
2024-05-21,49.22999954223633,50.020194678309096,48.97294824369743,50.00115343785304,2341800
2024-05-22,45.954986572265625,47.79242467600934,45.87882160360995,47.79242467600934,3362800
2024-05-23,45.46944046020508,46.630930720164486,45.231430399180304,46.630930720164486,1478900
2024-05-24,46.32627868652344,46.42148125937358,45.907382281539334,45.907382281539334,1123700
2024-05-28,47.66865539550781,47.71625668202677,47.068869016481905,47.6020128680322,2326200
2024-05-29,46.39292526245117,46.945110402056656,46.364365214452846,46.91654672231265,1823300
2024-05-30,46.05970764160156,46.24059397904088,45.574165087390064,45.85025762749109,1361500
2024-05-31,45.87881851196289,46.459563647717985,45.1457470809069,46.13586981623541,1907600
2024-06-03,45.45992660522461,46.26915944811671,45.202875275521706,46.17395686603965,1029100
2024-06-04,43.279747009277344,44.50787974993173,42.84180938496103,44.31747098187176,3022400
2024-06-05,44.28891372680664,44.298432531523744,43.30831341240182,43.365433504195245,4123800
2024-06-06,45.107669830322266,45.164789923244626,44.25083211903205,44.269873360587994,1689000
2024-06-07,43.279747009277344,43.936657077496996,43.213104485218125,43.88905216167311,2637200
2024-06-10,43.94617462158203,44.184184666896435,43.44159448767392,43.78432953400587,851200
2024-06-11,42.89893341064453,43.232146033315416,42.508597067624976,43.232146033315416,1102200
2024-06-12,43.02269744873047,44.450757819038905,42.803728627759284,44.1461052305794,1370900
2024-06-13,42.280113220214844,42.91798216467573,42.09922685505965,42.737092167774684,831300
2024-06-14,42.19442367553711,42.489557461067506,41.823128558358924,41.97545485339985,1040600
2024-06-17,41.8421745300293,41.99450084229277,41.26142932960425,41.66128453739121,1511300
2024-06-18,42.47052001953125,42.575245037692596,41.55656216752515,41.59464102088282,1435000
2024-06-20,43.82241439819336,43.879538124340456,43.29879295295452,43.384476726302374,2246700
2024-06-21,43.05126190185547,43.32735081829934,42.556200528747425,43.09886318870818,927300
2024-06-24,44.069942474365234,44.18418628340722,43.184544782863114,43.3749535524299,1196000
2024-06-25,43.28927230834961,43.80337129484599,43.184547297402716,43.76529244411155,1223800
2024-06-26,43.60344696044922,43.64152944576845,43.16550927451519,43.23215180795099,760700
2024-06-27,43.05793762207031,43.75534776111146,42.92418823162373,43.707580642294474,820000
2024-06-28,43.09614944458008,44.05150632468375,42.82865068435818,43.68846968981312,1044900
2024-07-01,43.44007873535156,43.93686475297295,43.229899054404775,43.73623703734316,649000
2024-07-02,43.60248947143555,43.889095820039884,43.163026160615736,43.41141735756684,744400
2024-07-03,45.11195755004883,45.58963603780657,44.37633224157418,44.43365132769062,1159700
2024-07-05,45.90489959716797,46.40168563635923,45.66606036550279,46.353918518905694,1206100
2024-07-08,45.006866455078125,45.952667793821846,44.77757918375985,45.666061437972154,924300
2024-07-09,45.10239791870117,45.51320167310285,45.02597126255989,45.389004256926285,477900
2024-07-10,45.34123992919922,45.627846285046985,45.01641842073241,45.188382963120574,637000
2024-07-11,45.15972137451172,45.589632711001364,44.854007456207384,45.474987258339205,669300
2024-07-12,45.828468322753906,46.057751921198836,45.40810898494305,45.59918107991189,2201300
2024-07-15,44.98775863647461,45.64695361581837,44.95909909436325,45.637401649913755,2835900
2024-07-16,44.500526428222656,44.54829354464042,43.755345563395444,44.24257962628986,1763400
2024-07-17,43.134368896484375,43.946420867804314,43.01017146925272,43.927313290968854,1857100
2024-07-18,41.462493896484375,43.06749389534168,41.2905293505784,42.87642177273531,1630600
2024-07-19,41.37650680541992,41.548471331301386,40.98481063966708,41.023022144220704,1553300
2024-07-22,41.0039176940918,41.35740238222524,40.79374164764208,41.166330267309384,2945400
2024-07-23,40.698204040527344,40.75552676870521,40.11543937050775,40.306507842305656,1124900
2024-07-24,40.182308197021484,41.27141436258521,40.153645014919256,40.554896764777816,843400
2024-07-25,40.07722473144531,40.33517154495163,39.179186867149795,39.83838549424289,1725600
2024-07-26,40.679100036621094,40.76507866213896,40.12499126507827,40.363830498798976,1360600
2024-07-29,40.37337875366211,40.58355842622469,40.019897740677244,40.258736952444856,770200
2024-07-30,40.06766891479492,40.52623981053478,39.83838528912376,39.95302710195934,780200
2024-07-31,41.787315368652344,42.13124081571323,41.290529308145366,41.386063547151565,2717000
2024-08-01,39.838382720947266,41.42427499979566,39.47534608524059,41.42427499979566,1713800
2024-08-02,39.34159851074219,39.60909728385927,38.84481247181228,39.46579593157403,1478700
2024-08-05,37.85123825073242,38.156952158241026,36.46597005736061,36.61883065551216,1302000
2024-08-06,37.92766571044922,38.32891381736687,37.44998731017756,37.58373667915011,1693200
2024-08-07,36.98186492919922,38.45311543800432,36.95320538824762,38.21427621168131,896500
2024-08-08,37.965885162353516,38.12829408755206,37.1060624866042,37.38311686483424,779800
2024-08-09,38.25249099731445,38.41489992035268,38.00409616344766,38.35758083899676,466100
2024-08-12,38.844810485839844,38.997667440434306,38.434006737042736,38.68240156600703,1019700
2024-08-13,38.88302993774414,38.959456601298854,38.37668825855376,38.491333720482345,565600
2024-08-14,38.73017120361328,38.930795286261315,38.35758258029622,38.8734725579058,1095200
2024-08-15,40.163204193115234,40.421150988577644,39.36070426647573,39.437130921947585,2568700
2024-08-16,40.41159439086914,40.51668422842121,39.781059009953914,40.11543609711025,1450200
2024-08-19,41.109004974365234,41.25230996270944,40.71730880320794,40.90838090620114,610400
2024-08-20,40.72686767578125,41.44338538611464,40.64088540476534,41.30963599662268,474300
2024-08-21,41.55802536010742,41.69177474368005,41.01347221590608,41.33829370932419,438400
2024-08-22,40.698204040527344,41.36695462501249,40.53579511061963,41.36695462501249,676100
2024-08-23,42.00704574584961,42.150347099964954,41.12811546747269,41.15677865381376,720900
2024-08-26,42.198116302490234,42.647135251906604,42.121689638732924,42.32231373104325,917300
2024-08-27,42.350975036621094,42.475168815256964,42.03570549608961,42.24588518977727,475600
2024-08-28,40.879722595214844,41.64400738576626,40.58356064445233,41.64400738576626,1215900
2024-08-29,40.860618591308594,41.13767299097349,40.8224034373415,40.8224034373415,402000
2024-08-30,41.40517044067383,41.61535013629677,40.75552742183705,40.96570711746,1155100
2024-09-03,38.29071044921875,40.10588656921246,38.26204726092356,39.86704731833978,4062500
2024-09-04,38.26204299926758,38.777936598347395,38.09963407607431,38.30981011524223,1685300
2024-09-05,38.05186462402344,38.73971906950383,38.004093866584185,38.73971906950383,1473500
2024-09-06,36.857669830322266,38.12829257359095,36.72391680709645,37.889453355855,1261500
2024-09-09,37.392669677734375,37.61240133442795,37.25892029056415,37.47865194725773,923400
2024-09-10,37.23025894165039,37.34490074731751,36.71436534955241,37.34490074731751,1284400
2024-09-11,37.946781158447266,37.9945482795076,36.934101427738646,37.516869780108806,1751000
2024-09-12,39.074100494384766,39.16963473109183,38.30026005722643,38.30026005722643,1079800
2024-09-13,39.50400924682617,39.77151167658327,39.16008379896296,39.16008379896296,2502700
2024-09-16,39.933921813964844,40.06767121066978,39.656867409705924,40.0485636333694,929000
2024-09-17,40.06766891479492,40.440261184206236,39.886152407438786,39.886152407438786,988100
2024-09-18,40.27784729003906,41.61534842545791,40.000792910725565,40.23963213887912,1422500
2024-09-19,41.720436096191406,41.96883094309548,41.53891958837499,41.815973977461255,3517000
2024-09-20,41.462493896484375,41.74910025819512,41.08990161742303,41.66311798524213,1992000
2024-09-23,41.739540100097656,42.24588171649794,41.54847164270593,41.54847164270593,929800
2024-09-24,44.71070098876953,44.87311355248859,43.72668457443865,43.75534411446079,7453400
2024-09-25,43.917762756347656,44.424100803600766,43.8890995679613,44.357226104695556,1410100
2024-09-26,46.239280700683594,46.77427829339377,45.69472749701916,45.713831430132146,3377400
2024-09-27,45.91445541381836,46.41124145524415,45.62784541901302,46.07686434277041,1505700
2024-09-30,45.15972137451172,45.83802390297462,44.77757715443261,45.83802390297462,3018900
2024-10-01,45.943115234375,46.06731265658458,45.06418495747272,45.51320388395527,1575800
2024-10-02,46.40168762207031,46.71695717067075,45.9431167149768,46.04820656451029,716200
2024-10-03,44.624717712402344,45.350790961275116,44.50052394552443,44.91132403931647,3085500
2024-10-04,45.62784194946289,45.9908785760528,45.41766591882427,45.92400388752271,1869100
2024-10-07,45.77115249633789,45.914457500252595,45.37945628262169,45.8284752267833,1622300
2024-10-08,43.69802474975586,44.252129838158766,43.36364765928767,44.24257787301269,2045400
2024-10-09,43.564273834228516,43.72668640474582,42.92418645095963,43.21079279636954,722800
2024-10-10,44.20436096191406,44.28078761322842,43.53561045202729,43.56426999072054,508100
2024-10-11,44.75846862792969,44.87311407815577,44.003739458126404,44.003739458126404,556100
2024-10-14,44.080169677734375,44.49097346326452,43.6311507390392,43.64070634952925,1117600
2024-10-15,43.22990417480469,43.35410160502002,42.81910037396744,43.22990417480469,2531300
2024-10-16,43.82221984863281,43.9273096904152,43.22989959287441,43.22989959287441,1332000
2024-10-17,42.99106216430664,43.42097351482921,42.8573127762324,43.2107938224854,991100
2024-10-18,43.76490020751953,43.99418381902397,43.58338006698145,43.99418381902397,736300
2024-10-21,43.2203483581543,44.061059817832394,43.086595329007984,44.061059817832394,714000
2024-10-22,43.80311584472656,43.82222342155373,43.35410054467992,43.7362411480303,608400
2024-10-23,42.962398529052734,43.182130166296,42.456056922503585,43.143915017802264,2373600
2024-10-24,42.89552307128906,43.17257378190193,42.45605616029508,43.067487592026474,1464600
2024-10-25,42.99106216430664,43.745795019179866,42.924187470269516,43.07704443441116,525700
2024-10-28,43.163021087646484,43.54516527047032,43.0006085344074,43.258555311153934,374700
2024-10-29,43.01972198486328,43.33499152542111,42.93373971420183,43.31588394922995,919000
2024-10-30,42.50382614135742,42.69489458811368,42.13123392362988,42.513378105936425,730500
2024-10-31,41.739540100097656,42.293648830845875,41.338291966298364,42.15989945291278,1453000
2024-11-01,42.25543975830078,42.73311825926877,42.20767263708353,42.217224603567885,658600
2024-11-04,42.52293395996094,43.134365436456626,42.44650730314732,42.532489569810984,1090900
2024-11-05,43.61204528808594,43.61204528808594,42.92418713266001,43.038828943765175,761400
2024-11-06,41.892398834228516,41.94016959500524,40.70775831267224,41.5580253751757,3699300
2024-11-07,44.38588333129883,44.57695545150832,43.43052637464893,43.43052637464893,1200300
2024-11-08,42.15034484863281,42.98150796457724,41.548472633580054,42.98150796457724,1009000
2024-11-11,41.35740280151367,41.749099001083394,41.05168887230791,41.63445718873061,918400
2024-11-12,40.0581169128418,40.43070553752028,39.44668905240556,40.31606372478787,2289800
2024-11-13,39.04543685913086,40.02945697901308,39.01677731732761,39.828829253197874,3484500
2024-11-14,39.53266906738281,39.70463359886817,38.9021336667356,39.01677547292673,3348700
2024-11-15,39.265167236328125,39.93391779698037,39.217400120080974,39.73329372210391,1825300
2024-11-18,40.29695129394531,40.325610832576366,39.33203885686632,39.36070203989445,1194200
2024-11-19,40.98481369018555,41.04213277348086,40.096331455133594,40.23963280776934,1055400
2024-11-20,40.63132858276367,41.013472807971226,40.56445389001196,40.63132858276367,1196600
2024-11-21,40.879722595214844,41.00391636815627,40.43070368634205,40.63132776053729,812500
2024-11-22,40.68864822387695,40.71730776305477,40.335167211227684,40.440257047409204,1120000
2024-11-25,40.574005126953125,40.91793416369142,40.3638254613026,40.71730646266273,1282300
2024-11-26,39.99124526977539,40.50713893303102,39.62820858329204,40.50713893303102,1224800
2024-11-27,40.29695129394531,40.69819941236836,40.11543480862018,40.27784372005892,1298900
2024-11-29,40.72686767578125,40.72686767578125,40.00079435511413,40.00079435511413,1278900
2024-12-02,40.44981002807617,40.75552393497352,40.04855824752512,40.43070245334543,1323700
2024-12-03,40.83195495605469,41.41471959586149,40.63132724003222,41.16632840876329,1190100
2024-12-04,40.60266876220703,41.003916915958094,40.468919377623344,40.812848449065626,873600
2024-12-05,40.84150695800781,40.98481194895273,40.41159562957038,40.48802592991361,1188400
2024-12-06,40.10588073730469,40.74597173165288,40.01989847371753,40.736416122144746,1012100
2024-12-09,41.61534881591797,42.589813313255156,41.56757805432112,41.56757805432112,2144200
2024-12-10,41.23320007324219,41.46248731284186,40.96570133070677,41.31918233254244,3971800
2024-12-11,41.261863708496094,41.39561673744138,40.78418525259798,41.03258009052754,410600
2024-12-12,39.98168182373047,40.75552216696805,39.924362746422034,40.70775505441199,1044800
2024-12-13,39.11231231689453,39.79061852279943,38.84481353644601,39.656865488177615,1070000
2024-12-16,38.43400573730469,38.969006886667586,38.367131049183975,38.892576589159816,959100
2024-12-17,37.984989166259766,38.10918658508322,37.61240055418679,38.10918658508322,1296300
2024-12-18,36.50418472290039,38.13784407781377,36.27490111750756,37.908560472420945,2304500
2024-12-19,36.59016799926758,36.98186417669117,36.34177681248077,36.80989964568595,2830500
2024-12-20,37.172935485839844,37.53597211511234,36.38954314778677,36.50418495120016,896700
2024-12-23,37.555084228515625,37.66017043511318,36.92454876694197,36.92454876694197,451900
2024-12-24,37.564632415771484,37.64106271586005,37.3066856195685,37.583739990793624,188700
2024-12-26,37.69837951660156,37.87034403700346,37.45954030986527,37.45954030986527,303500
2024-12-27,37.47865295410156,37.765259312079785,37.30668841043512,37.62195795528946,403700
2024-12-30,36.96537399291992,37.178432095940906,36.752319584206454,37.033168230132745,634100
2024-12-31,36.97506332397461,37.265594772345345,36.83948222768879,37.1687521876577,664400
2025-01-02,37.3043327331543,37.72076249091673,37.08159183621519,37.17843441947297,879400
2025-01-03,37.730445861816406,37.85634417746742,37.149382964563394,37.67234178867579,2965500
2025-01-06,38.3115119934082,38.88289210304704,38.224352190435916,38.3308812489918,2801000
2025-01-07,37.94350051879883,38.805412005266966,37.759498146799075,38.805412005266966,1214000
2025-01-08,38.19529724121094,38.23403575317054,37.44959751037385,38.030664106844384,1100200
2025-01-10,37.933815002441406,38.805412985095195,37.788551134870815,38.52456433576147,739400
2025-01-13,37.83697509765625,37.93381768287963,37.41086255064243,37.69170752551336,578600
2025-01-14,38.030662536621094,38.321193975706876,37.78855238833166,37.99192402626094,487500
2025-01-15,38.466461181640625,38.8635216733391,38.079083470287536,38.62141152732033,576100
2025-01-16,38.379302978515625,38.60204387880568,38.117823566616565,38.60204387880568,998900
2025-01-17,38.57299041748047,39.279951603846584,38.253403249972514,38.485830616733544,1366400
2025-01-21,39.06689453125,39.40584726855459,38.940996216976394,39.27995264858875,628400
2025-01-22,37.97255325317383,39.02815360529171,37.91444918426392,38.921624553213505,2593200
2025-01-23,38.20498275756836,38.28245608523547,37.49802155643266,37.92413409437113,1118300
2025-01-24,38.67951583862305,39.00878578702918,38.52456549197944,38.72794082357416,629100
2025-01-27,37.86602783203125,38.16624576264766,37.56581359572273,38.06940317563999,887100
2025-01-28,36.79105758666992,37.61423056451415,36.50052247043552,37.488332260433076,847200
2025-01-29,37.323699951171875,37.55612361602569,36.810423943863576,36.810423943863576,777500
2025-01-30,37.85634231567383,38.253402804607575,37.54644162647225,37.66265346134594,602000
2025-01-31,36.97506332397461,37.827292107595525,36.97506332397461,37.740132303653525,425100
2025-02-03,36.829795837402344,37.062223213218566,36.132521098569306,36.364944780077714,906800
2025-02-04,38.01129150390625,38.21466313232519,37.08158946458464,37.15906278737435,864200
2025-02-05,38.36961364746094,38.49551195366519,37.875710591286584,38.08876869496955,470600
2025-02-06,39.173423767089844,39.57048427300291,39.03784267155481,39.21216227847351,1066700
2025-02-07,39.870697021484375,40.64545244318751,39.75448518595196,39.977226076683934,1865400
2025-02-10,40.45176315307617,40.558292207131,40.05470266615848,40.43239389831096,1440900
2025-02-11,39.212162017822266,39.40584718483754,39.01847315649923,39.27026609020375,2662800
2025-02-12,39.57048034667969,39.86101176461402,38.95067900327113,39.02815232404349,1338100
2025-02-13,40.75197982788086,40.89724369276481,39.62858525132306,39.81259131887321,2006000
2025-02-14,40.35491943359375,41.17809618883533,40.296815359927926,41.02314583521341,1509600
2025-02-18,40.06438446044922,40.442075683307166,39.9772246633045,40.4130236490281,1357900
2025-02-19,38.863521575927734,39.560796282584874,38.76667530117838,39.560796282584874,1925800
2025-02-20,39.8222770690918,39.92880612787036,39.44458582019164,39.51237636772204,850300
2025-02-21,38.030662536621094,39.59953526313047,37.85634293430809,39.48332342635769,992700
2025-02-24,37.94350051879883,38.301822482927804,37.633599842637416,38.13718936497658,505300
2025-02-25,37.895084381103516,38.40835675307139,37.30433498241175,38.19529862388867,789300
2025-02-26,38.156558990478516,38.77636034883509,37.98223939665229,38.156558990478516,686800
2025-02-27,37.46896743774414,38.66014899453742,37.3624420694082,38.66014899453742,1307500
2025-02-28,37.01380157470703,37.11064415871215,36.5392640467433,36.858851223714176,666200
2025-03-03,36.558631896972656,38.20498162192302,36.33589100687755,37.82729038679186,546900
2025-03-04,36.529579162597656,37.05253425814306,35.619242670414884,36.50052343362301,1479100
2025-03-05,39.30900192260742,39.38647524527254,37.701390763500534,37.701390763500534,2816700
2025-03-06,38.85383605957031,39.56079725829234,38.74730700187247,38.74730700187247,1200300
2025-03-07,38.689205169677734,38.97973662929537,37.88539764728408,38.563306849263846,702200
2025-03-10,37.39149475097656,38.301827648176534,36.86853590406451,38.12750803253918,879700
2025-03-11,38.07908248901367,38.32119262879342,37.37212132417372,37.56581017485903,744100
2025-03-12,38.33088302612305,38.62141448473131,38.08877286156484,38.56330671528648,359000
2025-03-13,38.92162322998047,39.20247186785535,38.17592358509237,38.35024317451075,1750400
2025-03-14,40.015968322753906,40.151549425918304,39.55111724291541,39.70606760286158,1669000
2025-03-17,40.83913803100586,41.00377485284563,40.3355521736679,40.393656244887374,923700
2025-03-18,41.303993225097656,41.546103376020135,40.85850773972643,41.43957431852501,754200
2025-03-19,41.77852249145508,42.05937112250093,41.08124415073636,41.265250209707865,1383000
2025-03-20,41.265254974365234,41.652629001697754,40.89724650823776,41.14904313559625,779600
2025-03-21,40.42271041870117,40.60671279432567,39.99659420985439,40.37428543547219,1121600
2025-03-24,41.14904022216797,41.56546625613206,40.887560832720176,41.40083313739132,871800
2025-03-25,41.95284652709961,42.069058364778336,41.71073637692276,41.78821339824705,1395800
2025-03-26,40.75197982788086,42.049686609130404,40.490500437920765,41.981896066656404,2179200
2025-03-27,39.928802490234375,40.3549149922207,39.58984978346201,39.98691025181282,800500
2025-03-28,38.74730682373047,39.79322444616498,38.60204295015304,39.70606464429543,897600
2025-03-31,37.83697509765625,38.050033218317076,36.94601149181613,37.62391697699543,1089100
2025-04-01,38.098453521728516,38.28245590659857,37.56581192821396,37.83697411524514,678600
2025-04-02,37.86602783203125,38.01129540685065,37.575496376700336,37.71107747623424,571700
2025-04-03,35.25123596191406,36.41336161583712,35.154389694548904,36.26809775625041,3376400
2025-04-04,31.638952255249023,33.236880704109296,30.96104495154372,32.98508777657699,2291900
2025-04-07,31.290315628051758,33.07224639509072,30.15723825889119,30.341242481344608,1791900
2025-04-08,30.254085540771484,32.781714369212,29.798919102406888,32.578342720310985,1905400
2025-04-09,33.84700012207031,34.234374150214805,30.176609316627836,30.74798942537563,3890400
2025-04-10,32.36528396606445,33.256251263531375,31.571162947837312,33.256251263531375,2353800
2025-04-11,34.399009704589844,34.61206781349914,33.2756187841449,33.32404007408584,2095100
2025-04-14,35.19313430786133,35.473982990489354,34.62175416134238,34.796073778538535,1853000
2025-04-15,35.057552337646484,35.32871453799999,34.75733440560659,34.980075312226674,1757000
2025-04-16,35.057552337646484,35.41587434444332,34.68954385551822,34.980075312226674,1693800
2025-04-17,35.20281219482422,35.54176860082801,34.76701690673111,35.212498669048394,1418100
2025-04-21,35.18345260620117,35.76451555181291,34.76702280726645,35.51271889955521,871900
2025-04-22,36.1131477355957,36.55862948641225,35.822616319598275,35.822616319598275,1899700
2025-04-23,36.955692291259766,37.53675516006238,36.67484363713853,36.67484363713853,1799800
2025-04-24,38.28245544433594,38.37930172018317,37.14938172423095,37.14938172423095,1779100
2025-04-25,37.953182220458984,38.02097276054922,37.43022715323538,37.517386946823876,1427200
2025-04-28,37.85634231567383,38.166243004875405,37.498020336467185,37.95318489568396,1505200
2025-04-29,37.74980926513672,38.29213726098609,37.58517615768492,38.234029502546335,1066500
2025-04-30,36.61674118041992,36.82979560473874,35.88072424024135,36.28747122177325,2127500
2025-05-01,36.868534088134766,37.333385142169185,36.674845225376814,36.89758612454074,1393200
2025-05-02,37.65297317504883,37.84666204220589,37.17843563522943,37.60455188183653,2002700
2025-05-05,37.34307098388672,37.953185903912015,37.33338450904381,37.65297168132082,1483500
2025-05-06,38.16624069213867,38.243717706898046,37.381802542083264,37.420541049462955,2062600
2025-05-07,37.3043327331543,37.953186168458515,37.07190536130476,37.798235818661404,1094500
2025-05-08,37.604549407958984,37.84665955240072,37.39149129867181,37.59486293336904,985000
2025-05-09,37.92413330078125,38.10813568265953,37.70139240872617,37.817604244948896,787700
2025-05-12,38.99909973144531,39.493002765422276,38.75698960425306,38.91193993788381,1448400
2025-05-13,39.57048034667969,39.83195973111281,39.057208051852115,39.057208051852115,1690800
2025-05-14,39.154052734375,39.512374712641815,39.00878517043319,39.512374712641815,881900
2025-05-15,38.88289260864258,38.96036593767658,38.30182601650243,38.90225817017022,1083300
2025-05-16,38.28245544433594,38.49551355689216,37.80792162276139,38.33088042941339,843000
2025-05-19,38.66983413696289,38.698886173297865,37.92413441846709,37.99192496612055,635900
2025-05-20,38.69888687133789,38.75699463936375,38.45677671269192,38.45677671269192,728200
2025-05-21,38.91194152832031,39.57048139674414,38.737621934072386,38.737621934072386,922700
2025-05-22,38.94099426269531,39.26058142266473,38.69888412125457,38.83446520937217,1232500
2025-05-23,40.0837516784668,40.093438152272746,38.960360846952184,39.17341893899528,2269100
2025-05-27,40.122493743896484,40.45176369066564,39.96754339802322,40.16123225394172,1396600
2025-05-28,39.68669509887695,39.957857283018996,39.493006241215056,39.764172119664785,1196700
2025-05-29,39.93849182128906,40.33555231804332,39.75448574361495,40.10312494941043,886700
2025-05-30,39.80290603637695,39.909435090399285,39.2702644605729,39.72543271164737,1173900
2025-06-02,40.59702682495117,40.75198086231935,40.29681261331929,40.53892275524569,1195100
2025-06-03,40.73261260986328,40.7713474258508,40.14186325793842,40.55829300784258,751100
2025-06-04,41.24588394165039,41.35241299522673,40.91661400073607,41.04251230899061,1726900
2025-06-05,41.95284652709961,42.388645536279476,41.865686725263636,42.00126781827344,1842300
2025-06-06,41.817264556884766,42.340223356930444,41.80757808226857,42.1271652470657,819900
2025-06-09,42.185272216796875,42.41769588289839,41.943162076261714,41.943162076261714,1112500
2025-06-10,42.07874298095703,42.466116987544844,41.8172635869988,42.36927440947478,1140700
2025-06-11,41.817264556884766,42.20464226676474,41.730104756877154,41.99158415689999,1269500
2025-06-12,42.04969024658203,42.224009854968045,41.4976793847956,41.83663582079409,1187000
2025-06-13,41.536415100097656,41.826946529745264,41.03282556469828,41.187775906797505,1287800
2025-06-16,42.14653778076172,42.514546264345995,41.972218167185375,42.04000871754196,1046400
2025-06-17,41.623573303222656,42.253061121924006,41.54609998229595,42.253061121924006,817500
2025-06-18,41.65262985229492,42.03032480104565,41.5267352303525,41.604208559678,658700
2025-06-20,40.65513610839844,41.60420745690335,40.59702834221366,41.60420745690335,1335500
2025-06-23,41.17809295654297,41.22651424556625,40.19996592445796,40.29681219681208,637200
2025-06-24,41.74946975708008,41.79789104230351,41.21682823100775,41.21682823100775,1310100
2025-06-25,41.623573303222656,41.64294255703119,41.25556486947537,41.32335541065153,670000
2025-06-26,44.151206970214844,44.2480495522032,42.76633662079673,42.76633662079673,2268400
2025-06-27,43.73248291015625,43.99540409574972,43.38192132936496,43.96619186890974,1158100
2025-06-30,43.82012176513672,43.86881004638465,43.138474683632374,43.58641281459778,1913000
2025-07-01,44.23884963989258,44.45308254453488,43.88828805581533,44.06356884785395,2932400
2025-07-02,45.39764404296875,45.923486383330136,44.58940819212677,44.63809647223186,3375700
2025-07-03,45.24184036254883,45.602141815937436,44.97891918629677,45.44633337251896,935400
2025-07-07,44.14147186279297,44.45308132572285,43.82985868518527,44.30701276480293,1664500
2025-07-08,44.45308303833008,45.582668313638955,43.96619276940939,44.62836383231576,3377600
2025-07-09,43.73248291015625,44.40439013022098,43.333233046405695,44.40439013022098,2252200
2025-07-10,44.28753662109375,44.37517701453611,43.75195808991387,44.07330372275067,1100600
2025-07-11,43.975929260253906,44.00514148790472,43.53772727210178,43.878552691632535,1005700
2025-07-14,43.742218017578125,43.80064618451568,43.54746489047519,43.69352973580239,625200
2025-07-15,43.177425384521484,43.820120334168855,42.86581593709716,43.820120334168855,998800
2025-07-16,43.13847732543945,43.167693267719606,42.61263494053249,43.11900126881201,544800
2025-07-17,42.86581802368164,43.04109881072469,42.427616056074015,42.65158512514507,914400
2025-07-18,42.719749450683594,43.128739191892834,42.710013280151905,43.099523250942156,446000
2025-07-21,43.703269958496094,44.073303874591765,43.625365735311014,43.67405401746278,1137900
2025-07-22,44.89128112792969,44.959445468129985,43.96619259244621,44.38491851920687,4141400
2025-07-23,45.28079605102539,45.62161776123716,45.02761473982208,45.261319994059285,1575800
2025-07-24,44.511505126953125,45.08603576232432,44.423864734619286,45.047083651358676,592300
2025-07-25,44.03435516357422,44.151207782840494,43.64484147978291,44.083043445378685,1245100
2025-07-28,43.489036560058594,43.57667695279658,42.73922513656199,43.54746472677651,1506500
2025-07-29,43.03135681152344,43.42087047796753,42.78791169866528,43.42087047796753,978200
2025-07-30,41.7849235534668,43.196906104092406,41.346721559868776,42.89503279412976,3045900
2025-07-31,41.92124938964844,42.05757806402384,40.84035245041804,40.84035245041804,1500200
2025-08-01,41.629119873046875,41.892041075901176,41.385674727590455,41.66807198784265,965700
2025-08-04,42.310760498046875,42.427613109734935,42.0770515599932,42.184168001822904,790000
2025-08-05,42.729488372802734,42.95345743676154,42.46656719823952,42.641847981281664,1114000
2025-08-06,43.1092643737793,43.42087384522864,42.972935694354945,43.1092643737793,915400
2025-08-07,43.96619415283203,44.10252283807102,43.527992154079534,43.78117346742649,1517200
2025-08-08,45.027610778808594,45.28079206773992,44.17068292107279,44.38491581417617,2323600
2025-08-11,44.30701446533203,44.95944564254535,44.21937406835195,44.91075735859596,598100
2025-08-12,45.27105712890625,45.34895763735887,44.65757437312637,44.686786599461385,1615900
2025-08-13,46.0208625793457,46.42011241653218,45.68004090662955,45.76768129599622,3359200
2025-08-14,45.28079605102539,45.48528907715245,44.93023445499154,45.48528907715245,648300
2025-08-15,45.913753509521484,46.21562309665214,45.913753509521484,46.205886925803185,438200
2025-08-18,45.44633483886719,45.76768419176967,45.33922210257756,45.728732079658236,516900
2025-08-19,44.87180709838867,45.75794720233981,44.862067213196156,45.68004297951088,612900
2025-08-20,45.05682373046875,45.11525189716884,44.75495044120162,44.91075517105742,586900
2025-08-21,45.407386779785156,45.407386779785156,44.76469178386904,44.910756633358496,689700
2025-08-22,46.94595718383789,47.023861407165946,45.19315302041276,45.31000564072702,2015100
2025-08-25,46.95569610595703,47.345206070574356,46.89726793965944,47.033596613009394,779400
2025-08-26,47.54970169067383,47.64707825089661,47.04333540522447,47.199140130387526,662700
2025-08-27,47.20887756347656,47.27704190039159,46.83883993831088,47.27704190039159,464200
2025-08-28,47.65681838989258,47.72498273066077,47.2283562886814,47.491277480792114,655400
2025-08-29,48.504005432128906,48.64033410044417,47.77367009643058,47.958687044190214,3000400
2025-09-02,48.83509063720703,48.83509063720703,47.65681347959311,48.11449147588969,1461800
2025-09-03,49.6920166015625,49.95493777637282,49.13696202629996,49.13696202629996,1654000
2025-09-04,48.825355529785156,49.12722883353275,48.36767748870802,49.08827672053088,1618900
2025-09-05,49.72123336791992,50.1983837298275,49.331719684393995,49.6141169192164,1825200
2025-09-08,50.07179260253906,50.09126865871876,49.487525775859645,50.09126865871876,793200
2025-09-09,50.0815315246582,51.36692149037099,50.062055468853124,50.77291478968839,1142800
2025-09-10,50.43209457397461,50.67553970663754,50.169173384937295,50.33471429210268,665500
2025-09-11,51.61036682128906,51.82459972131962,50.724226709359705,50.95793566527284,979900
2025-09-12,51.999881744384766,52.21411093482462,51.70774461388673,52.068046084253524,1150400
2025-09-15,52.81785583496094,52.94444462510651,51.99988006822445,52.18489702552185,1688400
2025-09-16,52.32122802734375,52.78864224130862,52.14594723277217,52.78864224130862,1327700
2025-09-17,51.63957977294922,52.34070293585669,51.16242939849777,51.73696005372964,1671000
2025-09-18,51.29875946044922,51.52272854026784,50.95793775522045,51.357187630493286,1766200
2025-09-19,52.13621139526367,52.55493732778734,51.62984506489369,51.70774557704708,2746100
2025-09-22,52.7691650390625,53.04182611063079,52.340702947566456,52.340702947566456,1143300
2025-09-23,52.70099639892578,53.33395517111191,52.46729117342888,53.13919834007944,1741100
2025-09-24,54.47328186035156,55.36916188533098,53.53845343707752,53.62609383392683,4477900
2025-09-25,54.745941162109375,55.203615473330586,54.49275615067159,55.14519102044327,2371000
2025-09-26,55.49575424194336,55.66129514960285,54.54144605013968,54.70699067247711,1954000
2025-09-29,57.67702102661133,58.29050380785901,56.82009310999149,56.859045223173744,4713000
2025-09-30,58.2418098449707,58.27102206967013,57.46278251599489,57.93993656925869,2762700
2025-10-01,58.94293212890625,59.27401764554202,58.271024925150336,58.397617429514014,4829600
2025-10-02,59.186378479003906,60.15042282275838,58.23207402061344,59.6051043973876,3435000
2025-10-03,60.34518051147461,60.8710191734622,59.66353339890946,59.80959824930904,3716000
2025-10-06,60.053043365478516,61.11446428935169,60.03357102383937,60.52046128773206,3351200
2025-10-07,60.09199142456055,61.20210055700412,59.76090591886003,61.0365596614927,2532100
2025-10-08,62.44853973388672,62.66277262895909,61.104725341190274,61.2702662403442,3871300
2025-10-09,62.30247497558594,64.46426512599442,61.72794434093139,64.43505290014551,3313000
2025-10-10,58.87477111816406,61.77663670926784,58.67027809433722,61.71821225370475,5356700
2025-10-13,62.45827865600586,62.58486744234447,61.56240240802018,61.79610764024354,2607300
2025-10-14,60.510719299316406,61.10472599497054,59.42008618620918,60.666524029760296,2950700
2025-10-15,61.81558609008789,62.185623722567286,60.997610316262694,61.84479831657806,1346500
2025-10-16,60.97813415527344,61.766897701248936,60.520459844112395,61.766897701248936,1730600
2025-10-17,59.507728576660156,60.35491659471776,58.79686923798217,60.043307123370646,2119600
2025-10-20,60.676265716552734,60.939186903485684,59.93619043896119,60.004354778387004,2117100
2025-10-21,57.745182037353516,59.27401710215322,57.26803167975954,59.24480487629009,3268200
2025-10-22,57.492000579833984,58.10547960925714,56.82982955454236,57.74518187083243,1639200
2025-10-23,58.63132095336914,59.46877274829234,58.61184489829213,58.88450595469264,2251600
2025-10-24,59.2642822265625,59.56615180621743,58.78712814386592,59.19611788827411,1283300
2025-10-27,59.4298210144043,60.71521094020392,58.96240683362968,60.4230775415545,2048700
2025-10-28,60.218589782714844,60.36465835210998,58.43656958067758,58.43656958067758,1937100
2025-10-29,61.19236755371094,62.2051001782274,60.83206980419796,60.97813465226534,2732300
2025-10-30,60.48150634765625,60.53993079919823,59.47851363962302,60.40360212602995,2188000
2025-10-31,60.140682220458984,60.140682220458984,59.47851489603668,59.975141318022864,2105500
2025-11-03,58.63132095336914,59.42008446793864,57.67701654266153,59.410344583061296,2503200
2025-11-04,56.411102294921875,57.190125919295134,55.90473601040984,56.6058591296846,4655000
2025-11-05,57.745182037353516,57.94967504775094,57.09275089522525,57.209603513355525,2990300
2025-11-06,58.465782165527344,59.18637765597339,58.32945348974987,58.71896346130297,2183200
2025-11-07,59.274017333984375,59.274017333984375,58.04705555212325,58.436565518973524,1679500
2025-11-10,60.89049530029297,61.25079677065391,60.4230810920528,60.65679005351184,1538600
2025-11-11,60.374393463134766,60.72495505178531,59.81933885266405,60.72495505178531,1821500
2025-11-12,61.65978240966797,61.844799371725365,60.724953999254964,60.861282678105454,2355300
2025-11-13,60.12120819091797,62.21483398440464,59.54667756179456,62.136933477998234,1900100
2025-11-14,59.54668045043945,60.160159505187444,58.07626978090669,58.689752550332585,1089700
2025-11-17,58.387874603271484,59.312966769156546,57.89124821067251,58.95266904453855,1900400
2025-11-18,57.19987106323242,57.87177830452945,56.61560050522466,57.76466184982746,2049600
2025-11-19,58.28076171875,59.00136092666555,57.813347522268764,58.066532533703075,1150500
2025-11-20,55.92421340942383,59.020835641073994,55.69050445915611,58.8066027462184,2770400
2025-11-21,56.85904312133789,57.19986852706684,55.437324474842036,55.875526445249065,1966900
2025-11-24,58.43656539916992,58.553421732195424,56.85904205010327,56.91747021661602,1666800
2025-11-25,59.040313720703125,59.38113541540608,58.5047351798794,59.011097779244395,1666200
2025-11-26,60.62757110595703,60.99760872880624,59.653790625063756,59.79012301271812,1065300
2025-11-28,62.61408996582031,62.886747320799,61.7668982448316,61.981131146416494,2151200
2025-12-01,63.15940475463867,64.38637028293051,63.12045264254226,63.83131568692921,2971600
2025-12-02,62.95491027832031,63.451540409338776,61.88374950857484,63.451540409338776,1671900
2025-12-03,65.70097351074219,65.90546653040415,64.40584362352722,64.54217230330187,6293300
2025-12-04,65.43804931640625,66.02232358389232,64.92194681890203,65.47700142952905,2696600
2025-12-05,66.22681427001953,67.28823145509602,65.93467714657987,66.70396463757235,2157400
2025-12-08,65.67176055908203,66.47999274329955,65.37962343172723,66.31445183816452,1773000
2025-12-09,65.14591979980469,65.31146070903682,63.76315321206109,64.40584450705005,1583200
2025-12-10,66.66500854492188,66.88898131676517,65.13617353950745,65.65227598799022,2239300
2025-12-11,67.33692169189453,67.81407204697437,66.4118257780886,66.46051777384092,2278100
2025-12-12,66.35340118408203,68.57361948547647,65.66201793614643,68.11594147206779,2517100
2025-12-15,66.95714569091797,67.8822341448618,66.7234330342405,67.85302192011592,2007000
2025-12-16,66.53842163085938,67.15190065545903,66.03205162348834,66.50920940531016,1439800
2025-12-17,66.9474105834961,67.9017187596392,66.87924624443986,67.63879385945387,1425400
2025-12-18,67.33692169189453,67.70695559980362,66.79159957101925,67.31744192185141,1399000
2025-12-19,68.45677185058594,69.23579178988687,67.80433327185996,68.06725816625767,3456500
2025-12-22,70.64777374267578,71.12492407703604,70.05376708119753,70.62829397347855,2937000
2025-12-23,72.00133514404297,72.10845159725446,70.75489724778845,71.31968431184661,2938700
2025-12-24,71.81631469726562,72.12792417233715,70.79384216034185,72.12792417233715,1125600
2025-12-26,73.72492218017578,74.49420968148108,72.74140177605688,72.96537456427721,3002700
2025-12-29,71.0665054321289,72.18634708370725,70.11219725611525,72.18634708370725,3738400
2025-12-30,72.25446319580078,72.93216053405536,71.89568180475095,72.8125642025201,3768800
2025-12-31,71.54686737060547,72.32422450251654,71.20801490588055,72.32422450251654,2495000
2026-01-02,72.81256103515625,73.81914253867929,72.07506936499308,73.29093873693179,2286100
2026-01-05,76.39041137695312,76.6694618858864,74.68620353720539,74.79583160908004,5575100
2026-01-06,77.80559539794922,78.42349834446834,77.11792982872275,77.39698792310776,6775100
2026-01-07,75.64295196533203,76.24091843232532,74.82572935294478,76.24091843232532,3927400
2026-01-08,75.36389923095703,75.38382815106121,73.27100525288984,74.49684293708474,3123100
2026-01-09,77.27739715576172,77.80560099476364,76.22098947775788,76.7292567925204,2987700
2026-01-12,79.79882049560547,79.89848029723701,78.55305396632254,79.0015268754422,5973500
2026-01-13,79.5696029663086,81.00472856486567,79.17096372542596,81.00472856486567,3531100
2026-01-14,82.11096954345703,82.34019394903993,80.79544028575562,81.31367585849299,5410300
2026-01-15,81.76215362548828,82.60927338471498,81.02466193430271,81.5927311943541,3951300
2026-01-16,80.49645233154297,80.78547109894507,79.03143717779277,80.78547109894507,4701800
2026-01-20,81.97144317626953,82.32025630737225,80.62601675426993,81.2738169140641,5245000
2026-01-21,83.68561553955078,85.29016347497588,82.85842471996031,84.29355022830467,5752700
2026-01-22,81.9515151977539,83.34676773819817,81.3336122130171,83.21721074617294,3961800
2026-01-23,85.71871185302734,85.85823710640271,83.54609456018159,84.20385538272892,5750400
2026-01-26,87.78170013427734,92.4358823592083,87.41295048084726,90.49248949119182,16169300
2026-01-27,90.11376953125,90.13370605452681,87.45281394047856,88.39959350012126,8367300
2026-01-28,91.66849517822266,92.50564670506968,90.02408170356617,91.83791761529083,9110600
2026-01-29,93.91087341308594,99.65136047369408,90.97085965325324,99.40220715185518,18336200
2026-01-30,84.52276611328125,88.1903031259581,82.15082934884592,87.45281146030267,15178200
2026-02-02,84.91144561767578,85.4994513873565,83.34676312375716,84.47294095933772,6741900
2026-02-03,90.45262145996094,90.56224952666767,87.75180044216599,88.81817632449503,8428500
2026-02-04,86.3166732788086,91.43926472140157,84.2038504738515,91.38943101800582,8498900
2026-02-05,81.03462219238281,84.61246776971748,80.82533431903458,83.83511063912239,9581200
2026-02-06,84.3932113647461,84.70215904295434,83.37666918265575,83.51619443110823,5515900
2026-02-09,88.72847747802734,88.91783643089981,85.65890680694957,86.1970788807273,4473400
2026-02-10,87.93119049072266,88.47932321669802,86.85484635467388,88.28000360789892,2321700
2026-02-11,89.81478881835938,91.03065059625185,88.00095300768176,90.6519402985695,5597500
2026-02-12,86.85485076904297,91.25987973796606,85.80840376077317,91.25987973796606,4338000
2026-02-13,87.64217376708984,87.94115318721907,84.64236568272469,86.41633609424802,3538300
2026-02-17,84.49287414550781,84.7320592079122,81.50303425300687,84.11416382973788,4051400
2026-02-18,86.36650848388672,87.30331977485965,85.57918309858901,86.04758494229762,3317000
2026-02-19,85.82833862304688,85.82833862304688,83.52615677013789,84.16398866263013,5685700
2026-02-20,88.78826904296875,89.03742235055847,85.44961624197751,85.56921256690056,4001000
2026-02-23,90.54231262207031,90.85126790128581,88.7185085420569,89.12712362597982,4701900
2026-02-24,93.05377960205078,93.67167493558418,89.42610806952163,89.60549875425353,5832600
2026-02-25,94.73805236816406,96.91066954025115,94.42910469622713,95.64497406825141,5975500
2026-02-26,94.13011932373047,94.26964457178397,91.2100421690864,92.65513595757741,6070700
2026-02-27,95.37588500976562,96.3824665215376,94.26964369367742,95.01710363138267,5134700
2026-03-02,93.28299713134766,93.95072617291397,92.45580632272073,93.47235607884325,3727200
2026-03-03,86.72528076171875,87.59233701742369,83.11754570075502,85.55924509627651,8541200
2026-03-04,87.8614273071289,88.30990022584548,86.64555793196138,88.2301693414119,2533300
2026-03-05,82.02127838134766,85.35993144616195,80.87517155515752,84.85165652951906,6996700
2026-03-06,79.67922973632812,81.02466376476346,78.84207821988979,80.1974729066951,8377100
2026-03-09,81.96147155761719,81.97143981911358,75.92199769526772,77.19766143880175,7219900
2026-03-10,82.77869415283203,84.57260104514216,82.42988103587054,82.75876523338667,5096700
2026-03-11,82.01130676269531,82.99795176933908,80.82533454025354,81.68242255929546,3317200
2026-03-12,79.46994018554688,80.90506573045978,78.70255131162064,80.87516854886674,2832400
2026-03-13,76.13128662109375,79.72906111205992,75.8622043854051,79.47990779608473,4238600
2026-03-16,78.39360046386719,78.59292006880693,76.64952730819999,77.56640965661171,4793600
2026-03-17,77.6461410522461,78.65271494845446,77.06810354912972,77.7258643326146,2205900
2026-03-18,74.67623138427734,76.5797587444956,74.48687243298623,76.29074759212752,6505900
2026-03-19,72.1348648071289,72.79263320648072,68.3178418113758,69.3842176922642,7091900
2026-03-20,68.8460464477539,72.06510304865043,68.25804066519163,70.96882997345554,5274500
2026-03-23,73.30091094970703,73.95867177110559,71.30768435804735,71.42727308727108,8727900
2026-03-24,72.75276947021484,73.04178823396158,70.61004939661377,70.9190046839601,4286000
2026-03-25,75.38382720947266,76.11135824286063,74.36728501862643,75.3638982896174,4079300
2026-03-26,70.64990997314453,73.04178320207157,70.52035299289611,71.89567648784035,4774000
2026-03-27,71.36747741699219,72.62321227575983,70.2811649905626,70.44062676468492,4436400
2026-03-30,70.51039123535156,73.22118063792982,69.92239303588735,73.22118063792982,3301200
2026-03-31,76.09142303466797,76.15122500237906,72.45378301196419,72.4936484559196,5228000
2026-04-01,77.88533020019531,79.26065380428032,77.0681076058452,77.69597124179697,6566800
2026-04-02,76.59969329833984,77.16776253405361,73.60985361488726,73.74937885849727,3108000
2026-04-06,76.46017456054688,77.22756346569727,75.76254067958126,76.6794307058916,1368500
2026-04-07,76.4801025390625,76.63956431682374,74.6164405337034,76.32064836485732,1657000
2026-04-08,81.75218200683594,83.93476741277946,80.7456005159528,83.29693555412524,5526900
2026-04-09,81.28377532958984,82.3501512172833,80.2971303278216,81.44323710144027,4756000
2026-04-10,83.23713684082031,83.75537999843945,82.46974796962822,82.89829197923196,4014200
2026-04-13,84.58257293701172,84.79186081617146,81.96147510943867,82.12093688606858,2217200
2026-04-14,86.13728332519531,86.197077686935,85.26026640427187,85.70873932443092,2907700
2026-04-15,85.7884750366211,86.46617238751057,85.15064313031995,86.0376283626311,1902700
2026-04-16,85.91802978515625,86.6953869254382,85.27022963373601,86.20704854820701,1573700
2026-04-17,86.89471435546875,88.70855022174332,86.51599644262242,87.34318729024834,2650400
2026-04-20,85.95789337158203,86.43627108025797,85.14067080540893,85.6589063532151,1956600
2026-04-21,81.19408416748047,85.6090812492407,81.04459065655651,85.34995967054289,6985700
2026-04-22,84.61246490478516,84.87158647406173,83.73544039448151,84.07429284715943,2810500
2026-04-23,82.18072509765625,84.9114431877685,81.01468945668617,83.45638880096254,2910500
2026-04-24,82.09103393554688,82.83849385297677,81.58275906269901,82.3302189801289,2513100
2026-04-27,81.42330169677734,81.86181397183454,80.69577826249342,81.63259717609529,2401700
2026-04-28,78.42350006103516,80.14763674720788,78.10458412117018,79.98818257905329,5734700
2026-04-29,77.46675109863281,78.75237549719196,77.30728932927485,78.73244657780005,3027100
2026-04-30,79.34038543701172,79.55964157962414,77.94512529602393,78.60289372386123,3377900
2026-05-01,78.78227996826172,80.1675717689375,78.68261256103158,79.4300724939238,1542600
2026-05-04,76.39041137695312,78.34377254304216,76.2708150430291,77.77570326312626,5167800
2026-05-05,77.94512176513672,78.9018695775593,77.73583389400262,78.44342839266237,2344800
2026-05-06,83.28697204589844,83.845073053182,82.20066721335635,82.38005790906264,5764400
2026-05-07,82.3302230834961,85.39979378891664,82.17076131012345,84.85165344739302,4670400
2026-05-08,85.67884063720703,85.9578911251604,84.53273390149378,84.72209284841452,3708600
2026-05-11,87.29335021972656,88.52915611440417,86.46616700754369,86.46616700754369,6562000
2026-05-12,90.46258544921875,90.69180985265274,85.79843492408294,86.5757996812356,10519400
2026-05-13,91.5987319946289,92.4558124368139,90.02408115677385,90.29316340203857,6202700
2026-05-14,89.0772933959961,90.48252178891084,88.02088573849547,90.14366931542294,4763700
2026-05-15,82.76873779296875,84.83172702447614,82.47971902289063,84.83172702447614,7719800
2026-05-18,81.57279205322266,83.66567833343103,80.45659009234117,83.55605026890795,4496700
2026-05-19,79.1011962890625,79.92837950680695,78.07467825588277,79.79882252175196,5198700
2026-05-20,82.03123474121094,82.21062543159279,79.16099129865715,80.36689242706343,5544800
2026-05-21,82.73883056640625,83.59591858934134,80.1775347593251,80.31706000923957,2703300
2026-05-22,83.06771087646484,83.53612030931053,81.75218172212749,83.11754457919308,1968400
2026-05-26,87.21363067626953,87.24352785824267,85.90806210284694,86.16718368587404,3500300
2026-05-27,85.79843139648438,86.15721277624786,84.76196030334069,85.3997921776856,1951000
2026-05-28,88.1404800415039,88.44942772209957,84.21382132413987,85.20046633255131,3483100
2026-05-29,87.84149169921875,89.017495644419,86.59572513030136,87.49267858063303,2380100
2026-06-01,89.75498962402344,90.06394491144923,86.3166768471335,87.16379661499201,4065400
2026-06-02,93.34280395507812,93.57202075271604,90.89112858200127,91.11038472134604,4070100
2026-06-03,89.94434356689453,91.68841671085093,89.53572849488954,91.49905776494077,4311000
2026-06-04,89.9144515991211,90.44265542248512,88.89790179257952,89.39620843402572,1796100
2026-06-05,80.36688995361328,86.7651450410539,80.23733297148543,86.52595999575807,6743300
2026-06-08,81.01469421386719,82.71890200540732,80.64594456403285,82.11096729804696,3280100
2026-06-09,79.86858367919922,82.91821773120868,77.4169160447428,82.51957852187701,4314300
2026-06-10,77.18769073486328,79.97821078821056,77.15779355487581,78.96166865085938,3984500
2026-06-11,82.87836456298828,82.99795329110393,78.76234682307307,78.76234682307307,3190100
2026-06-12,85.67884063720703,86.27680705475791,83.71551135667796,83.71551135667796,4247500
2026-06-15,89.5058364868164,91.36950606275944,89.18692054049227,90.0240796518156,3534200
2026-06-16,89.48590850830078,90.34299654873196,88.52916065926142,89.06733275001281,3671600
2026-06-17,86.46617126464844,90.49248987311063,86.29674122645925,89.02746711862777,3416700
2026-06-18,85.19050598144531,87.52257739219662,85.05097312785591,87.00434183543717,4625200
2026-06-22,84.60250091552734,84.93138512349843,83.69558678259743,84.55266720999624,2181100
2026-06-23,79.21082305908203,80.5662100599154,78.74241362327116,79.66926423357306,4007200
2026-06-24,75.44361877441406,76.81894990364674,74.62639622665422,76.71929010095516,5555900
2026-06-25,76.22098541259766,77.1677649674578,74.86559077174043,76.62959289503898,5494500
2026-06-26,75.9219970703125,76.80898224729836,75.31406238448324,75.45358763006153,2484900
2026-06-29,75.73999786376953,76.05000305175781,74.04000091552734,76.02999877929688,1940400
2026-06-30,76.97000122070312,77.55000305175781,76.25,76.75,2591100
2026-07-01,75.29000091552734,77.22000122070312,75.2300033569336,75.87999725341797,4564100
2026-07-02,76.6500015258789,78.61000061035156,75.43000030517578,76.6500015258789,2635300
2026-07-06,78.4800033569336,78.62999725341797,77.4000015258789,78.33999633789062,2335800
2026-07-07,74.62999725341797,77.0,74.12999725341797,76.66000366210938,2167400
2026-07-08,73.04000091552734,73.5,71.05000305175781,72.73999786376953,2735900
2026-07-09,75.4000015258789,75.87000274658203,74.12999725341797,74.13999938964844,3997800
2026-07-10,76.54000091552734,76.80999755859375,75.23999786376953,75.66999816894531,1244400
2026-07-13,74.3499984741211,76.11000061035156,74.06999969482422,75.7300033569336,1740700
2026-07-14,78.72000122070312,79.18000030517578,77.41999816894531,77.98999786376953,5014900
2026-07-15,77.26000213623047,79.02999877929688,76.05999755859375,78.38999938964844,1485700
2026-07-16,74.68000030517578,76.12000274658203,74.22000122070312,75.77999877929688,3430300
2026-07-17,73.3499984741211,74.0999984741211,71.76000213623047,72.20999908447266,2234500
2026-07-20,73.86000061035156,74.38999938964844,73.44999694824219,73.58000183105469,1550800
2026-07-21,78.23999786376953,78.4800033569336,76.0199966430664,76.12000274658203,3561100
2026-07-22,79.98999786376953,80.44000244140625,79.19000244140625,79.25,2974800
2026-07-23,78.37000274658203,79.51000213623047,77.58000183105469,78.4800033569336,2421900
2026-07-24,77.72000122070312,78.8499984741211,77.37999725341797,78.19000244140625,2120900
2026-07-27,77.9000015258789,78.80000305175781,76.33000183105469,78.70999908447266,2225900
2026-07-28,76.5199966430664,76.95999908447266,75.0199966430664,76.29000091552734,2440000
2026-07-29,76.13999938964844,78.5,74.8499984741211,76.33000183105469,2943400
2026-07-30,79.5,79.6500015258789,77.9000015258789,78.83000183105469,3078500
2026-07-31,78.86000061035156,79.44999694824219,77.23999786376953,79.26000213623047,1574900
2026-08-03,79.36000061035156,79.55000305175781,77.63999938964844,78.33000183105469,1996600
2026-08-04,83.98999786376953,84.18000030517578,82.33000183105469,82.69000244140625,3942600
2026-08-05,86.72000122070312,87.4000015258789,86.01000213623047,86.16999816894531,3738800
2026-08-06,86.08999633789062,87.44000244140625,85.44999694824219,86.66999816894531,3171800
2026-08-07,88.02999877929688,88.55999755859375,87.12000274658203,87.94999694824219,4404400
2026-08-10,89.51000213623047,89.81999969482422,88.16999816894531,88.93000030517578,2145500
2026-08-11,88.58999633789062,89.4800033569336,87.62999725341797,89.26000213623047,1690500
2026-08-12,88.30000305175781,90.25,88.23999786376953,89.91999816894531,2021900
2026-08-13,85.5199966430664,87.12999725341797,85.0,86.76000213623047,4882800
2026-08-14,85.69999694824219,86.58000183105469,85.47000122070312,85.47000122070312,1626500
2026-08-17,87.33999633789062,87.58000183105469,86.22000122070312,86.3499984741211,2302900
2026-08-18,85.56999969482422,87.05999755859375,84.93000030517578,86.41999816894531,3183900
2026-08-19,88.27999877929688,89.06999969482422,87.29000091552734,88.11000061035156,3437400
2026-08-20,89.93000030517578,89.95999908447266,87.19999694824219,87.23999786376953,2541800
2026-08-21,94.58999633789062,94.8499984741211,92.83000183105469,93.08999633789062,5556400
2026-08-24,94.52999877929688,96.08999633789062,93.56999969482422,95.58000183105469,4030200
2026-08-25,96.31999969482422,96.33999633789062,93.62999725341797,93.93000030517578,3035100
2026-08-26,95.54000091552734,97.1500015258789,95.30999755859375,96.37999725341797,3252000
2026-08-27,96.44999694824219,96.5,94.75,95.06999969482422,2142700
2026-08-28,94.41999816894531,97.58999633789062,93.83000183105469,97.11000061035156,2591200
2026-08-31,92.86000061035156,94.6500015258789,92.27999877929688,94.4000015258789,2752600
2026-09-01,89.23999786376953,92.44000244140625,89.1500015258789,91.19999694824219,5080700
2026-09-02,89.9000015258789,91.30000305175781,89.05000305175781,90.23999786376953,3660400
2026-09-03,91.25,92.37999725341797,90.0999984741211,92.0,3371000
2026-09-04,90.66000366210938,91.18000030517578,89.76000213623047,90.05000305175781,1357900
2026-09-08,94.37999725341797,95.80999755859375,93.5199966430664,93.86000061035156,4478900
2026-09-09,95.2699966430664,96.5,94.19999694824219,95.66999816894531,2935900
2026-09-10,88.61000061035156,89.69999694824219,88.19999694824219,89.66000366210938,5834700
2026-09-11,88.52999877929688,90.05000305175781,87.98999786376953,89.66999816894531,3050900
